"FSC-A","FSC-H","FSC-W","SSC-A","SSC-B-A","SSC-B-H","SSC-B-W","SSC-H","SSC-W","Comp-Alexa Fluor 647-A","Comp-BV650-A","Comp-Cell Trace Violet-A","Comp-FITC-A","Comp-PE-A","Comp-PE-Cy7-A","Comp-Viability eFluor780-A","Time"
1.40777e+06,1.16972e+06,722109,113886,156999,142800,659662,106055,644302,2190.64,-7985.07,2.18607e+06,27884.8,2009.16,3858.67,7151.83,0.0274
1.41541e+06,1.08302e+06,784149,135444,186293,148339,753516,117502,691620,2507.46,-7164.63,2.09944e+06,21823.8,1978.38,2645.29,7742.65,0.0931
1.30805e+06,1.05025e+06,747275,142389,240071,205871,699675,130531,654504,1577.26,-4718.72,1.8804e+06,22591.7,2694.82,3005.11,6665.89,0.1129
1.3468e+06,1.07347e+06,752776,150683,228512,198554,690527,141584,638558,2187.21,-5934.21,1.89563e+06,25665.9,2911.27,4368.26,6292.93,0.2142
1.38634e+06,1.10826e+06,750550,156964,216578,188379,689816,146671,642108,2279.73,-6469.26,2.14158e+06,29747.9,3378.34,3840.88,7757.14,0.2642
1.53063e+06,1.28189e+06,716429,105041,144362,132143,655481,99174,635495,2528.75,-6017.15,2.00268e+06,18149.7,2296.76,3549.2,6563.92,0.3158
1.39319e+06,1.18844e+06,703368,168604,279523,262145,639776,157070,644061,3527.2,-8252.29,2.29861e+06,20439.6,2137.35,3343.23,7409.81,0.3169
1.50285e+06,1.23881e+06,727886,261176,420714,408396,618097,255732,612772,2079.4,-5577.23,1.97287e+06,19894.1,2637.31,3623.73,6629.65,0.375
1.16328e+06,918682,759749,333018,580542,466141,747253,272971,731985,2101.36,-3716.25,2.00554e+06,26216.4,3187.59,4122.81,7456.19,0.4268
1.51862e+06,1.27171e+06,716492,119220,180419,157535,687159,108823,657325,2705.28,-5763.27,1.93187e+06,21192,3205.61,3607.34,6269.23,0.4946
2.00284e+06,1.56817e+06,766310,174249,223545,183310,731697,153201,682434,3609.59,-8387.61,2.91091e+06,35413.7,2679.03,3987.75,10682,0.5066
1.37552e+06,1.10621e+06,746071,248057,388856,357360,652881,230757,644983,3461.62,-2521.15,2.03168e+06,29276.2,4736.02,3537.17,6815.15,0.5385
1.53489e+06,1.25297e+06,734999,122904,188320,159488,708469,111995,658443,3001.55,-7950.59,2.35624e+06,21729.1,2544.46,3148.84,7406.67,0.5784
1.43709e+06,1.18076e+06,730256,116280,163405,139090,704887,107048,651742,2734.3,-5399.04,1.63696e+06,19203.7,4628.35,2718.82,5219.8,0.6329
1.52319e+06,1.27388e+06,717425,105120,151682,134937,674457,98522,640184,2404.41,-4732.39,1.82377e+06,20884.9,2111.39,3027.75,6540.06,0.7268
1.25319e+06,991121,758647,161940,222272,189352,704312,147009,660938,2129.52,-5804.45,2.15671e+06,21294.8,1691.78,3058.78,7661.92,0.7429
1.40658e+06,1.14274e+06,738531,170812,244962,204728,717914,154352,663982,3971.11,-6241.14,1.98745e+06,27778.5,3311.57,3507.28,6720.33,0.7982
1.3037e+06,1.01324e+06,772001,139983,222198,191444,696387,127684,657792,2359.82,-6922.33,2.09576e+06,23133.2,3638.61,3862.08,6991.89,0.8009
1.47524e+06,1.14514e+06,772958,124713,176715,137160,773033,108730,688198,3369.58,-6441.33,2.3158e+06,20799,2745.18,3098.65,7603.51,1.2693
1.26154e+06,1.01357e+06,746792,99362.3,148596,122386,728494,87523,681162,2450.65,-3974.77,1.70482e+06,22515.2,2053.92,4264.31,5981.79,1.358
1.41947e+06,1.13561e+06,749977,186813,264162,214475,739000,165886,675690,2049.22,-6782.29,2.27535e+06,21801.2,3160.55,3953.55,7697.21,1.3642
1.35328e+06,1.09006e+06,744887,160288,205994,178141,693811,149879,641669,2673.84,-7993.63,2.31376e+06,19290.6,1667.39,3716.45,7780.96,1.5045
1.26653e+06,983269,772846,136190,198408,160067,743719,118794,687863,4248.23,-7969.49,2.27598e+06,23174.2,6720.11,2748.88,7980.54,1.5787
1.24008e+06,1.026e+06,725193,150361,198111,172527,688972,137900,654219,3014.53,-6940.98,2.13837e+06,27593.5,2486.15,3492.55,6621.4,1.5916
1.49776e+06,1.17683e+06,763625,176650,314887,239482,788919,147525,718454,1897.06,-4817.73,1.99892e+06,24565.2,996.609,7797.41,6965.75,1.596
1.41679e+06,1.17879e+06,721141,150634,206564,178906,692756,136125,663950,1491.92,-6439.03,2.11628e+06,22632.5,685.601,3502.45,7258.48,1.6909
1.211e+06,1.00058e+06,726181,149138,195917,169323,694235,135211,661803,1599.41,-5181.69,1.83269e+06,24255.8,1934.64,2453.29,5890.63,1.6927
1.39879e+06,1.1859e+06,707712,113485,125404,112094,671246,108489,627631,1692.34,-5301.21,1.83498e+06,15162.4,-8.53711,3042.79,5569.42,1.7008
1.47052e+06,1.12316e+06,785565,158605,238051,196338,727474,141705,671559,3663.01,-8131.85,2.60459e+06,28613.6,618.825,4429.09,8779.64,1.7324
1.04831e+06,853587,736874,169923,187400,161924,694399,157479,647410,2517.05,-7045.64,2.28006e+06,19298.8,2876.79,2962.82,6779.13,1.8612
1.34643e+06,1.0953e+06,737572,114270,172762,150695,687859,106821,641838,2048.02,-5649.36,1.69479e+06,23610.8,1708.8,3491.32,5574.56,1.8627
1.488e+06,1.21534e+06,734609,140810,220747,199250,664733,134527,628021,2013.5,-7267.4,2.23724e+06,22583.9,1754.4,2799.47,7649.17,1.9113
1.59621e+06,1.26127e+06,759336,244049,477370,358276,799446,203493,719581,2117.34,-3464.22,1.50223e+06,31546.7,6244.28,4925.38,4896.08,1.9659
1.45665e+06,1.14679e+06,762117,114745,166996,138119,725443,106940,643792,1726.5,-5555.99,1.96364e+06,21354.4,2366.33,3022.2,6830.83,1.9677
1.29746e+06,1.03465e+06,752406,128004,177697,156266,682285,123619,621284,1737.33,-4393.11,1.59969e+06,19865,1499.16,2797.04,4987.57,1.9739
982634,764963,770730,109938,145453,112506,775710,92582,712482,1370.42,-2891.55,1.24831e+06,7185.87,3050.8,1576.66,4748.78,2.0662
1.27947e+06,1.03241e+06,743584,193250,222412,186405,715900,178403,649932,2139.93,-5929.5,2.02651e+06,20296.5,2830.12,3462.54,6093.82,2.131
1.28247e+06,1.09767e+06,701011,129539,187363,170902,657790,121952,637327,2353.96,-4543.99,1.73626e+06,20808.8,1934.49,2507.85,5066.63,2.1465
1.48984e+06,1.22521e+06,729593,117562,145760,127308,686964,110029,641081,3234.01,-5947.03,1.95947e+06,22627.5,311.421,3014.48,6739.24,2.1848
1.33276e+06,1.0592e+06,754962,151168,229081,191718,716932,139084,652131,2714.85,-5972.05,1.84083e+06,27205.9,822.944,2723.87,6089.26,2.2078
1.36051e+06,1.07752e+06,757575,142681,198611,171371,695373,130217,657429,2335.78,-6293.84,2.10022e+06,30552.1,3203.4,3163.86,7311.16,2.2129
1.47332e+06,1.23915e+06,713384,147292,248249,230768,645451,137901,640860,3162.87,-5849.37,2.08845e+06,27188.8,994.514,3339.13,7407.45,2.264
1.70329e+06,1.31732e+06,775799,209951,271620,221181,736827,179560,701553,3044.69,-6945.08,2.33052e+06,22879.8,2202.74,3333.46,7500.93,2.3861
1.54519e+06,1.31519e+06,704926,118643,148490,130872,680773,110616,643540,1478.27,-6378.24,2.35921e+06,19453.4,1875.7,3048.08,8261.79,2.4113
1.32327e+06,1.08644e+06,730792,149930,244909,223533,657377,140509,640230,1741.05,-5622.42,2.00852e+06,27092.1,400.564,4856.81,6237.82,2.4451
1.39333e+06,1.08873e+06,767865,106266,143433,116759,737071,96937,657740,2707.68,-4945.68,1.89571e+06,23747.3,3472.15,3514.57,6333.39,2.4829
1.52298e+06,1.27175e+06,718527,118214,166214,141927,702675,106299,667255,2840.28,-6379.33,2.08225e+06,19449.9,1684.07,2543.36,7740.6,2.5261
1.11252e+06,894280,746427,115761,134188,114911,700652,107831,644123,2049.55,-5635.13,1.81101e+06,17660.1,968.103,2463.54,5413.72,2.5653
1.48692e+06,1.24274e+06,717889,115599,185779,166221,670596,107013,648140,2266.79,-6566.27,2.09432e+06,21073.9,2434.99,3041.94,7126.22,2.6126
1.3379e+06,1.05703e+06,759429,208955,439152,318893,826269,166594,752566,2147.07,-5911.79,1.86104e+06,24563.9,2911.66,3790.16,6388.39,2.6406
1.15037e+06,912769,756182,129745,176775,151171,701624,119449,651718,1186.98,-4538.24,1.57776e+06,20003.4,1097.92,3344.87,4793.8,2.6833
1.47487e+06,1.15654e+06,765148,116098,150888,126093,717983,108663,641053,2046.97,-6344.52,1.93662e+06,18780.7,613.932,2839.76,6308.04,2.7491
1.23361e+06,938123,788989,189071,228627,183454,747742,170110,666877,1856.81,-6118.73,1.98242e+06,21810.4,800.917,3188.79,6321.25,2.7734
1.48571e+06,1.15321e+06,772996,141614,184191,150223,735672,131174,647752,3347.22,-7190.17,2.24542e+06,19743.9,2230.81,2505.35,7330.73,2.7937
1.85048e+06,1.39118e+06,798091,147262,196149,162185,725648,133857,660088,2792.49,-6474.92,2.21894e+06,26517.8,2510.71,4033.77,7343.62,2.8087
1.44015e+06,1.16455e+06,741994,133480,194409,156762,744091,118096,678160,3169.5,-5322.94,2.06529e+06,20286.5,789.19,3178.8,7138.6,2.926
1.37611e+06,1.08454e+06,761307,161510,235074,201962,698372,147881,655295,1469.05,-6688.16,2.08523e+06,21479.4,2008.81,2660.05,7468.85,2.9557
1.26243e+06,981117,772036,170246,244802,201994,727157,157626,648038,1684.22,-5227.68,1.85673e+06,21953.1,381.262,3652.82,5599.18,3.0718
1.32499e+06,1.02645e+06,774506,189174,239502,197726,726769,170244,666715,2465.21,-6456.03,2.20831e+06,26540.6,1284.68,3771.48,7435.23,3.1736
1.46959e+06,1.20354e+06,732630,135058,179720,158131,681914,126906,638542,2160.73,-6398.87,1.90053e+06,19942.7,788.721,2909.12,6419.54,3.2071
1.38863e+06,1.1587e+06,719065,164389,256354,189446,811906,131722,748801,2417.21,-5883.24,1.92305e+06,20175.7,2032.33,2465.58,6550.24,3.2124
1.3115e+06,1.04775e+06,751041,153151,252439,215771,701964,139191,660176,2033.11,-5454.79,1.98018e+06,24490.1,2717.02,3098.34,6844.85,3.2317
1.35311e+06,1.06385e+06,763141,200695,317911,245351,777445,170754,705206,2534.49,-3228.72,1.82414e+06,27394.5,3276.58,4523.38,6967.29,3.2881
1.48273e+06,1.16461e+06,763892,129084,145269,116991,745024,119229,649593,2701.37,-6865.41,2.1237e+06,17272.3,911.318,2877.98,7027.04,3.3246
1.28814e+06,1.01035e+06,764965,163543,266703,232120,689393,152982,641421,1900.91,-4304.15,1.69662e+06,22547.9,1474.79,3299.14,5363.21,3.3412
1.42835e+06,1.17159e+06,731493,123583,151528,131069,693654,116101,638665,3390.76,-5153.5,1.70288e+06,19131.4,1443.33,3444.62,5199.87,3.3499
1.23596e+06,987932,750635,170289,202538,162729,746779,151377,674959,2745.5,-5605.41,2.03159e+06,19318.8,5788.62,3280.76,7038.41,3.3536
1.50865e+06,1.24270e+06,728404,157705,213353,183359,698149,144179,656288,2289.01,-6224.78,2.27447e+06,19102.9,3098.89,5243.73,7277.19,3.4785
1.41126e+06,1.1751e+06,720581,101401,129480,115122,674833,95032,640210,2923.23,-6610.39,1.88649e+06,17462.8,1446.28,2669.24,6190.92,3.5166
1.31953e+06,1.10186e+06,718526,128959,205620,175781,701851,117635,657758,1853.3,-6202.32,1.6979e+06,22761.6,1658.21,2771.52,6432.94,3.5679
1.54124e+06,1.24302e+06,743949,127357,193742,170340,682432,119350,640251,2002.21,-7583.47,2.3128e+06,21768.5,-1403.39,2954.13,7731.35,3.5931
1.28738e+06,1.05165e+06,734490,327966,504275,494891,611378,324328,606731,1447.62,-5137.48,1.99777e+06,23010.6,2188.82,3289.3,7464.2,3.5976
1.22289e+06,961910,762789,164068,182903,153248,716104,153574,641000,2637.92,-7273.23,2.08015e+06,26982.8,3161.69,3077.23,7066.03,3.6041
1.21348e+06,933821,779685,178513,323600,273341,710322,157136,681624,2031.75,-5484.84,1.89245e+06,23590.2,2228.98,3681.03,6425.4,3.6391
1.46172e+06,1.16069e+06,755610,107259,170895,144760,708324,99279,648226,1840.97,-6386.96,1.88774e+06,17028.6,3235.51,2895.02,5644.64,3.6725
1.53125e+06,1.24481e+06,738064,111892,152009,129869,702287,105190,638227,2377.95,-5510.84,1.85065e+06,16923.1,691.121,2864.21,5351.99,3.6945
1.17706e+06,985809,716400,187168,193768,174025,668069,180565,621942,1354.65,-5181.76,1.76607e+06,18343.2,1909.31,3234.42,6158.83,3.7726
1.5009e+06,1.26607e+06,711288,106444,154882,138923,668925,99010,645048,2100.62,-4359.42,2.12929e+06,18194.3,1793.29,3054.08,6943.28,3.8209
1.45818e+06,1.15193e+06,759512,124355,174523,145587,719252,113280,658662,2617.82,-6409.34,2.13156e+06,20669.8,876.086,4041.53,7075.81,3.8487
1.34602e+06,1.07822e+06,749024,215554,336723,257955,783214,182417,708993,2070.94,-6838.66,2.28039e+06,26707.5,1443.81,3882.11,7363.73,3.8875
1.2642e+06,1.0152e+06,747162,176398,200429,167696,717116,163153,648707,1671.84,-5382.53,1.96068e+06,21533.8,3239.71,3294.19,7074.71,3.9523
1.37591e+06,1.10935e+06,744168,132957,207662,177738,701016,120586,661555,2539.87,-5523.84,1.96935e+06,20055.1,1658.52,3426.07,6883.09,3.9526
1.67213e+06,1.27868e+06,784621,194591,404782,342213,709701,167344,697692,2950.46,-6064.03,1.75717e+06,35491.1,7025.63,4581.21,6267.46,3.9817
1.25564e+06,1.00644e+06,748560,190969,270666,186236,872009,161363,710086,3110.73,-4986.12,1.86014e+06,28789.7,4115.77,3348.36,6777.31,4.0231
1.34541e+06,1.06429e+06,758481,134372,146407,121535,722788,127335,633157,2091.58,-5687.25,1.86896e+06,22439.1,1936.2,3042.78,6019.44,4.0498
1.50656e+06,1.16844e+06,773629,191852,299488,225296,797586,156456,735740,3446.73,-7082.5,2.63316e+06,24679.6,2204.82,3711.12,8245.73,4.0509
1.37386e+06,1.17089e+06,704004,125519,191095,169699,675648,116008,649192,2469.5,-4862.73,1.84844e+06,27083.6,2964.64,2753.35,5831.77,4.1031
1.3804e+06,1.13261e+06,731267,121008,132421,109348,726601,109521,662928,2657.17,-6468.25,1.99357e+06,16047.3,3200.64,3158.74,6451.81,4.1151
1.46707e+06,1.16312e+06,756792,129265,168701,138333,731715,118063,656929,3602.23,-6983.87,2.17118e+06,24358.7,986.696,3420.02,7308,4.126
1.4775e+06,1.23252e+06,719257,121934,185182,167947,661573,116547,627733,2147.09,-6845.3,2.29051e+06,19305.8,3150.15,3188.61,7897.95,4.155
1.22436e+06,1.00231e+06,732926,177292,214330,179469,716546,161318,659412,2606.57,-7546.97,2.19443e+06,18434.7,1805.83,2920.95,6958,4.2423
1.36706e+06,1.06468e+06,770405,137976,171182,140255,732304,127150,651085,2321.82,-6691.94,2.21164e+06,22277.5,2453.15,3332.61,7248.68,4.2794
1.29831e+06,1.01225e+06,769556,156661,216014,178047,727946,143680,654209,2443.14,-3042.4,1.22567e+06,22277.4,1410.44,2522.52,4136.82,4.3576
954663,760632,753055,241103,302926,214154,848714,193306,748355,2025.55,-4964.37,1.91573e+06,18906.5,2690.01,3089.75,6167.28,4.4633
1.54452e+06,1.2092e+06,766381,108304,171606,137519,748721,92668,701239,2516.71,-5386.1,1.80362e+06,24202.6,2932.01,3576.41,5687.93,4.4925
1.4756e+06,1.20521e+06,734613,141418,197166,169078,699676,129274,656362,3338.29,-6799,2.31262e+06,19773.3,2012.82,3352.14,7629.31,4.5035
1.33633e+06,1.07662e+06,744738,201938,292723,262493,669100,190025,637614,2180.96,-5812.59,2.23988e+06,23220,297.13,3271.07,8588.16,4.5111
1.36386e+06,1.06899e+06,765507,139954,176312,141993,745019,126707,662727,2413.87,-5338.03,1.84442e+06,24337.3,1385.48,3238.77,6046.7,4.5634
1.45272e+06,1.19353e+06,730294,129735,152464,127706,716322,119031,653956,2547.06,-5856.71,2.05784e+06,23582.4,4237.07,3033.64,7135.89,4.5899
1.37977e+06,1.09364e+06,756977,159776,252232,211391,715920,145872,657192,1413.67,-2940.09,1.78552e+06,23603.7,5759.97,3460.92,6542,4.5975
1.43621e+06,1.14677e+06,751438,124821,194376,167875,694718,114810,652316,1576.29,-5146.76,1.96929e+06,23406.3,872.29,2895.36,6422.22,4.6122
1.18426e+06,901775,787949,194420,281979,237052,713715,177167,658428,2388.11,-4116.06,1.76415e+06,32208.8,4320.53,3423.97,6144.19,4.6786
1.31366e+06,1.0939e+06,720538,140551,227845,193320,707153,128861,654429,2807.87,-3238.8,1.72755e+06,23171.6,1990.32,2922.83,5938.58,4.7112
1.45555e+06,1.10976e+06,786953,116288,177773,145492,733125,106093,657659,3795.37,-2672.47,1.12516e+06,20133.8,921.341,2470.41,3721.95,4.7477
1.32043e+06,1.09137e+06,725930,151585,235333,209517,673930,140846,645746,2482.23,-5063.9,1.77335e+06,25349.8,2843.57,2596.71,5493.12,4.8019
1.54211e+06,1.20208e+06,769719,125056,156098,130656,716837,115041,652234,4659.44,-7268.37,2.24966e+06,19263.6,3484.7,3271.6,7281.5,4.8072
1.088e+06,897252,727555,205641,261542,228142,687840,190247,648548,2095.49,-6571.74,2.0187e+06,21197.7,1510.74,3878.72,6793.69,4.8761
1.55755e+06,1.2147e+06,769351,133686,158625,135040,704790,126538,633895,1257.49,-5883.08,1.95357e+06,17389.1,1244.2,3369.11,6148.29,4.9907
1.46051e+06,1.18876e+06,737156,123864,173835,152347,684626,115893,641269,2142.17,-5323.16,2.00401e+06,25157.2,2411.47,2521.64,6106.52,5.0125
883533,639089,829493,158212,279479,193699,865711,125328,757430,1748.75,-3317.02,1.38182e+06,22145.4,4023.62,3955.28,4342.02,5.0396
1.03344e+06,775465,799600,92495.1,89916.4,76639,703948,84370,657782,2872.2,-6459.16,2.16778e+06,20707.3,2754.54,3168.15,6335.11,5.0406
1.4735e+06,1.15538e+06,765206,142310,171076,140708,729492,129468,659512,2661.92,-7628.21,2.38766e+06,24254.4,1419.88,4166.44,7334.29,5.1903
1.41805e+06,1.15697e+06,735394,123739,122994,107376,687272,120091,618227,3426.9,-5316.06,1.82145e+06,20240.7,3378.41,1907.42,6702.02,5.2277
1.44863e+06,1.11283e+06,781049,159675,214752,173837,741220,144992,660762,2856.72,-5474.68,2.00929e+06,25311.3,2231.03,1941.69,6765.52,5.2692
1.56316e+06,1.1833e+06,792613,124681,147703,120714,734146,112620,664258,1479.36,-5552.78,1.8505e+06,18992.8,992.026,2605.08,5556.87,5.361
1.47145e+06,1.26537e+06,697718,119219,174640,157001,667408,108158,661361,2095.42,-2430.93,1.95532e+06,24255.5,2203.89,3190.04,6854.28,5.4609
1.40478e+06,1.13464e+06,742853,121184,127626,108970,702723,113486,640699,2622.1,-7081.18,2.35328e+06,22062.9,1733.39,3132.1,6954.43,5.4971
1.49664e+06,1.25345e+06,716410,118600,151770,137810,660780,112853,630557,2372.88,-7201.73,2.81509e+06,20899.3,3609.29,3796.75,8816.38,5.5082
1.55756e+06,1.15548e+06,808784,231783,304768,237241,770781,200910,692201,4141.56,-7726.51,2.84437e+06,30957.9,2512.24,4173.57,8585.77,5.5281
1.15108e+06,929553,742990,134436,147504,120399,735076,119686,673946,2024.49,-5032.05,2.31939e+06,19021.5,1518.22,4164.94,7000.43,5.5335
1.51278e+06,1.21570e+06,746619,148672,215318,180424,716038,132642,672511,2628.34,-6523.36,1.98048e+06,26006.6,2327.08,2904.27,7153.46,5.5574
1.17517e+06,922063,764698,168904,197897,161319,736046,154100,657641,2448.87,-6097.62,1.98433e+06,21061.6,1924.93,3035.51,6641.92,5.6584
1.69636e+06,1.31168e+06,775967,133732,197253,164561,719197,121180,662148,1998.28,-6532.48,2.14409e+06,19168.9,2732.26,3064.62,6753.69,5.7706
1.17124e+06,940335,747332,193127,215479,165794,779808,160360,722602,1457.67,-5615.35,1.81837e+06,18068.2,3847.18,2355.8,5484.62,5.7802
1.40244e+06,1.11968e+06,751526,131580,205863,176329,700497,121855,647885,3083.77,-5637,1.67004e+06,25588,4135.98,3824.89,5581.09,5.8124
1.47265e+06,1.18082e+06,748282,191019,220550,158119,836903,154432,742146,2377.17,-6901.21,2.22016e+06,19503.5,644.743,3281.15,7624.08,5.8192
1.27151e+06,1.03939e+06,733995,175490,204447,168487,728058,160268,656985,1723.84,-4925.6,1.7926e+06,17111.5,2701.77,3226.94,5705.88,5.8829
1.37853e+06,1.08139e+06,764863,150964,206734,163029,760850,128316,705901,2809.59,-5792.9,2.04599e+06,23284.2,2937.17,10873.4,6547.14,5.9222
1.31411e+06,1.03016e+06,765382,276927,605340,574407,632311,262328,633392,3573.06,-6998.65,2.28619e+06,34310.4,2478.51,3537.26,8486.68,5.9525
1.30372e+06,1.01386e+06,771535,346513,1.0464e+06,918683,683415,318636,652493,1509.97,-5102.82,1.95315e+06,26535.6,6244.92,3333.75,7575.38,6.007
1.17111e+06,939201,748153,165351,193345,162552,713660,153860,644811,2556.87,-5914.5,1.97674e+06,24074.9,1239.26,3370.76,6421,6.0096
1.47579e+06,1.15847e+06,764349,207647,232829,150303,929438,148960,836387,3975.29,-4176.04,2.0221e+06,32988,5894.33,4792.77,6911.43,6.0417
1.32629e+06,1.0586e+06,751723,232246,305459,266644,687340,222862,625263,3216.28,-5846.76,1.95796e+06,26182.5,2442.06,3837.61,6437,6.1713
1.42643e+06,1.17243e+06,729984,109323,149358,131335,682339,102892,637503,2247.98,-4885.73,1.45271e+06,21120.3,1987.62,2299.33,5158.04,6.2407
1.51851e+06,1.28002e+06,711789,97293.2,142046,128551,662985,92377,631931,1832.49,-5539.68,1.94055e+06,18286.9,3764.06,3407.27,6497.74,6.2654
1.44154e+06,1.19534e+06,723578,142740,198404,169261,703306,130290,657332,4131.57,-6357.61,2.06048e+06,22472.3,2014.24,2928.82,6930.15,6.2782
1.69762e+06,1.28098e+06,795149,173344,231605,181692,764829,152842,680482,2312.96,-3857.87,1.79247e+06,21724.9,1513.67,3308.3,5155.83,6.3378
1.36999e+06,1.16943e+06,702897,135528,170930,150629,680866,128777,631454,2297.08,-5643.44,2.01888e+06,19759.1,2068.57,2896.54,6648.32,6.3661
1.4336e+06,1.19799e+06,718000,218273,490554,457690,643082,202934,645352,1461.81,-5473.67,1.5961e+06,32737.3,7329.27,3939.63,5931.88,6.4103
1.38831e+06,1.16964e+06,712174,121008,121052,105527,688273,113078,642076,1452.16,-5991.51,2.03601e+06,16485.3,3766.77,2310.36,6487.27,6.4111
1.29206e+06,977120,793386,188108,417587,321552,779197,164591,685730,1542.22,-2878.12,1.48154e+06,24365,453.078,3338.07,4529.26,6.433
1.60215e+06,1.24201e+06,773982,215580,440591,388697,680105,199165,649451,4443.28,-7070.75,2.67251e+06,30449.2,3847.06,3405.42,9061.15,6.4892
1.41507e+06,1.13496e+06,748076,185121,305376,259684,705570,166434,667367,3549.51,-6136.05,2.04637e+06,30542.6,3865.57,3675.61,7041.26,6.5321
1.50116e+06,1.22409e+06,735812,150783,228592,203872,672750,144181,627472,2897.77,-4847.41,1.81908e+06,22159.3,1480.66,1735.53,5670.37,6.5367
1.49193e+06,1.14263e+06,783418,164360,207360,160630,774550,143566,686903,3336.05,-6088.14,2.347e+06,20645,2055.5,3886.69,7115.18,6.5798
1.42247e+06,1.12212e+06,760599,134588,176250,149016,709656,126121,640280,2056.1,-6431.2,2.03813e+06,18333.5,1487.24,1825.8,6503.79,6.6311
1.29853e+06,1.0104e+06,771093,186759,253849,210946,722030,172080,651182,2013.51,-6272.13,2.02702e+06,20760.9,2616.61,3666.75,6359.91,6.6617
1.35813e+06,1.03693e+06,785856,175973,243841,200369,730176,163245,646782,1513.94,-3381.13,2.08252e+06,23293.2,2271.42,3248.32,6774.68,6.7401
1.43903e+06,1.1327e+06,762267,108343,172688,144901,715057,99808,651306,1518.23,-4966.75,1.95242e+06,18961.5,2301.34,3159.22,5974.42,6.843
1.25823e+06,987966,764132,152561,246495,181836,813353,127327,718908,2681.58,-6277.86,2.11136e+06,28089.7,3400.08,4517.34,6998.99,6.8635
1.41555e+06,1.16828e+06,726991,160512,193276,172551,672067,150352,640546,2649.24,-6763.54,2.2329e+06,20858,4421.71,3459.52,6883.97,6.8706
1.45263e+06,1.1572e+06,753176,124254,158830,134419,708960,116913,637673,2355.45,-5497.77,1.75237e+06,19035.8,274.881,3742.05,5516.59,6.9067
1.3095e+06,1.06674e+06,736540,162180,229240,192162,715770,146556,663964,2160.23,-4609.97,1.74339e+06,28008.6,987.388,2832.65,6108.07,6.941
1.4423e+06,1.14616e+06,755028,164384,182700,153151,715762,148341,664889,2581.18,-7131.06,2.22902e+06,18050.4,1641.9,2072.76,7874.01,6.9423
1.53818e+06,1.27619e+06,723173,170338,257960,230445,671640,157385,649380,2754.78,-7239.45,2.43579e+06,22887.8,2297.82,3711.01,7772.17,6.9957
1.44856e+06,1.22466e+06,709696,169713,231265,211271,656783,157915,644826,2467.02,-7026.94,2.10075e+06,20258,2214.01,2766.27,7120.07,7.0992
1.2209e+06,976140,750444,240982,452182,355234,763747,186409,775656,3325.69,-7128.93,2.34855e+06,40334.7,2333.06,4784.45,7606.12,7.1292
1.52687e+06,1.18363e+06,773996,119324,150141,126368,712876,110955,645254,2096.99,-4837.75,2.29273e+06,18286.2,1679.2,3592.57,7114.05,7.2305
1.51768e+06,1.22926e+06,740775,101673,149762,126833,708469,93385,653252,2358.34,-6797.79,2.01498e+06,19119.5,1189.71,2936.16,6768.86,7.232
1.43383e+06,1.19867e+06,717709,143539,198224,178551,666108,133269,646239,2170.14,-6596.06,2.13712e+06,22706,1373.98,2530.26,7028.9,7.233
1.60665e+06,1.32896e+06,725371,136329,170479,144693,706926,124517,656918,2621.5,-6115.84,2.54384e+06,23927.9,915.052,3107.52,8247.85,7.4759
1.49464e+06,1.26753e+06,707507,133367,179008,164328,653599,123503,647921,2025.78,-5694.17,2.46245e+06,21737.9,1626.01,3385.01,7710.78,7.5663
1.54834e+06,1.31274e+06,707684,116419,155234,136604,681827,106777,654180,2870.07,-4936.74,2.07428e+06,20055,2587.15,3026.6,7189.9,7.577
1.47658e+06,1.10966e+06,798393,168080,191777,145669,789917,145236,694372,3817.55,-5630.02,2.02551e+06,24617.3,4731.69,3289.99,6309.89,7.5824
1.36706e+06,1.08061e+06,759053,115852,127982,102096,752126,104033,668162,2013.77,-6526.29,1.97181e+06,20189.1,1637.89,3118.99,6006.7,7.6193
1.45519e+06,1.14836e+06,760315,148417,238258,205856,694441,137725,646578,3086.02,-6744.37,2.22439e+06,28090.8,1219.49,3363.02,7785,7.7002
1.3806e+06,1.07178e+06,772879,141610,211647,173985,729882,128211,662704,1517.93,-4064.71,1.9224e+06,17807.4,855.292,2699.33,5931.82,7.7302
1.47884e+06,1.13065e+06,784770,133171,180420,145962,741644,121634,656911,1873.13,-2649.31,1.95337e+06,17701.9,1641.19,3063.22,5769.65,7.8524
1.42356e+06,1.18283e+06,722112,145366,207171,178003,698318,132975,655908,2394.06,-4639.23,2.1268e+06,27122.1,3353.06,3625.99,7144.15,7.913
1.20581e+06,945364,765296,175402,337495,274779,736945,157135,669750,2376.42,-4563.12,1.70468e+06,27545.5,4009.54,3346.63,5931.44,7.9377
1.34932e+06,1.10076e+06,735482,133974,138531,117477,707530,123342,651718,2589.13,-5701.48,2.12528e+06,20009.6,2970.48,3185.2,7088.31,7.9918
1.25295e+06,1.00567e+06,747531,142196,142556,115967,737569,127390,669736,1958.83,-6036.17,1.92161e+06,18238.9,1817.41,3350.27,6352.1,8.0193
1.4594e+06,1.23887e+06,706805,129836,166027,148764,669625,122532,635763,2052.64,-6446.07,2.1486e+06,22136.4,2690.94,2627.04,7464.72,8.0933
1.36597e+06,1.07333e+06,763584,168913,243946,208617,701609,156075,649351,2561.12,-4938.34,1.80646e+06,29284.2,3133.8,3762.21,6926.69,8.1828
1.33467e+06,1.08242e+06,739828,156920,221969,180003,739886,137840,683051,3014.5,-7341.8,2.4586e+06,25326,1116.81,3217.25,8073.56,8.19
1.53525e+06,1.18234e+06,779092,157146,247542,203602,729489,140762,669838,5094.88,-5832.25,2.35428e+06,42491.9,4082.12,4110.39,7915.12,8.2147
1.49911e+06,1.25510e+06,716644,115731,159295,139120,687012,107597,645357,2216.56,-5052.29,1.86576e+06,23268.1,2789.01,3094.68,6194.77,8.2518
1.40968e+06,1.17879e+06,717523,123854,194971,176092,664325,114496,649039,3106.17,-3925.88,1.9755e+06,19348.3,2846.24,2823.42,7451.3,8.2706
1.36855e+06,1.12155e+06,732141,136173,205032,177393,693484,127462,641006,1814.1,-4475.82,1.58405e+06,23126.4,1371.69,3421.36,5549.57,8.3219
1.23867e+06,1.02074e+06,728100,158247,213462,179146,714931,140717,674744,2238.63,-4561.05,1.8248e+06,38358.2,4551.92,3259.03,5942.28,8.3478
1.15169e+06,907769,761224,161532,175192,143228,733903,148533,652509,2005.65,-6601.71,2.14973e+06,18236.9,848.92,3121.07,6049.85,8.3936
1.53896e+06,1.19836e+06,770533,121699,204161,175320,698702,114216,639312,2472.41,-4936.96,1.98629e+06,22358,1656.86,3713.31,6209.35,8.4242
1.29484e+06,1.01759e+06,763471,129274,180716,146508,740092,114828,675486,2085.31,-4971.76,1.82421e+06,22898.1,678.246,3418.82,5446.9,8.4681
1.41949e+06,1.13048e+06,753387,180983,389667,339982,687684,161207,673605,1138.43,-5153.09,1.76946e+06,16538.4,1837.43,2822.24,6142.77,8.4813
1.52916e+06,1.21822e+06,753144,113578,163024,137895,709340,105807,644066,2315.57,-4564.75,1.699e+06,25164.8,3326.33,4251.85,4764.08,8.5275
1.34303e+06,1.02567e+06,785648,183815,241736,194866,744316,168827,653266,2971.86,-4514.32,1.96245e+06,23313.1,497.94,2365.94,6163.19,8.5303
1.30908e+06,1.0243e+06,766813,152498,234868,199626,705924,140008,653527,1952.02,-5973.46,2.32708e+06,21667,1710.84,4385.78,7435.18,8.6004
1.19135e+06,985117,725608,132241,142703,124155,689635,124247,638602,1522.05,-4785.99,1.73633e+06,20505.9,2335.09,2983.75,5653.54,8.6621
1.41986e+06,1.1168e+06,762820,136782,139953,112356,747374,124811,657548,2006,-5945.21,2.26216e+06,20543.4,508.867,3110.46,6977.76,8.6632
1.55659e+06,1.26225e+06,739913,139010,266502,203939,784063,117211,711590,2252.4,-5060.86,2.00052e+06,22468.7,2749.26,3937.27,6978.49,8.7205
1.29573e+06,1.06825e+06,727771,129028,210041,175497,718100,115877,668094,2526.33,-5470.26,1.66633e+06,20506.7,2332.38,2546.74,5704.92,8.7411
1.55714e+06,1.21736e+06,767467,109568,148491,123408,721953,101479,647825,2556.02,-3556.95,1.88394e+06,18268.7,2721.99,3471.46,5578.3,8.7636
1.20077e+06,927734,776582,134428,178319,149702,714696,124351,648620,1160.52,-5645.7,1.86864e+06,17664.5,2086.95,4294.48,5977.64,8.7707
1.38353e+06,1.14512e+06,724921,115659,141984,125056,681218,109423,634193,1354.12,-4302.66,1.56727e+06,24475.9,-631.737,3710.55,4175.44,8.8008
1.21089e+06,972571,747023,177419,220207,191391,690337,164301,647904,1826.07,-7474.38,2.26946e+06,21761.4,1603.51,3177.37,8337.36,8.8941
1.35433e+06,1.10676e+06,734216,119678,127259,107465,710514,108097,664283,1614.08,-7623.87,2.30948e+06,15592.1,2749.58,2352.92,7088.63,8.9108
1.34322e+06,1.11385e+06,723559,151895,205118,183383,671112,140499,648667,2469.87,-6393.52,2.14906e+06,25436.4,3524.23,2905.44,7108.42,8.9164
1.19015e+06,974454,732810,121394,171228,152299,674574,111344,654157,2350.39,-4531.24,1.60139e+06,24912.5,553.61,3713.67,5341.8,8.9397
1.46012e+06,1.21476e+06,721189,156346,201114,178846,674705,146140,641904,1991.71,-5632.41,2.35508e+06,24577.9,2980.18,3561.32,7937.07,9.0358
1.24745e+06,1.0017e+06,747194,127681,187685,165050,682283,119678,640121,2334.2,-5496.16,1.74476e+06,24721.3,2083.19,4593.34,5967.63,9.036
1.21367e+06,990763,734991,144457,215668,193839,667567,133826,647664,1987.16,-3992.33,1.68897e+06,22098.9,-1335.09,2803.93,6603.23,9.0383
1.34152e+06,1.07392e+06,749507,143472,197858,172731,687282,129988,662238,2173.64,-6034.66,2.08234e+06,25607.7,-701.592,3262.32,7235.94,9.0608
1.19234e+06,973470,734903,171368,174057,149641,697897,159676,643933,1442.14,-5903.32,1.81789e+06,17814.6,2155.82,2585.94,6042.77,9.0684
1.49557e+06,1.28804e+06,696672,100705,123033,111708,660830,95179,634837,1795.74,-5021.29,1.79554e+06,18080.1,3055.63,2611.41,5255.6,9.071
1.22066e+06,934757,783513,164298,221039,174214,761268,147474,668450,2377.92,-4795.4,1.9258e+06,23569.3,1609.69,3307.6,5807.12,9.1026
1.39567e+06,1.12533e+06,744139,137739,173594,146548,710734,125885,656497,2616.34,-6492.2,2.08237e+06,28642.4,4692.97,6863.54,6165.25,9.1326
1.48214e+06,1.15876e+06,767441,125193,177140,151443,701810,117297,640388,1851.49,-4665.98,1.64662e+06,19705.6,2271.54,3331.16,5370,9.1364
1.09398e+06,874839,750294,164497,193963,159541,729455,149197,661530,1907.53,-4893.85,1.76111e+06,23317.6,1461.86,3009.88,5589.82,9.2063
808132,624551,776364,131072,160845,128853,748971,113002,695944,2101.9,-6856.58,1.87506e+06,24857.1,4178.62,3810.01,6067.44,9.2094
1.47323e+06,1.13164e+06,781114,165921,175415,139052,756904,142974,696298,2751.14,-7365.26,2.13812e+06,29918.9,2147.82,4063.49,7055.23,9.2279
1.40073e+06,1.14606e+06,733330,160883,170532,147685,692821,148925,648178,4646.01,-6046.65,2.32526e+06,23027.1,2962.4,5584.6,6971.39,9.2318
1.47556e+06,1.23007e+06,719742,148754,199396,168259,711032,133511,668504,3030.09,-5860.46,2.21024e+06,28510,2789.94,4594.27,7399.5,9.2849
1.59101e+06,1.30742e+06,730146,158223,202033,176482,686869,147487,643674,3675.26,-6214.4,2.29191e+06,22021,1697.26,6496.4,7530.17,9.3185
1.22311e+06,986252,744097,181216,307876,278371,663596,174351,623626,862.642,-3565.96,1.35023e+06,20537.6,3141.34,3031.74,5235.51,9.3234
1.50349e+06,1.25364e+06,719578,131041,195721,169593,692437,119943,655517,2390.95,-4147.48,2.10763e+06,25086,282.649,3637.41,6871.06,9.3389
1.42355e+06,1.17937e+06,724226,139647,181369,161409,674198,131846,635502,2190.51,-6619.15,2.42916e+06,24135,1157.24,3733.78,8409.73,9.3794
1.21679e+06,993135,735119,135775,127921,108597,706764,123496,659657,1894.78,-8072.36,2.41684e+06,14774.6,1621.56,2763.91,7253.48,9.383
1.10012e+06,854720,772264,185078,291171,216633,806444,156724,708552,1396.71,-5108.19,1.74105e+06,21154.6,2412.96,3789.54,5656.64,9.6362
1.42848e+06,1.18659e+06,722312,147778,160564,139703,689596,137286,645855,2206.82,-7171.78,2.4146e+06,18411.6,2025.56,4072.83,7528.75,9.6723
1.26936e+06,992461,767404,150421,262030,216632,725737,137630,655764,2160.25,-2674.07,1.76402e+06,20093.5,2932.76,3365.13,5487.34,9.6797
1.39896e+06,1.15977e+06,723746,124743,156170,137586,681045,117812,635297,1788.94,-5946.1,1.97281e+06,21419.3,1288.32,3756.03,6209.04,9.7064
1.46181e+06,1.14416e+06,766576,127801,153517,129026,713891,120231,637780,2033.04,-5456.54,1.91111e+06,16986.3,-562.599,3068.84,5922.22,9.7812
1.49928e+06,1.20506e+06,746492,271807,450185,384430,702628,248434,656448,1116.9,-8287.74,3.13301e+06,32488.9,9959.24,4770.1,10771.9,9.7851
1.31291e+06,1.11768e+06,704801,132254,165991,139381,714549,119887,661894,2579.95,-5025.97,1.75142e+06,23876.3,2705.98,4172.91,5552.66,9.8229
1.55939e+06,1.2046e+06,776714,148683,197497,157302,753318,134601,662771,2105.5,-6284.75,2.04477e+06,24027.1,2626.83,3553.59,6518.67,9.8291
1.49658e+06,1.17585e+06,763655,114568,191875,158953,724272,103788,662318,2011.53,-5078.2,2.21461e+06,22646.1,2566.75,2918.27,7180.08,9.8991
1.39563e+06,1.0839e+06,772563,154747,217261,182304,715051,142549,651341,1554.86,-5871.38,1.95355e+06,22166.8,2319.82,4087.72,6489.58,9.9101
1.36031e+06,1.14483e+06,712931,132695,184623,163085,679239,120673,659776,699.788,-4019.8,1.7173e+06,19073.3,1219.67,3308.02,6098.47,9.9134
1.49236e+06,1.13851e+06,786476,135715,199249,163192,732568,125543,648615,1724.83,-2368.63,2.04528e+06,21327.5,738.575,3136.18,5545.25,9.9261
1.4504e+06,1.24252e+06,700382,107624,144977,123003,707189,96838,666826,1830.11,-4701.34,1.87284e+06,20867.5,764.989,3146.04,5628.68,9.9809
1.42675e+06,1.11098e+06,770539,120319,167993,139471,722702,111187,649280,1605.5,-4547.07,2.13524e+06,16169.2,3263.2,2655.75,6926.1,10.1455
1.20619e+06,956268,756812,132413,189208,160095,709108,121711,652758,2325.26,-4632.82,1.58584e+06,22843.3,2645.27,2782.02,5178.51,10.1635
1.55855e+06,1.25901e+06,742750,131119,206825,186394,665766,123366,637705,2084.91,-5894.02,2.13846e+06,24797.9,2551.45,2716.7,7173.37,10.1862
1.34112e+06,1.0397e+06,773943,171538,304112,233995,779790,150869,682200,1349.71,-4050.03,1.91503e+06,18046.1,1168.73,3469.59,6337.08,10.3456
1.17465e+06,935194,753627,217279,307588,203681,906087,169951,767090,1568.82,-5498.88,1.77518e+06,16956.6,2470.82,2939.48,6212.75,10.3946
1.22704e+06,952458,772973,182559,256671,217402,708377,172084,636524,2605.82,-5092,1.57322e+06,25342.6,1315.61,4640.54,4895.57,10.4327
1.03535e+06,818266,759182,123762,139448,113735,735646,108087,687013,2285.8,-5563.13,2.01633e+06,23924.9,2494.47,3750.47,6738.18,10.4755
1.04009e+06,834827,747523,112794,133084,111825,714066,102639,659361,1462.15,-4502.24,1.45646e+06,19016.8,2214.83,2641.87,4565.85,10.5407
1.10517e+06,918950,721589,129225,132151,118902,666858,123116,629771,1639.52,-5094.99,1.76803e+06,17741.2,1985.64,2758.07,6266.12,10.5481
1.37446e+06,1.13471e+06,726774,142989,216377,187688,691713,130624,656797,2957.43,-3331.82,1.70227e+06,25425.7,4305.83,2715.54,5531.17,10.5485
1.40904e+06,1.20784e+06,699950,101000,122704,110151,668377,95856,632198,2005.2,-6779.91,2.08549e+06,18806.5,-1339.42,2212.29,6782.33,10.5497
1.39045e+06,1.15145e+06,724538,150499,208124,185023,674911,137679,655871,2397.75,-4589.84,2.28402e+06,26905.7,4624.61,3552.68,8750.81,10.5733
1.35428e+06,1.12245e+06,723920,106154,128710,113153,682491,100664,632724,2246.96,-5924.8,1.80327e+06,15977.7,761.843,2799.56,5596.42,10.6087
1.49743e+06,1.22174e+06,735393,117925,193294,164119,706661,107289,659479,2741.76,-4959.83,1.91298e+06,19494.3,2211.27,2867.81,6377.12,10.6423
1.65417e+06,1.25460e+06,791088,168885,252886,192163,789597,145839,694814,3625.69,-5081.96,2.09375e+06,33008.5,1851.85,3341.76,7341.72,10.6679
954454,724429,790516,142856,205580,166571,740512,122398,700284,3071.42,-6804.01,2.3841e+06,22992.6,1543.09,3179.83,8104.12,10.6921
1.57977e+06,1.32332e+06,716274,127158,149404,130963,684485,119574,638053,1850.41,-4948.21,1.81018e+06,32286.4,6172.08,3306.68,6365.99,10.7559
1.42311e+06,1.22634e+06,696276,159255,260964,243297,643570,147415,648190,1523.37,-7128.86,2.14119e+06,16872.5,2220.12,3045.85,6862.71,10.7656
1.53534e+06,1.2993e+06,708999,122453,154905,127592,728439,109188,672895,2183.2,-5141.53,2.24062e+06,28223.9,1618.36,4552.57,7359.66,10.7672
1.5042e+06,1.21454e+06,743092,114098,201996,174358,695106,106695,641630,2418.98,-3238.96,1.60181e+06,20429.5,3277.23,1687.92,5215.79,10.8025
1.44466e+06,1.19055e+06,728062,108983,123600,109863,675023,105170,621751,1140.08,-3564.43,1.31634e+06,11685.6,3147.88,6374.12,3895.37,10.8263
1.63773e+06,1.36299e+06,720939,124626,183944,155565,709454,110897,674280,1963.32,-4951.08,2.07992e+06,24154,860.635,3838.98,6342.91,10.8374
1.23935e+06,998333,744854,114065,120006,102690,701175,107039,639384,1987.53,-6289.02,1.79829e+06,17249.9,183.646,3028.74,5296.86,10.8728
1.42064e+06,1.14203e+06,746379,126958,208529,177586,704547,114161,667256,1900.15,-6834.81,2.00119e+06,23471.7,2788.01,3257.48,7244.29,10.8752
1.3299e+06,1.08781e+06,733529,125707,164685,139095,710385,114724,657439,1936.14,-7218.08,2.19604e+06,21577.6,3270.51,3371.41,6780.16,10.8921
1.38981e+06,1.16026e+06,718708,170073,232157,213867,651311,163678,623444,1852.18,-6205.31,2.12349e+06,19283,2577.18,3565.23,7029.71,10.9102
1.4805e+06,1.18938e+06,746856,170657,315079,262417,720408,148355,690198,1424.55,-5753.9,2.27872e+06,21492.1,525.465,2901.54,7769.2,10.9223
1.31991e+06,1.06238e+06,745443,109941,148139,124530,713750,99878,660454,1886.3,-5706.58,1.96893e+06,27352,3716.76,3192.2,6822.74,11.0232
1.19682e+06,915307,784538,190408,359442,234973,917831,151841,752399,1855.55,-4733.62,1.84888e+06,27134,1290.63,3292.98,6757.67,11.0399
1.4762e+06,1.22757e+06,721525,118722,165128,145790,679584,109965,647783,2938.04,-6390.12,2.16339e+06,19822.1,1420.94,2761.92,7335.38,11.1316
1.6149e+06,1.23685e+06,783395,173194,275436,231881,712700,160750,646446,5880.88,-3536.23,2.11588e+06,27750.9,5725.23,2958.9,6625.8,11.1407
1.21836e+06,1.03939e+06,703313,152087,170313,161757,631737,147433,618941,1834.82,-6981.93,2.04131e+06,16544.7,1928.02,3055.59,6836.74,11.1507
1.21046e+06,993516,731018,124413,107154,87564,734235,111120,671776,1621.8,-6683.1,1.9593e+06,15818.9,1073.41,2983.61,5901.87,11.1717
1.22945e+06,1.02491e+06,719739,133841,182631,163992,668195,121697,659875,2186.22,-3068.78,1.89507e+06,19983.9,3654.08,2802.17,5799.71,11.182
1.30444e+06,1.05592e+06,741211,135664,171565,149452,688775,127441,638713,1646.51,-5942.86,1.91385e+06,20804.1,-335.116,4227.36,5529.52,11.1823
1.28626e+06,1.11282e+06,693511,140936,145013,126377,688480,130361,648671,2503.93,-6842.6,2.18079e+06,16871.8,4321.86,2590.78,7392.55,11.1938
1.34829e+06,1.09798e+06,736784,134187,153805,136827,674449,125125,643455,1994.59,-7079.88,2.14414e+06,16258,1963.01,3267.54,6441.09,11.2492
1.364e+06,1.17768e+06,694928,123784,146017,127298,688231,114840,646731,2562.83,-6608.76,1.86728e+06,19148.4,1106.77,3350.45,6013.82,11.2702
1.41604e+06,1.13019e+06,751752,119292,164269,140120,703409,110403,648311,2002.08,-6148.58,1.94484e+06,21579.4,1242.62,3310.62,5777.97,11.2723
1.32884e+06,1.03967e+06,766884,177513,273081,228711,716400,158658,671306,3668.16,-6380.37,2.48131e+06,35637,3797.61,4218.4,8325.75,11.2796
1.23161e+06,965606,765287,178281,210356,173949,725579,162266,659217,1433.96,-5897.99,2.05757e+06,23950.6,3140.01,3377.48,6758.93,11.2987
1.2982e+06,1.06124e+06,733968,151341,148703,128060,696719,142829,635758,1949.83,-2644.15,1.98025e+06,19591.4,1431.67,2702.88,6442.2,11.3043
1.11664e+06,904900,740397,168538,180469,155405,696768,156211,647347,2016.19,-5532.66,1.77204e+06,17208.5,3409.9,3558.87,5480.1,11.3079
1.31419e+06,1.04618e+06,753711,163802,221280,188529,704230,152488,644516,1614.89,-6222.22,1.9483e+06,20095.2,1712.62,2249.08,6208.47,11.3496
1.30788e+06,1.05057e+06,746958,173349,399960,375372,639302,166554,624478,1804.68,-2175.32,1.23488e+06,22620.7,2055.8,2869.96,4437.96,11.3536
1.22254e+06,1.00978e+06,726418,134891,183143,160742,683615,126268,640976,1698.81,-6283.79,1.81575e+06,22670,3514.83,2991.45,6304.32,11.3584
1.49148e+06,1.27574e+06,701469,116359,141628,129005,658712,108906,641063,2376.68,-6034.22,1.93931e+06,22053,2054.45,2766.2,6415.11,11.3765
1.53846e+06,1.2468e+06,740359,132866,223276,188314,711393,121367,656847,2614.48,-4456.44,1.85443e+06,26955.1,3211.73,4288.9,5459.82,11.389
1.53949e+06,1.2743e+06,724861,124311,172354,151601,682134,116725,638994,3094.19,-6509.58,2.33437e+06,26562.7,1898.45,3258.65,7375.09,11.4115
1.45835e+06,1.19098e+06,734701,114678,197996,173299,685505,106799,644262,2556.05,-3711.39,1.56571e+06,22344.7,2180.64,2831.4,5227.11,11.5273
1.28401e+06,1.03926e+06,741304,146729,189424,162035,701417,133197,660957,1544.9,-4551.8,1.72244e+06,19440.7,215.191,3616.07,5308.86,11.5604
1.11351e+06,839792,795564,175354,246022,189379,779459,145507,723074,5024.62,-4849.86,2.12378e+06,36854.9,9730.64,3638.04,7205.75,11.6005
1.24354e+06,1.04734e+06,712401,125123,124017,112606,660800,118967,631045,1766.88,-6806.86,2.01524e+06,11867.3,3026.74,1971.34,6375.48,11.673
1.23638e+06,1.00906e+06,735164,149318,190005,152325,748420,132441,676457,2766.64,-6178.04,1.85254e+06,26562.9,3203.05,2637.75,6250.84,11.6796
1.59737e+06,1.25452e+06,763975,163506,188170,158791,711011,143066,685721,1976.94,-6634.82,2.02606e+06,14504.8,1930.89,3429.03,6831.71,11.6806
1.38014e+06,1.17982e+06,701870,121492,134990,115395,701885,112177,649821,2282.99,-7795.69,2.26056e+06,18544.2,3846.14,2588.93,7323.69,11.6809
1.55076e+06,1.29292e+06,719653,161690,223790,189768,707569,145376,667333,2254.74,-7233.14,2.37169e+06,22506.3,3640.32,3626.29,8825.2,11.7127
1.43529e+06,1.21304e+06,709929,113872,149263,129616,690947,105596,647027,2012.17,-6556.72,2.04682e+06,20512.6,1499.05,4322.02,6822.1,11.7683
1.34599e+06,1.08465e+06,744567,90051.7,137704,117265,704578,82718,653195,1806.6,-3985.67,1.68508e+06,19313.1,1623.05,3136.84,5897.22,11.7764
1.19808e+06,970552,740661,172182,145326,121614,716985,161474,639789,1975.28,-9211.79,2.86031e+06,18594.2,4409.7,3747.54,9505.23,11.8235
1.35469e+06,1.11798e+06,727039,187371,284315,260901,653846,178684,629170,2200.74,-8056.93,2.56734e+06,26488.5,847.022,4038.45,8524.28,11.8269
1.55066e+06,1.26601e+06,734905,139268,223996,193853,693296,128573,649909,2548.15,-6676.15,2.37673e+06,22190,2805.49,3227.02,7904.67,11.8486
1.29555e+06,1.08817e+06,714346,145342,219073,196184,670002,134258,649532,2291.72,-4607.97,1.65013e+06,22466.6,2414.5,3157.15,5848.32,11.8667
1.67235e+06,1.33314e+06,752665,148468,221364,187494,708386,134309,663251,4903.26,-5733.54,2.31199e+06,24963.3,5858.38,3295.68,7913.63,11.8913
1.37541e+06,1.17555e+06,702004,116583,139329,125266,667358,109964,636118,3161.67,-7521.17,2.27426e+06,14188,1445.68,2385.76,7770.63,11.9175
1.37612e+06,1.12736e+06,732396,131798,138504,117328,708294,119873,659686,2617.75,-5855.42,1.91328e+06,23303.5,2307.62,2662.56,6323.51,11.9191
1.24076e+06,1.02216e+06,728315,136147,172371,145283,711871,124279,657296,1724.94,-2209.87,962205,21297.1,2434.55,2805.97,4596.45,11.9255
1.2558e+06,1.0377e+06,726108,112729,189694,166556,683354,103832,651411,1790.86,-3454.17,1.57757e+06,18929.2,937.199,2433,4982.73,11.9479
1.19496e+06,999125,717603,190866,326402,318873,614167,183509,624054,1498.67,-4082.45,1.71135e+06,21492.3,553.169,3341.22,5464.09,11.9549
1.44681e+06,1.12945e+06,768594,111839,139700,115020,728743,103928,645673,1879.53,-4929.33,1.83882e+06,17728.6,1372.75,2588.76,5139.42,11.968
1.24406e+06,1.03008e+06,724633,91168.7,133941,116486,689907,84687,645923,1076.64,-3438.06,1.34652e+06,31578.4,1588.31,2840.23,4203.5,11.9943
1.48468e+06,1.23587e+06,720792,126607,170791,149870,683755,117136,648514,2295.12,-5273.16,2.05705e+06,21082.9,3205.27,2719.69,6437.45,12.0146
1.41937e+06,1.18677e+06,717597,106877,153546,133282,691221,97213,659649,1611.08,-3749.5,1.61664e+06,17237,2079.93,2328.31,5728.34,12.0284
1.42857e+06,1.12316e+06,763147,144148,196534,168265,700802,134288,644055,1747.66,-4539.79,1.97736e+06,23317.9,948.956,2945.06,6555.89,12.0614
1.36615e+06,1.0905e+06,751669,145729,198366,165559,718896,133316,655864,1940.65,-4409.39,1.63955e+06,21809.4,3094.15,2595.17,5533.05,12.1479
1.1728e+06,955310,736596,167006,196965,169424,697534,157496,636231,1340.15,-4758.65,1.55059e+06,19489,1896.63,2286.34,5702.16,12.1657
1.2867e+06,1.06177e+06,727107,491371,1.03777e+06,919287,677332,452697,651258,1173.93,-4887.69,1.7483e+06,39302.5,7140.9,3847.7,7239.06,12.2162
1.47126e+06,1.20395e+06,733214,114888,183986,161110,685196,105727,651986,2552.79,-5763.96,2.12134e+06,20498.2,683.129,2755.17,6817.43,12.2279
1.44232e+06,1.20965e+06,715406,114492,137701,119515,691297,105480,651263,2559.56,-7528.38,2.29648e+06,15685.1,1715.52,3241.56,6775.78,12.2576
1.49047e+06,1.27829e+06,699590,115302,143219,123221,697374,104138,664325,1875.87,-5786.06,2.16004e+06,20311.5,-312.052,3026.26,7115.55,12.2636
1.65014e+06,1.34572e+06,735729,148867,226054,192401,704946,133541,668858,1589.73,-4882.72,1.7753e+06,21020.8,1402.79,2175.41,6846.46,12.27
1.5602e+06,1.27092e+06,736571,110240,155657,133281,700731,101189,653667,1958.81,-3671.86,2.16894e+06,23241.7,562.512,3177.34,7355.56,12.3253
1.36494e+06,1.05344e+06,777424,151558,264516,224425,707182,140228,648478,2154.51,-4393.65,2.17718e+06,18590.3,1972.94,2883.78,7006.67,12.3747
1.32369e+06,1.08878e+06,729450,129279,138638,124174,669887,121919,636219,12896.1,-5195.86,1.6257e+06,11657.5,497.838,1535.84,4983.35,12.3783
1.26264e+06,1.04437e+06,725399,120714,180073,163507,660791,113515,638049,1902.84,-4561.64,1.69955e+06,19391.9,778.988,2749.49,5643.81,12.4168
1.46987e+06,1.2089e+06,729522,132026,192598,163978,704721,119718,661683,3091.04,-7576.83,2.56286e+06,22927.2,712.489,2676.03,8608.54,12.4474
1.24716e+06,966051,774593,153931,270993,216845,749826,138207,668264,1719.32,-4600.19,2.06732e+06,21296.4,1524.39,2607.81,5905.39,12.4626
1.4857e+06,1.26672e+06,703722,111035,132069,113330,699207,102932,647235,2443.66,-6435.21,2.1413e+06,22593.3,2310.84,4332.12,7117.53,12.4683
1.37697e+06,1.14649e+06,720618,136587,201762,182566,663087,128775,636398,1169.73,-5969.53,1.94789e+06,21496.7,1210.96,2709.51,6367.94,12.4816
1.15437e+06,960207,721328,136522,206018,188186,656854,127310,643414,2562.02,-2837.88,1.70087e+06,22393.6,1750.23,3826.27,6335.91,12.4848
1.55671e+06,1.28911e+06,724550,142515,171185,154601,664361,132589,644920,3567.45,-4687.93,2.18148e+06,26998.7,4776.33,4010.23,7377.25,12.5448
1.44359e+06,1.16328e+06,744583,153486,191495,169378,678348,147481,624429,2313.01,-8903.43,2.57325e+06,24136.8,-240.364,3349.67,8252.67,12.557
1.50554e+06,1.17392e+06,769492,125401,138608,113588,732163,115768,649928,2507.36,-7205.55,2.17049e+06,24849.7,739.002,2854.18,6645.02,12.564
1.54303e+06,1.29767e+06,713450,89185.9,113982,98287,695811,81612,655682,2496.32,-4919.68,1.46373e+06,16313.8,2283.94,4026.01,4435.6,12.5944
1.19274e+06,967292,739840,138293,244843,206228,712346,123808,670199,2070.11,-4311.54,1.61392e+06,22218.5,3369.97,3732.13,5612.56,12.6312
1.27818e+06,991875,773188,144107,175593,135994,774711,128029,675347,2195.93,-5952.69,2.08795e+06,23171.4,4188.9,2885.58,6654.72,12.6538
1.12268e+06,899038,749253,103733,155558,132771,702977,93381,666514,1893.71,-3044.34,1.61554e+06,22681.3,3288.8,3730.92,5386.89,12.6713
1.29366e+06,1.01275e+06,766425,175036,244398,204233,717998,163231,643393,1962.23,-4833.97,1.54949e+06,19734.5,927.919,2999.66,5470.01,12.7214
1.27512e+06,1.02028e+06,749867,136324,156579,129818,723687,122309,668753,1615.68,-5280.31,1.67983e+06,16023.2,3345.15,2907.47,5292.93,12.779
1.336e+06,1.1235e+06,713485,123204,127682,113688,673857,115217,641593,2385.89,-6321.67,1.98617e+06,18590.9,2005.58,2763.27,6404.2,12.8875
1.41947e+06,1.11029e+06,767082,198874,346660,249146,834836,157232,758906,2826.55,-5277.47,2.10911e+06,27254.3,947.403,4357.42,7331,12.894
1.48293e+06,1.21637e+06,731483,115115,178460,160742,666135,106084,651080,1682.91,-4789.95,1.85868e+06,23000.1,2496.28,2765.24,6142.38,12.9044
1.35437e+06,1.11336e+06,729881,137370,172643,145847,710238,123052,669815,2726.18,-5968.15,1.95384e+06,27041.7,5705.57,3527.06,6220.75,12.9278
1.41173e+06,1.08298e+06,782134,269038,516540,378005,819894,211949,761612,2150.51,-2864.12,1.57406e+06,18580.7,2185.67,2192.61,5769.07,12.9322
1.50043e+06,1.24979e+06,720327,108623,140524,119154,707610,100903,645906,2313.15,-5199.77,1.7822e+06,19349.4,1615.49,2776.8,6024.32,12.9452
1.19107e+06,955899,747611,153347,207405,189480,656762,145619,631843,1597.39,-5281.37,1.69791e+06,19841.5,3924.91,2752.23,5187.77,12.9625
1.3994e+06,1.00971e+06,831563,132130,163078,127673,766385,114865,690182,2895.94,-4483.5,2.20474e+06,21504.1,4107.34,4778.29,6336.83,12.9647
1.47895e+06,1.2035e+06,737323,126931,170585,135242,756798,110009,692292,2070.42,-6800.57,2.17656e+06,16896.8,1748.77,2857.51,6929.17,12.9972
1.43396e+06,1.22863e+06,700271,104175,129933,119479,652498,99153,630391,3589.2,-7650.59,2.28138e+06,20091,3474.44,3359.63,7525.63,13.0179
1.15967e+06,946294,735290,148104,143436,126248,681689,140323,633271,1714.53,-6276.54,2.00876e+06,17619,1808.16,3095.17,6312.87,13.0741
1.27755e+06,1.05411e+06,727187,212762,262033,228694,687468,198924,641737,1816.84,-4930.22,1.97379e+06,21720.9,2302.08,4265.06,6286.23,13.1209
1.40897e+06,1.20667e+06,700591,134345,162235,142939,680998,126608,636666,2210.82,-6036.17,1.84092e+06,17879.3,1787.73,3008.25,5349.93,13.1584
1.12562e+06,891899,757227,147201,154137,132043,700393,138333,638464,1803.38,-5019.6,1.59463e+06,16307.2,3939.9,2268.43,5105.2,13.1649
1.34568e+06,1.08668e+06,743003,201132,443304,417681,636808,192438,627106,1826.61,-4573.14,1.6658e+06,24533.1,2970.17,2722.85,6499.18,13.1743
1.41622e+06,1.18395e+06,717707,135139,185017,161827,685981,123467,656723,2838.48,-2641.45,1.70612e+06,25030.9,1856.41,3285.34,5575.13,13.1835
1.32101e+06,1.06736e+06,742587,111379,168340,143458,704068,102774,650236,1703.6,-3425.43,1.40858e+06,23089.5,1616.78,2357.34,4484.75,13.1927
1.83163e+06,1.41189e+06,778374,195925,359426,316518,681337,178640,658055,3127.78,-7097.88,2.89781e+06,42788.6,1986.01,7580.45,10236,13.2445
1.457e+06,1.1996e+06,728744,152519,194279,173228,672914,143068,639637,3505.57,-4251.8,1.70779e+06,29748.1,4389.97,3699.23,5232.19,13.2837
1.68591e+06,1.37247e+06,737026,136108,155379,132810,701959,122185,668368,2291.72,-7168.14,2.28672e+06,18804,2451.36,3131.32,7119.53,13.3154
1.14204e+06,890956,769090,134917,202467,166864,728020,119321,678425,1842.59,-2941.71,1.48821e+06,20690.5,1121.92,2412.89,4936.12,13.3344
1.31709e+06,1.03815e+06,761217,155299,193342,153367,756389,139804,666499,2145.89,-7354.96,2.23444e+06,25086.9,1727.3,3943.8,7600.54,13.3575
1.58398e+06,1.34202e+06,708178,257754,469647,283028,995620,185927,831793,1728.77,-5746.79,2.02062e+06,50261.7,8161.23,5354.58,7029.56,13.3726
1.36695e+06,1.1176e+06,733864,127828,200366,171720,700092,118891,645099,1917.88,-4036.01,1.47672e+06,21006.7,2815.29,2460.01,5588.74,13.4131
1.42848e+06,1.16695e+06,734469,157777,178419,157338,680391,149248,634288,2165.74,-5464.31,2.0651e+06,16440.5,3158.12,3018.43,6977.08,13.4289
1.50419e+06,1.13391e+06,795932,230212,324595,257472,756421,207062,667083,1742.81,-2540.05,1.69744e+06,18071.5,661.326,3122.99,5127.9,13.4676
1.52897e+06,1.31281e+06,698794,123606,165901,152912,650968,116025,639201,2404.33,-4744.05,2.17346e+06,17808.5,4687.56,2374.36,6807.02,13.4752
1.355e+06,1.04981e+06,774427,160666,166961,129708,772322,140042,688363,3645.22,-7826.88,2.48159e+06,25713,1842.85,4885.59,7422.71,13.4974
1.41031e+06,1.07752e+06,785313,147377,207442,162445,766199,129659,681990,1694.54,-6266.32,2.06239e+06,22428.1,773.487,3015.7,7035.08,13.543
1.42799e+06,1.18398e+06,723658,119552,181314,158275,687337,110494,649186,2127.81,-6552.12,2.45115e+06,24136.2,540.003,2688.18,7822.84,13.5678
1.27223e+06,956921,797705,162286,210479,157095,803892,139513,697938,2568.13,-4509.69,2.01168e+06,22380.9,986.03,3884.69,5867.71,13.5927
1.44707e+06,1.25946e+06,689372,212350,428196,381959,672632,182650,697565,1839.12,-5158.67,1.92284e+06,16253.5,661.351,2545.59,7145.04,13.6176
1.26231e+06,976659,775486,190560,234102,194133,723532,175990,649673,2518.94,-7010.42,2.21741e+06,26302.6,2161.26,4269.73,7692.34,13.675
1.40255e+06,1.15734e+06,727125,157818,205712,194626,634176,155199,610124,1708.12,-6263.89,1.86241e+06,21701.5,1655.57,2674.97,6385.36,13.7015
1.46056e+06,1.2188e+06,719015,154257,189667,165451,687818,142236,650709,3176.57,-6199.6,2.01902e+06,22769.4,2384.98,3498.42,6472.29,13.7714
1.45536e+06,1.21645e+06,717841,116888,127638,110591,692485,107340,653369,2756.06,-6321.4,2.23395e+06,20113.4,-643.712,2586.98,7545.92,13.7743
1.47018e+06,1.21218e+06,727707,101937,140821,124779,677136,95221,642320,2230.3,-4649.58,2.00258e+06,23307.2,2279.82,3418.35,6372.58,13.801
1.16789e+06,934730,749662,133609,146050,125526,698102,123342,649942,1991.6,-4401.02,1.67886e+06,17347.5,1543.53,3093.98,5346.35,13.8517
1.45997e+06,1.16071e+06,754694,135119,178773,140488,763509,117432,690371,1556.4,-5800.18,1.93151e+06,20849.8,1003.48,3307.15,6483.37,13.9101
1.08301e+06,868162,748485,170065,229527,187658,733868,152945,667161,1985.63,-5548.28,1.99596e+06,17890.7,204.846,3297.67,5588.58,13.9115
1.35788e+06,1.1002e+06,740530,125159,204118,176731,692978,116689,643549,2430.13,-5240.36,2.05421e+06,19296.8,1715.14,1316.16,6385.61,13.9579
1.43914e+06,1.16054e+06,744036,202965,269196,243538,663213,194463,626233,2959.73,-7109.67,2.17216e+06,22195.8,1953.51,3098.89,7427.59,14.0398
1.39367e+06,1.06576e+06,784606,209100,373384,310875,720644,188024,667257,3477.28,-4771.99,2.04984e+06,26794.8,3594.9,4543.7,6774.14,14.0567
1.10544e+06,913171,726330,133014,164921,143791,688170,123928,643988,1654.33,-4968.08,1.79645e+06,21376.1,629.043,3799.56,5140,14.0567
1.22927e+06,947899,778100,168495,223018,180945,739511,151359,667927,2338.68,-4866.16,1.70925e+06,23036.4,460.747,2618.74,5379.05,14.0622
1.36653e+06,1.00647e+06,814649,190745,290790,238817,730576,173242,660619,2278.81,-4317.09,2.17079e+06,31736.7,2889.51,4458.27,6970.24,14.0868
1.2818e+06,1.07768e+06,713647,151350,165055,145696,679725,143008,635001,1805.8,-6212.31,1.9089e+06,18542.7,2805.44,2992.68,6065.47,14.1102
1.1952e+06,991254,723447,225471,329662,316410,625129,221831,609847,2078.93,-5448.67,1.88298e+06,28935.2,3043.04,3383.63,6878.03,14.1174
1.3514e+06,1.12464e+06,720978,140065,176930,158374,670300,131810,637575,1594.76,-6339.61,1.94114e+06,25680.8,1155.49,3232.18,6338.17,14.1642
1.17444e+06,932887,755356,145884,194471,164882,707673,135554,645724,2150.46,-3714.42,1.5128e+06,24136.3,2383.51,3034.63,5406.39,14.2119
1.49969e+06,1.16379e+06,773177,125377,166552,138285,722645,114669,656032,2409.7,-5027.85,2.32289e+06,17758.8,1584.9,2725.55,7267.18,14.2982
1.27272e+06,1.04401e+06,731443,160407,197627,157944,750749,133981,718340,1439.51,-4888.35,1.80652e+06,14523.3,3001.14,1873.06,6064.71,14.3279
1.28645e+06,1.01504e+06,760434,120416,216874,188225,691324,110966,651098,1933.54,-5149.77,1.661e+06,20660.9,3074.97,3372.98,5681.65,14.338
1.47208e+06,1.18679e+06,744231,175619,247545,204042,727922,153991,684269,4172.5,-4672.14,2.41623e+06,44964.9,10115.8,4125.78,8055.36,14.3452
1.22717e+06,1.00888e+06,729820,150834,147979,128007,693613,140405,644568,2218.53,-6616.93,2.22494e+06,19696.1,1516.4,3140.93,7047.41,14.3923
1.32084e+06,1.07464e+06,737457,135873,146974,128109,688355,128850,632703,3032.77,-7173.65,2.06118e+06,18484.5,3335.34,3030.84,7129.66,14.4037
1.15353e+06,903963,765649,161836,215732,183479,705471,147642,657681,2014.12,-5176.81,1.67276e+06,21980.7,1178.26,3104.97,5735.92,14.4075
1.34781e+06,1.15466e+06,700368,127347,163147,142662,686154,116317,656899,1974.27,-7471.08,2.05053e+06,16688.5,-1051.72,3059.48,6771.54,14.4121
1.33343e+06,1.08177e+06,739577,132511,163467,136402,719050,121993,651729,2149.23,-5187.96,1.76306e+06,22315.3,4117.7,3580.87,5764.94,14.4392
1.19213e+06,992458,720714,157316,222302,199934,667125,144788,651914,1420,-4031.61,1.66957e+06,21985.4,2719.68,3221.27,5993.75,14.4408
1.35806e+06,1.07894e+06,755216,108481,136884,114539,717052,100425,648131,1691.45,-4186.74,1.39378e+06,17984.8,-376.569,2006.07,4786.34,14.4731
1.21688e+06,954662,764802,142868,184020,145710,757754,126706,676535,2290.03,-4912.04,2.01305e+06,25878.5,2476.96,3818.12,6766.08,14.5004
1.31226e+06,1.09506e+06,719009,142220,264877,251662,631507,135686,628894,2829.04,-3837.54,1.67053e+06,22577.9,2878.47,3008.37,6102.59,14.546
1.43978e+06,1.19692e+06,721743,103484,135031,119375,678691,96420,643960,2214.13,-4305.63,1.60075e+06,24421.1,-93.3242,3321.89,5608.95,14.5984
1.37885e+06,1.16273e+06,711522,108100,128148,112444,683798,99756,650187,2231.21,-6479.81,2.13911e+06,18277.3,2713.24,3086.52,7329.15,14.6164
1.39554e+06,1.17696e+06,711428,135196,161280,141738,682724,126201,642763,2874.54,-6906.61,2.29329e+06,18771.9,5457.73,2376.29,7670.5,14.6478
1.53903e+06,1.30552e+06,707315,132892,161159,144748,668024,126558,630030,2057.26,-4532.42,1.82196e+06,19648.2,3050.91,2376.67,6127.94,14.7062
1.45873e+06,1.23315e+06,709757,124434,141162,120931,700377,114056,654593,2242.21,-4643.98,1.81229e+06,16539.5,2286.97,3149.25,5320.62,14.7277
1.34907e+06,1.09739e+06,737607,161262,199652,169668,706032,146658,659746,2958.51,-7429.97,2.41672e+06,25464.4,3298.87,3133.27,7916.09,14.7725
1.35655e+06,1.1211e+06,726009,193591,388386,338187,689061,174795,664520,3376.53,-3909.87,2.16778e+06,34998.6,3460.23,4698.72,7103.29,14.8115
1.57949e+06,1.26344e+06,750089,112396,145432,120256,725611,101959,661419,2481.52,-6376.06,2.28808e+06,23290.9,2579.15,2445.82,7523.9,14.8565
1.55765e+06,1.2138e+06,769970,175177,300860,250798,719767,158601,662708,3025.65,-5070.31,2.23051e+06,29117.5,1829.99,3021.86,7160.24,14.8578
1.37969e+06,1.09948e+06,752915,149739,196755,164414,718021,135568,662716,1932.91,-5661.75,1.88496e+06,21542.8,1901.92,3178.26,6763.6,14.8634
1.35528e+06,1.09682e+06,741385,162623,195618,167993,698666,150446,648566,1765.14,-4098.92,1.46879e+06,22931.7,3917.28,2736.05,5115.63,14.8979
1.29237e+06,1.00069e+06,774886,118902,152524,124119,737310,108596,656941,1655.97,-3584.86,1.79221e+06,21352.7,540.911,3497.37,5353.57,14.9292
1.21043e+06,927081,783382,169363,190583,146780,779056,144935,701126,3829.36,-7113.19,2.19111e+06,42712.4,7876.43,4142.57,7684.64,14.9374
1.28704e+06,1.08351e+06,712710,214641,339626,326555,624017,203826,631837,2050.63,-4902.96,1.81627e+06,16584.2,3707.29,3097.76,6009.63,14.9678
1.22559e+06,961428,764854,148685,207313,172565,720816,135052,660567,2272.9,-6111.59,1.98724e+06,21927.7,1219.7,3357.98,6955.79,15.0787
1.16413e+06,912567,765399,185330,214891,169218,761943,166028,669756,2447.25,-3547.77,2.00898e+06,23352.6,6711.85,3284.03,8492.36,15.1009
1.34256e+06,1.15041e+06,700218,117400,156534,143954,652434,112511,626070,1590.25,-4854.3,1.75163e+06,17683.9,871.972,2475.19,6173.33,15.1356
1.47673e+06,1.22836e+06,721318,143895,256116,221772,692916,122691,703695,2872.99,-5818.81,1.93967e+06,18354.5,3410.34,3037.59,6991.98,15.1549
1.35124e+06,1.13087e+06,716922,119759,128648,111442,692634,110487,650349,2668.11,-5117.82,1.76124e+06,19866.7,1310.98,2537.67,5554.95,15.2948
1.14625e+06,973485,706482,153817,219446,197180,667752,144724,637698,1207.88,-3975.28,1.4029e+06,18921.6,2884.31,2418.8,4573.01,15.3454
1.6103e+06,1.21047e+06,798183,333098,375561,300558,749728,301763,662304,2536.8,-6486.33,2.06318e+06,22652.4,1669.71,3093.22,7662.31,15.3505
1.37054e+06,1.10405e+06,744823,156181,219638,182361,722646,138564,676285,1254.91,-4006.11,1.60623e+06,25127,1713.46,2698.64,5731.91,15.3506
1.3777e+06,1.17306e+06,704670,148079,189815,153704,740961,128076,693710,1817.57,-6188.96,1.93944e+06,28843,2908.93,4535,6068.88,15.3539
1.24445e+06,1.01357e+06,736674,125481,164245,128667,765909,107145,702678,2033.17,-6266.89,2.16161e+06,17348.3,828.344,4363.27,7590.93,15.3565
1.31893e+06,1.04633e+06,756317,140518,205825,158641,778456,117147,719702,2578.16,-4844.69,2.0299e+06,24386,2533.83,3331.58,6812.11,15.3685
1.4977e+06,1.20127e+06,748055,137502,151849,127818,712804,127297,648100,3316.75,-7445.12,2.26119e+06,18657.6,3068.96,3627.92,7001.76,15.3736
1.25286e+06,991162,758421,125752,142105,115634,737351,114442,659298,1637.01,-6019.65,1.81235e+06,20982.5,2505.01,2284.81,6013.03,15.3842
1.51821e+06,1.31467e+06,692893,98083.9,119168,106940,668606,92459,636502,4733.56,-3883.25,1.91928e+06,17115.8,3758.43,1585.92,5681.11,15.411
1.22192e+06,990652,740068,176616,259635,212872,731805,155588,681090,2681.58,-6500.14,2.238e+06,23855.3,3475.71,3329.9,7531.52,15.429
1.54055e+06,1.2575e+06,735053,142467,212520,187053,681688,131346,650802,3293.78,-4818.81,2.01408e+06,21828.3,3729.11,2516.77,6467.49,15.4357
1.46802e+06,1.20866e+06,728750,127792,161901,141260,687674,118819,645310,3814.54,-6293.39,2.02994e+06,22226.7,3314.43,3507.74,6781.41,15.4596
1.69444e+06,1.24411e+06,817182,111649,165690,125705,790853,93998,712669,3325.28,-4198.43,1.42325e+06,23875.3,3422.44,2678.41,5265.95,15.4723
1.29865e+06,1.0093e+06,772008,112063,147948,116683,760767,98900,679857,2135.55,-5176.85,2.02764e+06,21299.7,2630.39,2696.39,6507.97,15.525
1.4001e+06,1.13488e+06,740217,174990,328164,270124,728919,153801,682661,1910.48,-5895.09,1.83854e+06,18668.9,391.623,2987.68,6081.7,15.5427
1.26594e+06,1.02623e+06,740148,142153,175332,147856,711497,130408,654037,2389.2,-4596.57,1.84318e+06,21655.8,558.422,2193.69,6402.55,15.558
851018,653050,781886,118739,174868,140694,745736,99754,714190,2808.11,-4972.7,1.83191e+06,19628,4722.33,2089.65,5790.86,15.5787
1.30394e+06,1.03585e+06,755290,220337,317199,229916,827777,180066,734186,5057,-6229.49,2.12031e+06,28901.7,3078.34,3780.81,8444.22,15.5812
1.51715e+06,1.29204e+06,704534,107034,142307,122101,699291,96485,665600,2368.14,-5460.84,1.73253e+06,21783.3,959.123,3752.35,5949.24,15.6559
1.45375e+06,1.15132e+06,757608,133350,194099,164352,708599,123989,645300,3236.75,-3282.45,1.82119e+06,19790,1483.7,3863.67,5360.57,15.6671
1.57073e+06,1.31687e+06,715668,125498,217712,191515,682073,112631,668542,3874.93,-5477.36,2.07634e+06,26005.6,1005.51,3550.4,6786.68,15.6782
1.23533e+06,943314,785741,155857,234938,195236,722013,145475,642818,1528.73,-3849.23,1.77514e+06,21595.2,3555.82,3067.79,5098.28,15.8259
1.55716e+06,1.24179e+06,752378,104991,141460,120058,706960,96722,651296,1971.9,-5448.69,1.8312e+06,21008.4,1391.5,2585.26,6116.36,15.878
1.12954e+06,937010,723282,143780,154619,126364,734158,128506,671316,1468.37,-6011.67,1.75011e+06,17814.5,1937.75,3464.91,5599.19,15.9569
1.53188e+06,1.25914e+06,729969,119505,153531,134224,686305,110992,646020,1776.6,-4853.26,1.80182e+06,23197.3,1195.95,2430.12,6220.99,16.0796
1.45625e+06,1.25194e+06,697915,119598,160302,145208,662370,112436,638218,2394.59,-4595.48,1.77565e+06,17611.2,4840.01,1669.32,5919.48,16.164
1.48172e+06,1.19105e+06,746425,132018,205058,172939,711435,118059,670944,5208.7,-4621.42,1.84334e+06,33579.2,4052.57,3354.68,6411.15,16.2048
1.45328e+06,1.19157e+06,731777,147808,247711,218052,681611,132958,667016,2499.8,-4831.3,2.31221e+06,25065.9,3147.17,3971.52,7580.48,16.2253
1.36726e+06,1.0926e+06,750825,122245,131810,108418,729453,112853,649935,3527.11,-6340.08,1.9219e+06,17093.9,-97.9639,2218.72,6075.47,16.2438
1.3986e+06,1.15314e+06,727720,185083,255395,231336,662400,175916,631266,1210.74,-5646.2,2.06029e+06,22911,3635.94,3579.69,6793.34,16.3543
1.77972e+06,1.28607e+06,830307,305095,465722,371626,751920,265034,690693,1633.41,-7799.89,2.49292e+06,20299.7,1027.87,3115.74,9356.18,16.3877
1.26884e+06,1.04087e+06,731406,223010,375268,354642,634896,210482,635711,4138.66,-5363.2,1.87825e+06,22720.3,3149.61,3417.19,6693.97,16.4694
1.42051e+06,1.1363e+06,750068,145805,164025,134365,732446,130027,672805,2367.42,-7247.83,2.11974e+06,17167.7,1671.86,1855.16,6686.32,16.483
1.3791e+06,1.16319e+06,711368,128635,171499,152841,673246,120408,640996,2697.1,-7293.13,2.29743e+06,41959.3,7392.54,3672.8,7622.93,16.5036
1.21248e+06,1.02756e+06,707972,134315,142346,123156,693489,123726,651348,1965.43,-5709.8,2.22019e+06,17465.6,3860.77,3470.84,6447.58,16.5589
1.36164e+06,1.11392e+06,733432,131274,217949,189797,688995,120045,656122,1344.48,-5943.04,2.19407e+06,26047,3025.57,3125.98,8123.7,16.5624
1.32027e+06,1.08928e+06,727239,103705,128761,113421,681147,95772,649698,2878.65,-3217.77,1.16735e+06,17857.8,-722.8,2681.42,3987.08,16.5944
1.53664e+06,1.19442e+06,771910,127484,213425,184487,694113,117578,650551,1837.93,-3695,2.41374e+06,21162.9,3431.24,3314.5,6789.43,16.6045
1.36058e+06,1.08786e+06,750415,127728,143994,119988,720044,115615,662860,2188.64,-5832.23,1.9493e+06,30410.8,8337.88,3054.32,6450.14,16.6668
1.45559e+06,1.12649e+06,775292,166819,237273,197906,719352,149709,668575,4626.56,-7655.13,2.51111e+06,37088.7,12010.3,3169.63,8595.65,16.6668
1.32069e+06,1.04213e+06,760382,152370,197692,165708,715808,140974,648500,2138.85,-5119.66,1.89301e+06,19916.7,1455.81,2890.23,6281.44,16.8193
1.2852e+06,1.01653e+06,758585,153008,170607,143513,713275,141348,649494,2172.68,-5194.42,1.90655e+06,26361.6,2203.79,3474.98,6664.4,16.8418
1.43485e+06,1.21178e+06,710451,141349,186001,161507,690995,128022,662459,2181.19,-8755.62,2.74668e+06,19801,1955.83,4479.82,9391.83,16.8747
1.38075e+06,1.14523e+06,723392,161383,224623,188367,715485,142958,677332,3814.17,-5096.53,2.13502e+06,28899.8,3501.04,3252.73,7315.59,16.8781
1.34089e+06,1.11192e+06,723555,120317,117854,100835,701270,110492,653350,1844.12,-7033.64,2.32747e+06,15494.4,3689,2886.05,6732.14,16.9013
1.04133e+06,830634,752196,137924,139425,113898,734474,124413,665160,1389.71,-4249.17,1.41018e+06,15850.2,3124.97,3217.67,4500.22,16.9575
1.29886e+06,1.02481e+06,760446,117146,137581,114902,718427,106750,658434,1637.12,-3024.43,1.01165e+06,15404.4,1650.18,1844.58,3536.9,16.9678
1.41477e+06,1.18095e+06,718793,127338,173072,151136,687085,116906,653538,1709.84,-6288.79,2.08618e+06,23036,2415.84,3359.52,7266.88,16.9679
1.44299e+06,1.20569e+06,718087,129519,138410,122219,679484,122815,632752,2045.76,-7870.97,2.40535e+06,20733.1,1516.62,2688.76,7729.55,16.9833
1.44788e+06,1.19384e+06,727676,116216,190167,164786,692416,105922,658312,3038.86,-6000.55,1.96871e+06,22418.6,3053.34,2728.18,6992.33,17.0196
1.47032e+06,1.22589e+06,719634,110578,131732,111337,709910,102543,647012,2388.45,-5585.29,1.83945e+06,19302.6,1926.61,2772.62,5781.2,17.0304
1.48319e+06,1.21818e+06,730523,123114,197451,180363,656846,115957,637035,2300.21,-6388.73,2.17199e+06,21053.2,2844.72,2973.66,7204.96,17.0342
1.34111e+06,1.08019e+06,744932,194327,292589,230953,760126,163425,713453,2531.86,-4762.21,1.91329e+06,26224.9,2224.65,3600.61,6421.56,17.1128
1.09588e+06,885570,742488,165493,143939,119206,724490,154111,644314,1098.34,-7252.89,2.19412e+06,15831,839.623,3281.72,7400.02,17.1141
1.23099e+06,981315,752659,184413,342206,252457,813300,152963,723362,1990.49,-5757.78,1.92565e+06,23706.4,1435.23,3275.81,6868.9,17.138
1.19856e+06,964611,745522,138716,154107,132752,696520,129457,642912,2239.92,-6875.09,2.11387e+06,21469.3,1419.89,3279.35,7089.25,17.1498
1.37828e+06,1.1613e+06,712106,104421,112431,98455,685172,97668,641486,2116.77,-4428.78,2.14725e+06,20902.7,1504.69,4038.51,6540.84,17.1694
1.33264e+06,1.05932e+06,754808,167571,177795,147302,724205,154656,650106,2215.86,-8893.48,2.64315e+06,23341.9,1325.94,3850.07,8533.17,17.234
1.10064e+06,891649,740634,137257,153159,128235,716616,123740,665540,2502.94,-5712.12,1.97519e+06,25712.8,3982.98,3708.29,6128.13,17.2571
1.3673e+06,1.08623e+06,755256,178490,235211,194167,726832,161940,661318,2484.21,-6584.17,2.38500e+06,24624.6,2385.29,4227.93,8037.36,17.2717
1.56134e+06,1.29964e+06,720818,128906,171213,148603,691289,117263,659573,2946.55,-5630.25,2.18214e+06,25130.1,1792.71,3119.11,7485.25,17.2882
1.35324e+06,1.02856e+06,789396,109459,153765,125329,736134,98818,664612,729.59,-3081.63,1.90292e+06,20216.5,661.171,3145.75,5609.19,17.3018
1.7124e+06,1.37525e+06,747094,174916,242906,208814,697959,157661,665668,3181.25,-3991.16,1.5527e+06,26192.9,6102.05,3393.92,5285.3,17.3563
1.23901e+06,1.03874e+06,715677,129621,138598,118013,704658,120380,646057,2314.47,-5346.54,1.6569e+06,16697.4,5237.46,1867.9,5418.98,17.5107
1.55855e+06,1.29542e+06,721876,144215,186380,166646,671050,134681,642472,3737,-8507.71,2.62987e+06,21356.3,3166.92,4038.23,9051.28,17.5721
1.41692e+06,1.12748e+06,754024,138302,149452,127704,702180,128724,644645,2619.21,-7529.55,2.32193e+06,16068.4,1287.59,2404.94,7864.29,17.6735
1.43436e+06,1.12799e+06,762966,148841,207165,173356,717015,136308,655167,2063.21,-5489.44,1.95733e+06,27408.2,3023.15,3328.41,7212.09,17.7943
1.14684e+06,889802,773322,190528,297342,254296,701566,175683,650701,2121.47,-5556.48,1.93305e+06,27073,3069.64,4020.36,6377.63,17.8258
1.36777e+06,1.15669e+06,709493,121301,142564,130371,656114,114512,635571,2019.77,-5409.35,1.90339e+06,18619.8,3237.17,1921.27,6447.57,17.8364
1.38895e+06,1.14255e+06,729395,167224,230088,199761,691089,148995,673406,2657.77,-4260.64,2.00087e+06,33322.1,2276.58,4336.83,6669.41,17.8618
1.36998e+06,1.09128e+06,753235,145363,183580,156275,704832,133808,651813,1599.04,-6739.68,2.17974e+06,19029.1,3656.88,3156.04,7009.38,17.8723
1.20627e+06,998570,724801,122973,166970,148053,676662,113985,647314,1947.12,-3790.04,1.69916e+06,27266.5,3087.25,5630.17,6234.61,17.9569
1.30381e+06,1.06708e+06,733110,114112,137206,118039,697428,106681,641795,1688.33,-4872.56,1.84746e+06,17280.4,2941.75,2652.68,5561.52,17.9834
1.22296e+06,993762,738384,137524,189117,157173,721944,122415,674057,2292.39,-3980.71,1.90614e+06,25601.1,4233.56,3628.43,6229.88,18.0359
1.33155e+06,1.12091e+06,712750,160350,211248,177958,712239,144093,667694,2515.38,-6883.41,2.37359e+06,29716.2,1610.93,3495.32,8176.07,18.191
1.17377e+06,971631,724822,159011,179525,152907,704450,146334,651980,2700.33,-5301.45,1.83971e+06,17253.9,4988.58,3341.37,6211.45,18.2059
1.45132e+06,1.25046e+06,696380,120665,169340,120356,844194,94984,762226,1626.73,-2559.4,1.86e+06,18435.5,2463.8,3521.35,6370.94,18.2176
1.31061e+06,1.02138e+06,769908,142546,162286,130837,744221,130831,653724,2725.31,-6139.98,1.95721e+06,23884.2,-596.32,3063.64,6177.39,18.3047
1.28316e+06,1.06521e+06,722766,162172,224638,202025,667160,151426,642580,3285.26,-5409.58,2.16042e+06,28440.2,939.86,3010.71,7202.17,18.3104
1.33659e+06,1.07551e+06,745651,156633,158045,132903,713507,145403,646342,2173.9,-6177.48,2.20206e+06,19609.6,2446.97,3178.53,7420.12,18.3429
1.21408e+06,992458,733986,149182,233946,202739,692356,136010,658107,1822.72,-2738.69,1.53808e+06,23639.7,1774.52,2198.31,5267.08,18.3753
1.5663e+06,1.32035e+06,711766,144034,179512,157130,685464,132190,653761,2190.15,-7531.11,2.31055e+06,18099.7,357.535,2785.21,7789.15,18.4199
1.31232e+06,1.10293e+06,713910,124644,143707,124514,692484,113737,657537,1933.82,-4996.88,1.74601e+06,19650.6,3009.63,2865.6,6059.98,18.4754
1.35105e+06,1.11272e+06,728514,221413,275191,233038,708532,200186,663623,2635.97,-8230.11,2.66132e+06,30280.8,764.896,4826.21,8691.36,18.4788
1.57678e+06,1.27051e+06,744633,181719,227622,148887,917295,133764,815102,3074.29,-6014.29,1.97767e+06,21486.1,1393.54,3312.35,6896.32,18.5105
1.33669e+06,1.10292e+06,727173,134025,197511,171686,690253,120677,666367,2001.61,-5084.51,1.9561e+06,23810.5,100.421,2892.4,6509.15,18.5499
1.49981e+06,1.26025e+06,714055,127896,170166,152090,671311,119705,641057,2450.65,-6593.5,2.12672e+06,21377.4,1854.75,3418.63,6591.88,18.554
1.46445e+06,1.18736e+06,740021,135652,144472,126331,686159,126179,645045,2264.87,-5927.06,2.09101e+06,21110.6,1601.18,3144.12,7013.34,18.6685
1.48415e+06,1.24152e+06,717258,105484,159821,140751,681293,96888,653230,2243.96,-5817.38,2.24674e+06,22206.7,1575.69,3393.84,7228.12,18.698
1.54704e+06,1.19714e+06,775368,155728,218618,180867,725234,141278,661370,2822.24,-4674.75,2.04758e+06,24116.1,1977.79,4154.58,6196.42,18.7068
1.47843e+06,1.20576e+06,735681,193808,591392,531048,668179,149510,777774,2249.13,-4750.04,1.77635e+06,20896.6,-145.423,2153.07,6384.97,18.7164
1.24031e+06,976978,761720,267152,500310,407656,736371,230823,694433,1945.49,-3513.1,1.73742e+06,24958.4,-1631.29,3484.12,5949.21,18.8407
1.47844e+06,1.1675e+06,759796,118806,155115,137676,676000,113860,626065,1939.28,-4294.61,1.71349e+06,19220.7,131.779,2411.66,5377.86,18.8916
1.45624e+06,1.21215e+06,720822,98841.3,119776,101480,708174,91849,645677,2768.64,-6535.67,1.92016e+06,20982.3,2668.81,3026.97,6554.78,18.9494
1.26837e+06,1.06098e+06,717282,183255,236070,177589,797585,153352,716998,2898.48,-6253.37,2.05911e+06,28243.2,587.607,3746.71,6203.72,19.0023
1.47341e+06,1.23189e+06,717633,127728,186097,160078,697524,117850,650290,2524.81,-5647.64,1.90924e+06,24443.3,3028.83,3077.21,6678.16,19.1227
1.44255e+06,1.11544e+06,775958,116882,140988,113657,744280,108885,644068,2204.13,-5351.01,2.14622e+06,23396.3,2823.27,4511.12,6971.55,19.1562
1.39807e+06,1.15302e+06,727516,148713,208576,188443,664104,140883,633345,2298.76,-5717.64,1.74915e+06,21532.4,1014.35,2792.55,6536.66,19.2094
1.21149e+06,943924,770077,145317,243811,202035,724065,131332,663889,1910.2,-2893.2,1.65566e+06,21187.8,619.773,2859.52,4883.76,19.2374
1.39856e+06,1.17555e+06,713825,93290.9,130887,115774,678321,86527,646903,1457.8,-5741.15,2.11516e+06,18479.4,-974.296,2417.36,7890.96,19.2651
1.25822e+06,1.06097e+06,711546,110702,116139,107725,646862,106600,623090,1584.89,-5130.73,1.94173e+06,13581.3,3630.64,2445.36,6160,19.2828
1.33429e+06,1.07245e+06,746492,129465,140059,120988,694578,121149,641185,1834.53,-5455.07,1.82941e+06,16832.1,3133.9,2280.54,5358.62,19.2834
1.66181e+06,1.30227e+06,765653,194106,259507,224071,694889,174677,666737,1394.6,-5821.15,1.87701e+06,16420,4814.23,2325.17,6869.88,19.303
1.50575e+06,1.3031e+06,693311,120477,150724,130575,692587,112401,643110,2639.54,-7826.26,2.12413e+06,17633.4,1014.22,2275.11,7168.22,19.4852
1.444e+06,1.10758e+06,782248,161566,236585,197184,719890,149203,649718,1898.63,-3496.25,1.95282e+06,24338.2,818.154,3179.62,6202.62,19.5003
1.25258e+06,974874,770920,147628,250268,208887,718862,131323,674495,2093.6,-4063.01,2.01784e+06,25081,686.766,3342.91,6835.98,19.5456
1.11939e+06,837512,801939,126020,164860,135339,730878,111634,677320,3511.09,-6293.62,1.98094e+06,40266.8,6372.86,3690.22,6967.8,19.5817
1.28781e+06,1.01232e+06,763284,191339,287466,204696,842613,156819,732077,2473.74,-6931.75,2.048e+06,18625,3992.45,2401.63,6935.49,19.6316
1.31372e+06,1.11238e+06,708597,152720,213179,174588,732624,134823,679649,2054.32,-4786.79,1.74479e+06,22492.7,2201.33,2730.31,6015.19,19.6384
1.11386e+06,889848,751044,132834,152201,125040,730330,120558,661095,1910.76,-6388,1.97502e+06,17601,2488.82,2646.91,6188.22,19.6629
1.23739e+06,1.00424e+06,739299,138453,197610,177024,669774,129613,640921,2042.96,-4668.19,1.61312e+06,24970.7,4135.65,2925.77,6255.45,19.7
1.27048e+06,1.03684e+06,735199,114926,159068,138637,688423,106363,648306,2283.76,-6699.28,2.00609e+06,29601.1,2167.06,4000.36,6948.11,19.7465
1.38233e+06,1.07064e+06,774677,170180,242717,206119,706534,158795,643017,2230.6,-5483.83,2.14798e+06,25244.4,4763.97,3845.61,7781.01,19.7817
1.2781e+06,1.0711e+06,715958,148868,207864,185057,673946,137388,650137,2583.89,-5622.78,1.97376e+06,20877.4,2799.88,2740.23,6229.6,19.891
1.4263e+06,1.07919e+06,792986,159573,219675,177934,740753,145516,657961,1392.39,-2116,1.7816e+06,16900.3,741.022,2971.99,5417.12,19.9019
1.43308e+06,1.19165e+06,721561,169709,219969,158428,833069,145122,701652,2584.29,-8092.6,2.54959e+06,18716.2,2076.88,3093.72,8242.92,19.9703
1.4458e+06,1.23865e+06,700344,98551,111135,102206,652419,94575,625224,2110.93,-6302.26,1.8894e+06,14825.6,2402.63,2424.51,5434.21,19.9996
1.43328e+06,1.09697e+06,783947,158788,272644,237540,688668,146286,651278,2641.99,-5530.73,2.02899e+06,30246.6,10013.6,3901.49,6330.11,20.0408
1.25408e+06,1.04286e+06,721526,156675,162475,134200,726417,143016,657306,1149.5,-6142.12,1.83331e+06,17879,2930.67,2889.03,5826.54,20.1187
1.49386e+06,1.18617e+06,755642,121360,179760,153331,703421,111968,650330,2700.53,-5557.77,2.11334e+06,22261.2,1177.47,3544.01,7071.68,20.166
1.30156e+06,1.08005e+06,723051,141616,165734,139421,713238,130829,649473,1938.75,-4420.96,1.87416e+06,19676.2,2723.25,3229.82,7167.05,20.1684
1.27692e+06,992359,772052,133981,199329,163425,731819,121789,660066,1570.61,-5151.85,2.23399e+06,20379.8,2130.55,2871.1,7015.48,20.2512
1.42141e+06,1.15270e+06,739863,131541,158803,136944,695772,124168,635627,2270.26,-5736.56,1.85029e+06,18323.3,538.159,3233.58,5882.97,20.3313
1.15658e+06,845330,820918,99243.6,129063,96065,806097,84587,703963,3428.31,-3204.97,1.86551e+06,22003.5,1287.08,3092.06,5351.35,20.3606
1.45333e+06,1.22411e+06,712356,124390,163895,143176,686824,115699,645068,2857.03,-8238.86,2.27319e+06,22986.9,983.075,3554.71,7296.78,20.3931
1.4609e+06,1.19195e+06,735385,155707,206852,179796,690288,139267,670830,2878.39,-5700.31,2.46371e+06,30394.7,3691.04,3372.77,8556.04,20.4611
1.2994e+06,1.10102e+06,708109,169336,252011,225901,669350,158281,641906,1671.39,-3977.21,1.66478e+06,22584.1,2119.51,2801.89,5811.48,20.4764
1.01775e+06,793682,769389,161581,180947,150342,722143,146696,660880,2908.25,-6144.38,2.03516e+06,21137.7,3312.49,3558.28,6486.72,20.5036
1.583e+06,1.33514e+06,711383,124523,148113,132234,672050,116496,641340,2337.07,-5853.59,1.96358e+06,27134.5,2875.79,3205.58,6249.76,20.5121
1.33343e+06,1.14041e+06,701551,126002,188651,151174,748744,111528,677870,1601.78,-4907.9,1.6677e+06,16138.6,2120.91,2967.7,5596.26,20.5814
1.25249e+06,999162,752124,147087,214354,183111,702375,134979,653823,1570.99,-5375.44,2.19915e+06,23581.4,2940.73,3336.72,7638.89,20.661
1.45622e+06,1.22416e+06,713735,200326,264628,251932,630236,195558,614630,1315.66,-4818.19,1.98844e+06,20010.8,3416.87,3735.08,6315.94,20.7941
1.20968e+06,1.02487e+06,708195,140832,188177,166026,680052,129975,650119,1408.96,-5497.46,1.88841e+06,24144.6,1710.08,3323.76,5849.06,20.8167
1.42645e+06,1.10465e+06,774788,119261,178091,146074,731512,107804,663766,2062.71,-2437.07,1.74475e+06,16891.7,2414.84,3037.21,5163.93,20.8226
1.51456e+06,1.18322e+06,768016,151530,172283,136739,755964,135074,673097,2779.9,-6349.29,2.167e+06,22673.8,1549.07,2233.19,7578.86,20.8323
1.43585e+06,1.17134e+06,735494,109079,142046,113914,748177,96253,679955,1956.11,-6333.72,2.02666e+06,20061.5,1521.92,2275.46,7708.77,20.8491
1.51582e+06,1.15829e+06,785198,134619,199082,162082,736968,121596,664259,2222.76,-5110.01,2.11778e+06,19871.1,2615.26,3093.18,6807.39,20.8975
1.52549e+06,1.26424e+06,723983,164809,377993,343935,659415,144997,681981,2306.08,-4228.62,2.01555e+06,17183.8,2403.58,2706.01,6650.67,20.9198
1.46928e+06,1.19928e+06,735081,104589,149481,127770,701955,96277,651798,1814.31,-4109.47,1.90459e+06,16348.4,-334.039,2615.25,5835.13,20.9589
1.42445e+06,1.13494e+06,753055,128335,194860,161723,722940,117559,655000,2928.57,-4095.48,1.88257e+06,24707.6,1653.21,3681.43,5813.66,20.9936
1.30875e+06,1.04357e+06,752464,139090,155998,129294,723921,127791,653051,1190.59,-6165.22,1.84927e+06,17269.2,1159.56,2232.2,6547.71,21.1477
1.24054e+06,1.0405e+06,715351,166640,251360,212869,708492,151180,661359,2081.35,-5130.88,1.82299e+06,24721,1603.24,3463.93,6486.36,21.2497
1.40857e+06,1.20651e+06,700488,119510,146106,132158,663324,113624,631081,2508.36,-7123.86,2.07107e+06,18693.4,568.499,3501.59,6419.79,21.2717
1.34584e+06,1.10497e+06,730792,147752,145976,130132,673052,139912,633620,3234.79,-9279.7,2.80137e+06,16225.5,5316.24,3446.75,9050.13,21.2951
1.51222e+06,1.17773e+06,770410,145871,231719,189834,732384,131635,664887,1784.27,-2758.57,2.02402e+06,22124.3,264.226,3961.67,5842.98,21.3192
1.23305e+06,1.0006e+06,739390,136251,142022,119836,711081,122956,664875,2772.58,-6545.28,2.17006e+06,23844,2710.15,3665.49,6748.62,21.3536
1.42698e+06,1.16667e+06,733876,139504,173536,148283,702181,130297,642397,3268.65,-6773.77,2.24608e+06,18081.4,2478.23,3308.82,8366.24,21.3564
1.34469e+06,1.05465e+06,765002,150308,200756,175485,686405,142815,631479,1687.36,-4899.36,1.75300e+06,25062,-799.993,3952.54,5769.94,21.3761
1.47039e+06,1.20098e+06,734600,115710,131635,109384,722054,105754,656488,2688.39,-4948.09,1.70859e+06,14505.7,2514.97,2245.69,5263.62,21.3855
1.4179e+06,1.15206e+06,738456,163786,257789,225587,685648,153230,641334,1953.54,-5333.57,1.85653e+06,26039.3,1242.24,3050.26,6650.18,21.3996
1.26837e+06,1.05792e+06,719356,183499,259595,233752,666335,169907,647998,1956.05,-5458.68,1.87326e+06,21854.4,2335.85,3859.57,6124.53,21.4438
1.10955e+06,885973,751414,175721,243044,217758,669672,165313,637777,1823.11,-4557.91,1.46569e+06,22039.2,1458.94,2896,5352.54,21.4506
1.34906e+06,1.14374e+06,707706,119565,128025,114383,671561,112662,636762,2009.48,-6273.52,1.90796e+06,18642.8,2602.82,2944.04,6482.25,21.4525
1.23977e+06,1.01621e+06,731999,126347,151873,136918,665536,119089,636570,4003.61,-7195.61,2.52277e+06,15131.1,4028.4,3150.32,7190.04,21.5783
1.2452e+06,1.04499e+06,714954,137327,181947,160338,680862,125765,655161,1036.77,-5423.2,1.84302e+06,22129,167.01,3859.51,6350.3,21.5907
1.27409e+06,1.03662e+06,737448,123290,223723,195227,687577,112919,655108,1921.83,-3601.66,1.74709e+06,20423.4,71.1943,2830.75,5675.86,21.7038
1.18806e+06,947318,752480,200017,317550,294526,646903,192350,623916,3033.68,-6067.76,2.0521e+06,18691.9,3665,4274.92,6562.2,21.7041
1.15519e+06,946081,732613,149800,195123,167917,697213,136415,658873,1980.33,-4709.04,1.99211e+06,22716.5,2170.73,4099.62,6885.69,21.7726
1.42025e+06,1.17186e+06,727177,118553,146540,130703,672703,110436,644100,1669.16,-4581.28,1.86403e+06,16783.6,2050.36,4028.66,5647.34,21.8007
1.15968e+06,957018,727060,134588,150866,126059,718076,123408,654357,1866.32,-4623.92,1.62693e+06,16122.8,152.42,2613.09,4951.28,21.8357
