"FSC-A","FSC-H","FSC-W","SSC-A","SSC-B-A","SSC-B-H","SSC-B-W","SSC-H","SSC-W","Comp-Alexa Fluor 647-A","Comp-BV650-A","Comp-CTV-A","Comp-FITC-A","Comp-PE-A","Comp-PE-Cy7-A","Comp-eFluor 780-A","Time"
2.26055e+06,1.63126e+06,831462,551859,483344,364103,796496,431529,767307,8017.08,-1227.92,4297.77,67827.5,25317.9,15635.8,1732.68,10.1132
1.25881e+06,753367,1.00255e+06,990320,805075,518458,931695,716172,829678,10889.1,880.954,27548.2,60139.5,33067.8,36489.2,2388.41,10.1295
1.92652e+06,1.48935e+06,776120,903780,694070,460113,905086,617845,877676,14345.4,2999.4,18472,50423.3,21980.9,18835.5,2936.62,10.1355
2.35589e+06,1.79369e+06,788059,311823,267784,221216,726306,266682,701562,5159.4,-886.143,11158.5,111957,10232.8,10583.2,3808.07,10.1465
1.75457e+06,1.24006e+06,848942,705661,641729,465310,827485,546271,775067,7653.05,1185.9,296597,28934.5,54320.7,15207.4,2372.56,10.2765
1.56451e+06,1.17517e+06,798781,725545,537340,407391,791387,573182,759492,8769.67,-342.765,96092,38508.3,22985.4,16789.7,3174.76,10.2912
1.70658e+06,1.26179e+06,811506,515278,317679,246981,771749,436485,708310,6985.94,1033.2,46188.1,60990.7,13595,8823.09,1961.6,10.307
1.70366e+06,935776,1.09235e+06,433072,262925,171343,920697,294865,881227,7494.66,-1154.26,3032.44,164864,12426.3,12703.4,1560.86,10.3171
2.06128e+06,1.37013e+06,902668,1.16506e+06,975580,629216,930282,808214,864916,13270.9,2149.55,132607,91718.8,34894.2,26318.2,4881.58,10.345
1.59555e+06,1.05306e+06,909092,486313,393761,283869,832272,365718,797850,9729.88,-1131.59,8201.25,211681,6684.01,10184,2338.26,10.3523
1.82355e+06,1.22789e+06,891063,1.24777e+06,1.03896e+06,643813,968260,812809,921079,15675.8,3427.84,90222.6,86914.4,33954.4,31888.5,3713.8,10.3685
1.77728e+06,1.24704e+06,855120,946478,849340,569479,894860,667334,850979,7492.14,4315.76,127564,100232,29178.7,19804.4,3094.23,10.3705
1.60006e+06,1.2291e+06,781091,509747,352575,254165,832313,395995,772354,11692.9,-534.68,5541.51,83166.5,24872.7,8574.75,3120.47,10.4608
1.90882e+06,1.33964e+06,854921,738073,595379,412736,865511,542669,816048,17706.4,2617.9,7849.9,44332.1,20502.9,19817.3,5232.49,10.465
1.4951e+06,1.14288e+06,784913,709074,566715,417721,814010,540827,786655,11895.4,3112.74,47485.6,59098.3,19447.9,19750.1,3770.31,10.4743
1.81862e+06,1.25292e+06,870901,877853,770378,538247,858763,638082,825461,11943.3,1466.23,15684.3,52777.2,25409.9,21195.6,4621.22,10.5066
2.321e+06,1.68985e+06,824097,511957,399345,290894,823693,395312,777042,7305.83,1207.89,14481.4,110750,15309.4,9210.09,1484.64,10.5415
1.15424e+06,759930,911325,729513,515014,349310,884625,512468,854117,7587.12,1511.82,512151,41737.2,32074,22383.5,3833.89,10.5644
2.01394e+06,1.63506e+06,739034,505096,360201,287785,750980,416956,726834,10978,-280.202,49955.1,47524.2,21569.6,12848.1,4223.39,10.5798
2.20242e+06,1.51693e+06,871136,646630,567040,430801,789747,500942,774496,3235.31,1337.16,869478,75312.9,28127.5,13431.5,1782.11,10.6137
1.70648e+06,1.20593e+06,849047,852824,509194,339200,900696,645173,793112,8634.52,2084.67,97487.8,45021.8,24649.4,20978.7,2088.07,10.6536
1.62732e+06,1.20251e+06,811964,628461,437502,295371,888716,440930,855185,16808.6,150.357,39560.4,52284.2,25627.3,21030.1,2679.63,10.6609
1.51675e+06,1.15362e+06,788869,408473,262360,194733,808370,335717,730030,11090.3,-855.518,18644.5,99397.8,12357.1,9711.89,1598.13,10.6738
1.38825e+06,1.02221e+06,814848,553590,291900,204939,854596,430983,770690,10969.4,493.108,44381.9,45975.3,43545.2,10877.9,3237.58,10.6805
1.59361e+06,1.14036e+06,838480,954500,676893,421333,963931,634963,901942,10947.1,2193.98,75833.4,50686.6,37710.4,25826.2,4257.25,10.6853
1.55733e+06,1.13326e+06,824520,539819,482492,364361,794528,419354,772358,8907.52,659.612,73105.1,40503.3,35815.8,12119.3,4283.98,10.6956
2.2114e+06,1.63003e+06,813996,539423,391242,306322,766335,431106,750752,6424.92,1134.25,1.47323e+06,56865.8,13019.6,24378.1,1823.3,10.7039
1.54096e+06,1.16933e+06,790688,703420,481274,314246,918912,506089,833948,7528.04,-72.8843,29285.5,58982.3,22413.5,20056.4,3602.06,10.7355
1.90673e+06,1.1848e+06,965595,697540,370366,242837,915098,473823,883292,8958.28,-88.4202,88583.4,39233.9,13875.6,14293.3,2165.94,10.7387
1.17142e+06,698338,1.00647e+06,790241,633605,410579,925919,551531,859688,5863.68,3244.84,6140.43,29277.7,4268.19,1059.56,979.074,10.7817
896977,570967,942587,516821,409095,294833,832530,416151,745144,8780.1,361.117,17189.1,60451.8,20188.9,13964,1409.32,10.8484
1.87361e+06,1.25761e+06,893888,914279,566722,366576,927593,643400,852607,6949.51,2274.89,46438.2,38347.8,20956.7,20675.3,2362.58,10.9078
1.55579e+06,1.19627e+06,780324,681071,618413,449671,825154,522974,781382,8701.43,946.404,159504,49328.1,23502,20226,2480.92,10.9576
1.85513e+06,1.41526e+06,786485,370426,250433,195091,770205,328024,677559,5149.58,-1107.9,19624.2,97861.5,6950.93,6898.23,4089.09,10.9629
1.56716e+06,1.04977e+06,895713,1.22631e+06,965429,589704,982285,872241,843560,12931.8,800.203,81437.6,95005.3,40227.8,25062.6,3715.45,11.051
2.28699e+06,1.7019e+06,806271,791243,606109,447029,813516,610586,777525,5600.88,2536.94,189629,63042.4,14802.1,21388.1,4820.25,11.0952
1.29724e+06,684932,1.13638e+06,802915,436838,249672,1.04979e+06,502106,959457,38508.7,-641.906,11888.6,147097,83225.2,24101.4,2702.48,11.1613
1.85397e+06,1.20923e+06,919910,415767,354805,231072,921284,298425,835923,14873.8,-225.231,96351.7,48083.5,28367.7,18083.9,2601.25,11.1917
1.53911e+06,1.1187e+06,825483,968467,632143,416244,911210,709870,818573,12278.8,-83.9385,38297.5,61226.5,52305.5,19573.9,4351.75,11.2004
1.27644e+06,808740,946988,688772,551656,392680,842909,533465,774677,11014.5,-473.043,57440.5,49974.7,17885.5,12447.4,4493.19,11.2051
1.70094e+06,1.2257e+06,832635,841952,694180,463813,898008,604017,836352,11782.1,3589.07,4147.61,71513.2,32726.8,17435.4,4752.46,11.2188
1.90752e+06,1.34705e+06,849646,1.04545e+06,884930,536754,989201,703674,891421,15423.8,3506.48,92432.4,45739,25549.7,22303.9,4352.91,11.2415
2.03603e+06,1.40859e+06,867263,584351,327418,224656,874451,436863,802564,25693.6,-910.912,59719.8,53924.1,19318.4,11876.7,6016.87,11.2443
1.93602e+06,1.53217e+06,758146,337158,291053,224814,776782,270994,746491,7809.01,-636.889,16537.2,43995.5,9202.83,11524.9,1148.83,11.2449
944008,595010,951925,666589,599149,426290,843298,503837,793815,5441.29,1512.26,71854.5,37024.3,17974.4,20932.5,3255.65,11.2547
1.07856e+06,557222,1.16136e+06,746078,631629,356028,1.06446e+06,455894,981910,14113.7,-157.519,47983.7,73079.8,18921.5,16277.2,7275.76,11.2563
1.75281e+06,1.24072e+06,847640,806120,645076,432811,894260,599597,806662,8606.62,2532.98,26441.9,55072.8,40540.6,20788.1,3237.34,11.2716
1.80707e+06,1.43594e+06,755075,576116,354994,263107,809542,434961,794713,12088.2,2879.44,25162.6,37757.2,22000.4,17289.2,1720.74,11.3158
1.24827e+06,916136,817523,495005,345437,273719,757209,438476,677353,4087.81,283.045,31915,51815.4,12616.4,5598.05,1649.89,11.3622
817023,690828,709603,344768,187035,132154,849167,285162,725414,861.855,2431.38,11457.6,6825.9,2108.28,2852.22,472.619,11.3876
1.96649e+06,1.48102e+06,796679,530709,444483,347628,767170,448776,709542,1931.38,875.999,18972.3,55717.4,2552.06,4291.65,952.92,11.3963
1.52191e+06,1.13631e+06,803604,795389,515299,337649,915683,561934,849270,8426.42,2519.43,44676,78841.5,21014.7,18730.6,3219.14,11.406
1.67872e+06,1.16542e+06,864261,851284,546681,379470,864387,624895,817370,10885.5,2426.73,63230.3,37028.5,27956.3,17064.4,3739.09,11.4399
1.6452e+06,1.10983e+06,889437,888644,584383,375430,933943,632879,842478,8165.97,2734.36,37225.8,43332.8,24609.7,20575.7,5212.45,11.4716
1.60245e+06,1.15787e+06,830377,825206,718568,500236,861875,611309,809940,16813.8,1679.9,1544.94,89527.9,41933.3,16091.6,4063.47,11.4724
2.09648e+06,1.67674e+06,750197,380378,272422,226046,723097,318396,716802,10336.5,1081.56,17297.4,236679,23296.6,14376.7,1584.89,11.4742
2.49349e+06,1.81773e+06,823055,432698,371891,286091,779942,365953,709433,5092.01,963.353,34644.7,92973.5,6836.53,6157.76,2532.26,11.4886
1.11908e+06,769651,872409,856446,444823,300266,888857,641921,800516,5763.81,2353.37,5755.04,37823.5,22568.6,13213.9,712.405,11.5312
1.33688e+06,1.00458e+06,798472,459546,385382,305457,756994,380982,723728,10534.4,-65.1001,19815,47242.7,12771.4,16690.7,2422.32,11.5728
1.54657e+06,1.09244e+06,849424,932089,626679,423617,887611,702172,796462,11695.8,-74.5629,46692.9,60718.6,27474.2,19786.5,2346.11,11.5985
1.84457e+06,1.4577e+06,759240,733024,583421,348121,1.00555e+06,474058,927764,6820.85,1935.96,164796,48482.2,15147,16794.9,2959.93,11.602
1.66171e+06,1.28092e+06,778363,566061,361122,264409,819462,426629,796094,15236.1,1717.12,80729,98066.4,43911,12619,3481.88,11.6107
1.54712e+06,1.06966e+06,867825,718966,536424,372858,863209,566864,760993,10755.7,1780.45,12944.7,37255.9,20640.1,17960.4,5852.38,11.6276
1.99996e+06,1.44843e+06,828465,733419,507777,363666,837764,542731,810810,20662.5,888.971,1001.99,107227,124881,22501.9,1624.31,11.6669
2.03292e+06,1.55719e+06,783304,708197,393118,269642,874756,518780,819072,11745.7,459.497,50988.7,41653.7,16384.3,21633.5,2640.52,11.6714
2.56708e+06,1.77711e+06,866714,671132,569865,369088,926389,464597,866728,17715.6,-1138.68,11034.4,88599.4,30668.8,15929.5,4255.82,11.7218
1.69104e+06,1.23107e+06,824184,761908,501766,344097,874927,559311,817336,6160.68,770.288,68541.4,86084,26533.1,42351.6,3791.12,11.7273
1.14627e+06,772408,890412,617311,314566,207571,909277,438526,844617,8569.44,934.993,17936.1,50463.7,10337.4,7979.28,2225.88,11.7329
2.32644e+06,1.46561e+06,952412,1.18216e+06,1.01754e+06,687178,888450,837200,847227,11878.1,163.204,50105.4,138243,63643,12431,8336.2,11.7457
2.24266e+06,1.70448e+06,789444,333963,263737,215836,733161,295609,677847,5040.05,-1248.42,18325.6,45412.5,12553,14270.1,1190.98,11.7481
1.65168e+06,1.24778e+06,794217,650767,472363,334480,847339,488684,799003,12235.8,4222.12,93429.1,45811.2,28025.3,14570.7,3141.39,11.7665
1.39561e+06,1.07762e+06,777052,628003,394795,274995,861388,475633,792212,7043.78,199.205,41770.3,47449.6,24976.7,16796.4,5101.77,11.803
1.53031e+06,1.13058e+06,812139,686623,555733,399136,835404,513946,801590,6904.23,1303.95,5604.23,44377.2,37773.5,14786.6,4216.75,11.8419
1.42389e+06,952557,896886,937585,535649,351162,915217,677398,830458,12442.3,1959.41,5071.47,56284.9,60650,15334.8,5536.21,11.8662
2.35808e+06,1.78787e+06,791360,264331,203074,164732,739652,236773,669835,5826.25,407.901,10945.2,85873.2,11095.6,7052.01,1194.33,11.8663
874832,719861,729167,238881,165494,140494,706765,201310,711980,4850.13,-96.5157,14266.7,29296.7,14334.5,8943.6,1006.14,11.881
1.64591e+06,1.1509e+06,858064,402009,195359,138385,847022,316052,763183,12081.8,-559.097,8421.01,59275.6,25287,16554.7,1354.88,11.8869
1.67577e+06,1.17149e+06,858272,807183,649446,440415,884774,588991,822270,6775.82,736.194,35081.7,33381.9,14141.6,15096.6,2634.18,11.8884
1.50893e+06,1.07229e+06,844326,759864,491570,326678,902852,545945,835099,7424.03,1054.81,62036.4,63468.8,10943,23177.8,2341.44,11.9799
1.88328e+06,1.55643e+06,726001,299760,181349,150353,723692,262707,684626,6375.03,-1031.9,15691.6,131597,12322,16038,2830.86,12.0036
1.18678e+06,772114,922235,1.12519e+06,630282,420643,899027,818602,824714,15518.2,2092.93,2549.71,64698.6,39760.8,17450.2,3890.7,12.0118
1.76415e+06,1.38416e+06,764713,528457,430140,354086,728874,453489,699188,6929.84,-16.0085,16306.4,49263.6,16941.8,8198.2,2639.5,12.0298
767337,558907,823754,403310,260454,196687,794522,325197,744121,7841.9,219.08,15968.8,87624.2,5032.65,4816.29,854.452,12.056
1.69343e+06,1.2484e+06,813889,645013,379989,275337,828051,497265,778272,6030.7,1138.26,156259,58277.1,15743.8,21902.1,2527.73,12.0723
1.6895e+06,1.17503e+06,862701,1.14836e+06,905960,572166,950032,774022,890178,19228.1,559.735,37471.5,83505.5,40593.9,31131.2,4336.8,12.0892
1.11934e+06,822953,816090,839000,441923,335863,789470,660135,762572,7593.01,3056.25,50450.9,44944.6,15120.5,15924.3,2201.24,12.124
1.60295e+06,1.19279e+06,806322,903733,526575,395295,799263,716455,756837,10086,1936.31,160489,37642.6,30423.1,14374.1,5725.42,12.1443
1.52509e+06,1.07500e+06,851210,1.12097e+06,866946,571395,910347,819121,821102,13554.7,2586.63,86679.8,59542.3,33197.3,27778.5,6774.18,12.172
1.60027e+06,1.29479e+06,741558,497297,399739,321478,746065,427481,697991,8640.23,-1205.52,23849.8,110377,29242.8,11623.4,2454.96,12.1856
1.65862e+06,1.34578e+06,739479,280801,261067,219195,714617,240117,701660,6204.22,41.3593,36418.7,158088,2448.23,5544.59,1502.45,12.2363
1.04824e+06,704371,892914,762903,411355,277538,889295,571370,801130,7723.69,1154.59,8906.39,41195.9,27274.5,17728.9,2356.87,12.2562
1.20251e+06,841493,857408,588142,429323,342888,751248,498864,707378,12222.4,-786.243,8425.48,77605.9,17440.8,10124.1,4018.01,12.3181
1.34797e+06,1.06696e+06,758026,386322,194657,150859,774196,330488,701367,3587.34,-683.135,17598.6,86955.8,8080.32,6610.75,4484.46,12.3276
785884,532383,885698,392319,256558,190337,808749,330856,711462,6510.55,-518.533,94500.7,52229.9,15097.5,10787.2,2188.57,12.3334
1.2291e+06,825416,893440,456642,313146,212519,884097,325489,841764,9862.86,1177.31,50379.6,115625,11442.2,11434.6,2004.57,12.3384
732689,487279,902180,485485,229227,154988,887401,380115,766323,1455.86,2149.51,40871.8,55730.3,11234,14405.7,758.383,12.3649
1.90301e+06,1.31107e+06,870896,1.18156e+06,752645,520189,868121,893810,793162,7481.72,3859.43,89346.8,100477,35526.1,20435.7,2879.16,12.3783
1.59766e+06,1.09844e+06,872691,415125,207671,153376,812401,334750,744064,9605.5,732.579,10516.6,32504.6,21188,10947.9,1592,12.397
1.25519e+06,881195,854652,881825,646486,450957,860152,656010,806535,6749.12,1467.35,21545.4,72969,27429.1,21610.3,1880.86,12.4101
1.6728e+06,1.22962e+06,816250,536402,334310,238999,839276,402396,799812,8810.67,160.929,98305.8,43661.8,15720.8,16910.7,5156.22,12.5216
1.25589e+06,879142,857125,1.01954e+06,613347,435009,845978,744689,821452,7250.84,2947.46,86136.3,64604.9,30447.7,21755.9,3067.47,12.6376
2.05037e+06,1.25088e+06,983488,1.13544e+06,665804,402873,991583,745595,913717,13262.9,1309.13,4211.29,68282.1,143338,19574.9,3561.35,12.6616
1.43487e+06,1.01588e+06,847466,837118,717638,482829,891791,598330,839454,9926.32,548.482,20916.9,45736.9,24579.2,21167.9,2948.53,12.6624
1.50084e+06,1.22499e+06,735111,301048,282419,265565,638080,288992,625030,1605.51,2814.11,172131,27824.4,8933.09,4897.6,744.536,12.6692
1.50718e+06,977121,925481,1.15037e+06,680713,456049,895578,809792,852344,9104.25,2874.55,41148.6,46507.2,31505.1,19995.8,2761.13,12.681
1.53682e+06,1.16068e+06,794439,722040,514353,356790,864968,518951,834807,10692.3,1867.02,19948.9,50020.7,21520.7,27199.5,2921.67,12.6924
1.66726e+06,1.26716e+06,789446,379729,222253,162322,821528,293422,776483,7985.03,-587.229,3983.51,67324.6,8002.02,7814.7,1631.24,12.7089
1.48991e+06,1.1491e+06,777952,646303,375637,283196,795852,518199,748326,11560.3,1790.51,521277,28206.5,19268.6,15771.4,1588.52,12.7481
2.78965e+06,1.74351e+06,960013,834812,552689,352446,940891,605617,827070,5251.25,2436.41,69292,55205.1,22512.1,14310.2,2034.04,12.7579
1.56292e+06,1.19082e+06,787488,484997,428308,330985,776425,415885,699709,5400.81,-535.245,61418,23686.3,6293.79,7765.56,2337.31,12.8041
1.72242e+06,1.18673e+06,870837,1.33071e+06,894307,559397,959219,956756,834512,13182.1,3185.73,124615,61508.2,40130.9,26484.6,4141.52,12.8118
2.56938e+06,1.69738e+06,908236,516456,337328,232574,870248,390792,792937,4993.13,1535.07,13232.3,112080,27697.1,7898.4,8438.2,12.8138
1.54195e+06,1.09552e+06,844504,419766,199904,142246,843204,314652,800438,3703.66,635.773,33263,81370.8,11223.8,10784.8,1067.08,12.8221
1.78635e+06,1.37716e+06,778279,584417,442801,311011,854248,433899,808138,8313.02,383.133,22028.9,68686.5,10249.9,16189.5,3458.58,12.8398
2.04621e+06,1.47936e+06,829904,563516,317694,230723,826170,444305,760986,9206.02,1957.04,13156.1,113106,11025.4,12359.8,1232.15,12.8644
2.47309e+06,1.71924e+06,863087,477868,381928,266928,858497,369895,775142,10099.2,-912.362,28955.5,135787,18476.8,13151.8,4952.2,12.8649
1.43717e+06,990310,870737,858165,593773,421011,846210,641815,802255,10862.9,2977.31,86021.3,38828.1,24148.4,23675.1,1477.64,12.8988
1.09354e+06,704565,931249,735295,637611,452733,845015,544846,809728,5301.93,1257.77,10716.1,38984.5,22138.3,17239.8,3250.62,12.9151
2.0625e+06,1.39853e+06,884857,726153,451245,298859,905935,517316,842216,10542.6,246.679,23068.4,54427.1,17616.6,18047.8,4016.36,12.97
1.53997e+06,1.04784e+06,881800,1.10747e+06,1.02048e+06,683566,895725,782201,849505,13325.6,2538.79,7267.84,110337,55533.5,25968,4254.95,12.9757
2.05557e+06,1.37847e+06,894718,1.00129e+06,751632,498141,905325,699910,858362,19699.6,1860.33,23406.3,70404.7,48929.1,20585.2,9165.66,12.9814
1.50514e+06,1.03006e+06,876727,877721,560498,371333,905652,662872,794471,9593.46,1338.88,75608.5,48114.1,22301.1,26168.6,3323.43,13.0189
1.54863e+06,948380,979756,960824,773338,551652,841115,721222,799330,13624.8,2995.76,4554.55,86255.4,36649.3,16844,4794.42,13.0535
1.67569e+06,1.23694e+06,812820,689439,395831,272624,871158,506581,816579,14415.3,137.318,8746.61,77882.1,23170.7,16361.5,2945.47,13.0741
1.58846e+06,1.05759e+06,901180,1.00082e+06,770043,485337,951969,711792,843633,10390.3,948.489,153361,71597.9,23286.3,20779.4,1691.88,13.1024
1.14732e+06,829928,829462,584505,320202,253808,756955,498632,703330,7601.07,-437.241,10073.2,47018.2,21568.1,9673.76,1291.55,13.1768
1.41113e+06,979333,864546,922823,779184,539927,865877,674348,821080,8857.52,952.459,20876.4,62718.8,29625.5,25253.9,3636.98,13.1968
1.28884e+06,823670,938850,779052,403415,280324,863461,609435,766991,8381,-973.54,314.197,128156,42818.6,13161.9,3443.11,13.2566
1.79368e+06,1.38554e+06,776744,498735,376300,294214,767401,432043,692618,9288.61,-921.115,21071.9,47739.9,13483.8,11678,1104.64,13.3522
2.40915e+06,1.75434e+06,823949,590087,415742,298671,835184,441102,802653,3940.18,478.769,3214.77,48731.3,73347.8,11812.1,4046.96,13.4036
710039,543930,783232,562997,444668,362008,737003,477593,707293,4027.5,1341.86,4419.84,3776.49,-85.3743,491.438,173.079,13.4102
1.3738e+06,931545,884854,409368,208248,134679,927752,294898,832901,6627.92,1895.84,42664.6,79240.8,54687.8,9719.21,930.389,13.434
1.18474e+06,839887,846359,627998,366056,267942,819706,471327,799442,8279.5,-292.959,48032,54219.7,35389.2,8454.51,3937.85,13.4917
2.46074e+06,1.40224e+06,1.05292e+06,709416,363598,221561,984645,492641,864016,4618.7,3388.63,15716.3,37735.5,6370.23,4272.37,2656.38,13.5983
1.59119e+06,1.23367e+06,773885,563418,455730,344030,794809,435695,775888,11057.6,102.549,20187.6,54802.7,15382.8,24441.9,1985.03,13.6045
1.41077e+06,1.06185e+06,797155,507239,297318,213533,835426,403506,754248,5993.75,132.624,9298.14,47098.7,21518.2,21925.3,1308.61,13.6499
1.62946e+06,1.14384e+06,854728,422091,367117,269105,818530,343986,736236,13963.3,-815.642,16572.9,144597,27752.5,14447.9,1186.63,13.8932
1.59393e+06,1.20017e+06,796850,724145,593676,434758,819320,563207,771452,9279.32,1060.93,25268.2,46833.4,17031,15245.8,2532.75,13.9273
1.81372e+06,1.33093e+06,817646,961154,587234,378529,930815,685635,841107,24724.4,3446.25,3227.12,82033.5,42759.5,21617.3,4290.12,13.9425
2.58892e+06,1.71795e+06,904190,515146,407845,290867,841302,383944,805033,23367.8,1842.03,4863.03,91435.6,38815.8,17074.2,3216.29,14.0123
1.43435e+06,1.04626e+06,822559,802977,548930,373415,882016,601159,801429,9231.64,1112.87,81611.4,41057.4,16548.8,16819.6,1171.79,14.0171
1.77824e+06,1.18942e+06,897028,1.15937e+06,737574,488200,906482,879764,790690,9786.5,2971.06,26713.7,50353.8,83048.3,17171.9,4218.88,14.0867
1.48939e+06,1.11195e+06,803664,776014,654028,497931,788095,629611,739517,15270.6,404.624,79195.7,53554.3,25331.5,18087.1,3597.15,14.1723
1.31988e+06,887404,892412,1.01615e+06,528495,345659,917370,726213,839545,13922.4,2806.41,41161.3,39962.9,29102.1,23735.5,3819.5,14.1764
1.58321e+06,1.09487e+06,867615,1.09411e+06,876656,566546,928421,764008,859239,10862,1965.81,99627.1,67243,23229.1,20705.4,3305.6,14.2721
1.69097e+06,1.25396e+06,809105,821680,700512,471281,891840,603885,816394,6584.03,1365.81,80925.9,37213.9,31156.6,20959.7,2430.93,14.273
1.63603e+06,1.31392e+06,747090,452135,299020,234819,764044,361993,749410,9858.63,1752.32,188130,65595.1,10606.1,14028.5,1397.47,14.2778
1.59856e+06,1.15393e+06,831192,879426,649019,391497,994672,601522,877200,10132,1626.08,21094.7,57443,31857.5,19803.8,3493.32,14.302
1.69433e+06,1.14508e+06,887795,909261,723854,489635,887012,678744,803774,14389.2,3864.73,5830.13,74054.8,35026.6,22691.5,2939.12,14.3032
1.77913e+06,1.20774e+06,883862,1.02105e+06,870842,577421,904895,725235,844731,4429.32,2665.82,174038,115914,21852,14838,2739.79,14.3251
1.47864e+06,1.05847e+06,838179,742016,521591,360960,867006,563644,789878,13794.5,-726.766,25581.8,47188.4,28580.7,20313.7,1722.02,14.3602
1.9829e+06,1.45304e+06,818792,487355,458964,367384,749565,407841,716978,5555.56,428.331,237.948,98787.5,67529.9,11381.6,1400.81,14.361
923959,660858,838872,363855,278080,215379,774672,306329,712675,6731.38,-538.319,38366.6,62144.9,18691.5,9758.39,327.181,14.4177
1.53996e+06,1.03673e+06,891237,1.0472e+06,552430,369275,897591,777440,808190,14159.6,2495,26788.4,56317.9,88354.5,22490.3,4445.19,14.4435
2.14660e+06,1.6457e+06,782625,612681,558090,422410,792722,487019,754813,14820.9,235.382,33223,62851.4,9030.58,20564.4,5039.26,14.5125
1.9331e+06,1.45238e+06,798590,395209,340713,272171,751101,320957,738807,2739.76,1195.96,203468,58708.6,4866.46,9402.61,3728.4,14.5777
1.64583e+06,1.07083e+06,922179,600677,541974,386163,842091,460827,782086,7215.04,204.681,7211.01,139172,9937.51,12170.5,2620.83,14.5996
1.39432e+06,1.10025e+06,760364,261846,113639,90715,751621,227610,690250,1560.36,138.534,8482.89,43079.1,4960.95,6014.48,1549.61,14.6059
1.33796e+06,977425,821318,762968,450214,320953,841645,586334,780750,7198.15,2190.34,26876.4,34381.5,17819.7,15787.4,3982.57,14.6356
1.39128e+06,970868,859815,611181,287190,200363,860009,473209,774940,3115.43,1274.74,19107.2,52316.4,12703.1,7268.13,1859.91,14.6772
978932,643273,913079,784650,707920,471863,900160,566162,831546,5230.81,1988.42,70990.8,60061.8,19849.1,18827.9,3198.36,14.7255
1.75502e+06,1.2855e+06,819147,497433,372240,279588,798833,424887,702445,11628.7,2284.67,27405.2,84242.7,35542.8,19208.1,1008.88,14.7352
1.65277e+06,1.21825e+06,814008,800590,657135,478387,824189,624895,768695,6503.07,814.486,25419.1,48755.8,18805.2,16448.6,5184.38,14.807
2.13838e+06,1.67731e+06,764931,962565,940838,320598,1.76078e+06,458824,1.25874e+06,8481.47,1688.5,122124,103284,33779.8,10482.1,2298.38,14.8129
1.66812e+06,1.27631e+06,784191,528990,333696,258277,775204,437232,725916,9330.72,1401.52,154996,60740,22901.7,17664.4,1533.14,14.8438
1.82689e+06,1.35654e+06,808037,404430,231222,180722,767662,343645,706129,10330.1,29.4559,37896.2,162215,44771.8,16035.8,1035.19,14.8453
1.62369e+06,986476,987569,424428,360084,239536,901955,304149,837276,8127.94,241.166,22023.1,47067.9,19003.5,16680.2,1925.43,14.8881
1.17388e+06,824244,854516,819692,458217,332769,826190,632591,777462,8270.24,898.109,10893.4,39949.2,29956,15535.8,4061.14,14.9195
1.65097e+06,1.09143e+06,907603,630473,451968,307392,882198,486240,777977,7653.89,-770.567,104240,44026.9,24419.5,10455.1,5343.05,14.9674
2.17396e+06,1.54988e+06,841598,415724,304201,243093,750826,359062,694683,4119.68,967.717,8378.04,82285.1,12600,6793.32,4927.73,14.9739
852198,568777,898980,699548,497661,356656,837212,531940,789053,7554.41,2010.48,48041.9,48384.6,24136.7,18964.6,3300.74,15.0357
1.49645e+06,1.16556e+06,770337,448911,292057,226070,775133,367692,732534,2127.03,-1414.67,19118.3,43811.6,70739.5,9828.8,1774.01,15.051
1.24592e+06,960093,778624,444147,277434,217022,767022,366944,726236,7495.93,255.281,11974.7,47735.2,1503.58,7210.71,1262.99,15.1637
1.47531e+06,1.0381e+06,852700,715944,520814,370897,842520,563548,762253,12944.3,3815.16,18234,72201.8,12229.8,20768.1,2525.36,15.2745
953223,647116,883820,464633,399959,303745,790056,372691,748018,7157.02,1565.08,25926.8,69577.3,11690.1,13339.4,1723.87,15.2823
1.27325e+06,823369,927837,978564,648419,438809,886608,762096,770426,13535.8,720.763,19120.9,72970.6,26937.1,12292.8,2435.48,15.4087
1.71729e+06,1.25427e+06,821495,1.02801e+06,885807,637554,833630,740981,832419,11674.3,4461.97,78730.3,67713.5,29372.8,23369.5,4552.66,15.4464
1.14929e+06,831570,829242,494272,333463,259462,771125,403768,734489,10954.8,1234.02,136701,28342.2,22942,10403.5,1522.53,15.4684
885523,644338,824588,562041,416209,289141,863681,431407,781686,7389.06,1802.71,153076,43530.5,12778.3,18016.3,3086.45,15.4698
1.87157e+06,1.30031e+06,863596,877148,739810,510950,868746,667171,788837,12609.7,1298.44,27594.1,61588.9,23859.3,25028.4,3310.65,15.4942
1.38413e+06,1.08242e+06,767242,495652,356874,274755,779329,409549,726144,8187.27,640.835,87331.8,38140.9,10832.1,10658.9,1409.7,15.5218
1.99363e+06,1.51078e+06,791761,482646,360800,264818,817468,390365,741838,16258.4,-499.805,7659.95,65587.9,9088.16,8530.54,3075.67,15.5769
1.58085e+06,1.10551e+06,857981,690092,590448,396616,893229,462113,896004,2368.5,-109.425,535626,33724.6,7872.61,12342.1,1810.31,15.5881
1.22731e+06,827739,889637,1.07074e+06,911130,650649,840204,833144,771108,8989.9,1636.59,32894.3,83989.6,31043.2,24616,3785.01,15.6333
1.01794e+06,758506,805216,485650,390816,315850,742408,405177,719168,5909.04,373.405,3264.21,59814.7,17244.3,6872.04,2296.91,15.6341
1.40839e+06,990889,852805,1.10666e+06,887348,590894,901022,802406,827509,11560.2,387.052,18530.9,83614.2,36146.5,26749.9,3990.65,15.6673
1.5896e+06,1.18575e+06,804352,874247,830488,611335,815090,684582,766231,7141.34,4066.35,81960.8,31119.1,12227.5,16380.5,2889.65,15.673
2.53541e+06,1.73442e+06,877092,562809,319005,229421,834288,433932,778199,12419.5,1937.99,33836.3,90964.9,23619.1,19805.8,6416.47,15.7236
1.58939e+06,1.19431e+06,798482,412922,218525,171365,765122,357721,692587,9729.92,249.937,6152.76,73916.5,11724.4,10234.5,1324.7,15.7762
2.19975e+06,1.71935e+06,767644,629175,515672,351433,880405,465247,811408,8477.69,-36.6196,20559.1,56062.4,18989,15444.2,2404.73,15.8225
2.48897e+06,1.69976e+06,878582,1.22315e+06,1.03774e+06,690611,901586,895737,819316,26093.5,-664.281,-1167.72,152350,128156,27944.5,3246.46,15.8333
1.86007e+06,1.42331e+06,784120,350532,220050,169497,778953,290756,723352,21270.6,-1234.61,4087.45,54095.1,10819.7,12489,2425.24,15.8356
1.75899e+06,1.38792e+06,760414,261398,213757,183483,698999,237009,661743,4020.88,-1650.33,16867.9,114471,4173.59,21534.2,2180.35,15.8658
1.71338e+06,1.32433e+06,776261,341326,228254,174719,783844,283100,723403,11558.3,-689.12,11074.8,28400.2,6138.57,8495.14,1423.65,15.8693
2.25344e+06,1.77062e+06,763609,248206,138610,107295,775116,206915,719732,5848.25,-927.094,13831.9,128107,4584.05,7313.9,1411.96,15.909
1.39719e+06,999269,838925,465210,224833,170661,790454,384963,725073,18225.3,209.309,15670.4,154206,75186.8,13286.6,81.2684,15.9139
947878,637385,892281,416584,211660,146949,864219,318390,785046,7391.6,-154.761,20907.9,39229.6,14051.9,9636.91,30.2667,15.934
1.80752e+06,1.39887e+06,775278,606211,515884,373505,828718,472972,769024,10055.1,3956.47,80508.9,40010.8,27677.9,15693.7,2353.86,15.9822
1.61829e+06,1.27754e+06,760038,299750,242004,193754,749416,260945,689226,3999.85,-396.157,16232.1,117335,1962.49,3723.92,2459.52,16.0443
1.43996e+06,902488,957328,772402,583979,416366,841537,602803,768811,9028.81,-429.027,49713.3,31732.2,17464.7,11168.6,4911.71,16.0727
1.85684e+06,1.28678e+06,865806,445907,383562,284684,808396,349316,765909,22322.9,-1439.91,2644.44,56005.2,21633,17760.2,933.651,16.0742
2.17175e+06,1.6842e+06,773691,367992,265642,215887,738281,317554,695299,6357.61,-607.107,31310.9,51558.5,20390,7128.35,6927.07,16.109
1.54536e+06,985515,940844,624522,367981,252474,874501,468244,800252,23480.9,129.619,35590.5,51583.9,21091.5,24582.8,3314.98,16.1531
1.14497e+06,930562,738246,349828,208161,178456,699873,317395,661310,4826.73,-361.246,32955.3,61682.2,6056.81,8209.27,1844.3,16.1531
1.64161e+06,1.12087e+06,878756,554278,366569,248644,884564,397964,835671,22531.9,57.829,1740.25,106765,20789.6,29720.7,1480.04,16.1532
1.46784e+06,1.03687e+06,849389,750402,472074,337219,839942,597826,753131,8857.72,3258.46,376716,33322.6,21263.1,15764.5,1925.56,16.1737
1.02449e+06,740675,829908,581728,472805,317229,894253,447102,780665,7576.98,-507.097,61480.9,65367.5,13573.4,12668.1,2227.68,16.2054
1.61389e+06,1.25804e+06,769715,772306,594841,428854,832229,584884,792266,6004.65,3535.08,76868,49087.5,18397.5,16867.1,2686.45,16.2147
1.57297e+06,1.17686e+06,801946,772773,706122,484541,874380,560502,827230,7399.64,1184.86,176626,50660,16885.5,17731.4,2281.9,16.2422
1.71592e+06,1.16627e+06,882774,965134,804693,530340,910389,687822,841904,12814.9,1132,50886.2,99198.9,32979.6,31680.6,4676.21,16.2702
1.33218e+06,902759,885406,885203,532530,361769,883210,661760,802590,7551.65,1736.44,53132.3,34712.4,15108,15737,1462.79,16.3095
1.82114e+06,1.53208e+06,713203,326337,245470,215344,683939,290210,674692,6683.4,638.882,23801.3,121841,4209.19,8336.4,5755.31,16.3487
2.38254e+06,1.4789e+06,966614,1.00665e+06,846848,531530,955936,667789,904461,13787.7,909.608,123010,83045,63914.1,16089.2,9209.65,16.3872
2.57367e+06,1.91109e+06,808024,431203,289592,211922,819902,343177,753901,9297.04,246.549,8561.45,83070,40787.1,21342.4,4945.16,16.4191
1.81545e+06,1.56077e+06,697906,226768,160397,130816,735675,201552,675065,2975.03,-1387.08,24984.3,91094.6,25795.8,6182.81,1070.18,16.428
2.3561e+06,1.57873e+06,895444,592705,445789,308178,867918,452553,785816,10999.8,2887.8,18478.8,280458,14797.2,14030.4,2763.3,16.4551
1.00381e+06,642233,937798,767883,471500,324333,872251,585368,787077,9662.89,-224.8,7798.53,80028.1,23991.8,14308,1574.9,16.4762
1.85354e+06,1.35078e+06,823317,486470,416391,323729,771740,416837,700230,7146.17,406.467,7466.7,60524.7,11138.6,22911.3,1593.64,16.5023
1.79969e+06,1.37965e+06,782674,645883,463536,321531,864991,465547,832418,10098.5,1765.89,46068.8,38224.8,20012.1,17284.5,3884.35,16.5342
2.32696e+06,1.61433e+06,864863,722857,482623,340770,849763,536198,808870,12676.6,1488.32,27886.6,125015,34844.1,20254.8,9213.36,16.6061
1.54801e+06,1.20364e+06,771666,747273,425456,279910,911986,551843,812484,8940.32,1292.92,74136,60942.3,28575.4,21101.6,4775.07,16.6318
1.27356e+06,840280,909384,710344,347773,227670,916520,502859,847566,10374,30.8755,7880.3,68155.4,16091.3,9952.61,2470.5,16.7185
986766,698034,848182,968673,448848,312519,861736,745230,779899,8871.12,1254.55,16832.7,32933.9,21582.8,12870.8,1533.3,16.7384
1.04595e+06,725077,865525,572046,432585,300280,864364,423670,810130,8095.76,-77.4895,61018.7,70964.3,23459.9,12287.9,3016.22,16.7743
2.08445e+06,1.46199e+06,855461,477268,375896,289132,780051,377235,759104,24204.6,537.843,11942.5,51508.2,10358.6,13047.1,2682.77,16.9367
2.05103e+06,1.53808e+06,800101,349751,217777,166709,783797,291267,720474,2466.36,-208.642,27353.6,86489.7,8267.47,3191.51,1409.32,16.9397
1.08144e+06,613420,1.05778e+06,536152,373364,231932,965880,371350,866274,10305.8,1321.42,6490.64,82385.4,17529.2,8411.98,3929.9,16.9745
1.4883e+06,1.15522e+06,772998,241385,132710,103399,770086,214100,676465,2356.74,-245.542,32194.4,56106.4,4774.57,3712.24,753.906,17.0658
1.40202e+06,1.04374e+06,805958,523737,465287,358699,778291,424400,740439,5983.8,906.382,19579.3,45139.7,9057.87,6719.7,2335.05,17.1248
922250,818377,676156,242819,200080,178765,671539,224861,647916,1120.67,66.5922,12488,32881.2,1553.42,2341.32,542.375,17.1263
1.84037e+06,1.45563e+06,758588,554752,352753,248782,850752,406813,818192,13782.9,1296.47,37733.9,50227.4,24621.4,16832.9,2179.88,17.1291
2.24818e+06,1.81027e+06,745140,251450,224697,184995,728768,215666,699555,3715.08,-532.897,36466.2,85147.2,9320.83,7686.77,2733.83,17.2986
1.71567e+06,1.22466e+06,840562,546966,434305,300795,866313,424510,773079,10477.7,1153.73,84554.2,43539.7,12922.6,19900.6,3174.84,17.3013
1.74937e+06,1.24545e+06,842765,827153,590760,417029,849955,626556,792094,12440.2,842.356,8181.64,114845,23997.6,21149.4,4483.26,17.307
1.73541e+06,1.22436e+06,850440,857825,725663,506558,859522,641351,802517,10242.8,2721,35210.9,44558.8,23881.5,17423.6,4207.46,17.3264
1.50605e+06,1.1412e+06,791825,659036,457010,325613,842122,491640,804292,13093.3,362.002,35029.9,54990.9,18440.6,19594.1,2926.39,17.486
1.21849e+06,869317,841000,302643,244137,186416,785782,253788,715501,2682.03,-914.008,23553.5,65241.6,7964.75,7706.23,1669.21,17.5649
1.31511e+06,966996,816000,612694,445946,355418,752825,530124,693454,1897.42,640.559,5012.22,36996.2,20786.8,12784.1,1240.97,17.6141
1.62319e+06,1.21202e+06,803547,637202,543434,368844,884006,450698,848287,8259.69,2381.34,75686.8,40843.2,22221.3,18224.6,2552.92,17.6143
1.5604e+06,1.09703e+06,853428,673580,475966,313778,910133,496886,813361,12346.1,1354.07,92809.7,48407.7,22332.1,18855.7,764.483,17.6266
1.60659e+06,1.20798e+06,797987,616350,524409,383499,820460,481222,768481,8217.58,209.708,22125.7,61298.8,11107,14148.6,3809.11,17.6571
1.50423e+06,1.12817e+06,800000,448466,368553,299193,739094,385898,697282,3800.5,2679.86,67373,34503.7,8103.15,7385.84,1019.61,17.7323
852429,540389,946462,795499,734322,508834,865888,595963,800888,6743.99,2142,43039.3,48813.2,18234.4,13998.7,4886.55,17.7604
1.80143e+06,1.37464e+06,786284,513181,337345,237547,852070,393576,782336,12055.6,-1528.67,25738.8,92462.8,10852,22262.1,1128.65,17.8409
1.08779e+06,778744,838113,417706,251643,182328,828100,322130,778020,8518.32,-809.419,44067,59245,19039.5,16763,1276.94,17.9974
1.19173e+06,849505,841712,614217,408375,299384,818430,478039,770920,10269.5,-126.956,163747,44937.1,30974,7668.29,3878.9,18.0526
1.83916e+06,1.40246e+06,786827,751248,578029,393044,882388,553450,814434,11008,1620.68,52320.5,54219.2,13932.3,18895.7,2338.67,18.1909
1.95479e+06,1.43392e+06,817946,757059,497028,354533,841153,594222,764420,6129.54,2352.44,447630,37038.7,31797.8,14328.8,3375.46,18.2535
1.61406e+06,1.1986e+06,807973,400097,272163,199945,816715,320716,748508,9175.43,-102.804,9924.94,58304.5,10693,9025.94,1535.87,18.2739
2.39894e+06,1.62531e+06,885594,376123,192015,122846,937834,256197,880860,9174.04,1915.45,37316,55914.8,17115.1,10860.6,791.324,18.3267
807788,556808,870449,533030,436030,317865,823048,415969,768850,6296.16,239.802,9655.94,44121.7,15410.4,14738.5,2267.55,18.4337
1.56669e+06,1.13783e+06,826143,664166,560629,387948,867068,482897,825226,13117.7,700.913,85813.2,53354.7,23968.3,17624.7,2975.41,18.4834
954251,682554,838836,365560,240554,166956,864494,268792,816005,7378.83,-407.529,31978.3,67590.8,11044.8,13515.4,2245.98,18.5131
1.32267e+06,936750,847187,1.22712e+06,964656,582905,992947,817514,900624,9294.73,2053.59,56425.4,74461.1,38280.7,23439.5,4179.75,18.5141
1.8972e+06,1.46423e+06,777417,531902,341248,240847,850119,394502,808972,12504.7,31.4892,45459.9,43362.8,13273,16903.8,3516.89,18.5999
1.24637e+06,854634,875023,1.11452e+06,878289,574473,917316,762909,876532,11308.5,2679.67,80178.4,50847.8,50687.1,23034.5,3296.62,18.616
1.46661e+06,997350,882303,949692,550967,377247,876297,703922,809487,9353.63,650.448,47253.7,47350.4,26933.6,19496.2,5844.19,18.6374
1.46294e+06,1.05088e+06,835266,570714,503012,378979,796369,462948,739669,9405.58,-231.95,9010.65,61958.5,5469.97,12789.2,2730.03,18.6677
1.48879e+06,1.12535e+06,793771,579304,498402,355441,841325,449555,773170,14331.8,-161.977,3278.51,91078.5,14504.7,10500.9,3343.29,18.7337
2.1685e+06,1.39872e+06,930211,1.36649e+06,782667,504736,930388,940601,871667,18032.8,1379.01,2064.56,68162.5,47990.5,19051.3,3806.6,18.7798
1.75581e+06,1.2429e+06,847604,620821,572058,395416,868034,458682,812093,10876.5,2582.68,24949.6,47261.4,13059,13256,3689.32,18.9161
2.12599e+06,1.68553e+06,756792,538228,365573,279611,784460,441405,731612,13469.1,386.787,3612.68,121359,38058.6,14385,2697.66,18.9381
871730,615985,849108,517804,312483,226461,827913,420415,738990,7729.96,1297.11,5022.43,43161.5,7109.39,7678.24,2869.02,19.0001
1.43711e+06,1.03908e+06,829836,601948,441060,314511,841421,467911,771876,10108.8,-795.799,30267.4,77689.1,16861.8,17828.1,1265.52,19.0206
1.66241e+06,1.21013e+06,824248,777009,615001,435221,847846,616042,756775,4404.3,3618.63,168491,59186.7,10783.1,15997.5,1545.36,19.1573
1.73132e+06,1.25711e+06,826328,495856,267384,190150,843706,398452,746674,4596.97,3485,91397.8,53184.4,32706.3,13210.2,769.464,19.1671
1.54679e+06,1.02105e+06,908944,842629,439607,302641,871541,644931,783924,24365.2,711.453,2649.32,59136.7,37710.7,16580.2,1383.67,19.1671
1.44533e+06,1.06519e+06,814125,502622,447961,347016,774537,417089,723043,8309.32,78.1157,27026,41324.8,11908,8407.06,2531.09,19.2188
1.67769e+06,1.26981e+06,792729,467521,289705,228270,761479,391660,716215,8517.54,-422.157,42099,57371.8,8350.44,13534.3,675.571,19.2748
1.67949e+06,1.19081e+06,846228,575424,353794,250942,845919,445663,774698,7770.14,-53.2002,58896.1,48899,15142.8,24586.5,1883.78,19.3738
1.65096e+06,1.14041e+06,868614,449902,325201,249168,783089,373479,722774,8005.79,-433.098,418.067,122927,15432.9,7974.85,1995.55,19.5744
1.85713e+06,1.29947e+06,857486,861829,448924,294124,915784,608358,849989,8092.8,2068.71,27607.4,90411.7,56703.8,17096.8,9702.44,19.5869
1.2916e+06,983575,787900,485234,290318,214418,812390,416597,698854,4008.9,632.702,43809.9,22888.5,7999.22,7080.33,588.717,19.8071
1.87047e+06,1.31452e+06,853755,390125,200063,145589,824496,321250,728638,9922.21,-49.1515,123058,147209,37161.9,11361.7,1242.98,19.8124
1.59838e+06,1.10982e+06,864128,587553,457205,322173,851478,458141,769483,10443.1,618.709,17790.3,45969.6,10194.1,13013.7,2258.92,19.8638
1.23366e+06,934515,792067,474448,229444,172706,797116,406538,700227,7774.25,-836.136,40500.6,73390.8,21064,9275.79,3680.98,19.8674
1.67981e+06,1.3136e+06,767270,365924,254915,190439,803138,314157,698868,7803.21,385.979,19633.5,50341.2,3348.17,4424.31,1267.56,19.8956
1.52646e+06,1.15107e+06,795673,762363,657449,481739,818844,591071,773880,9123.11,489.123,91483.6,48183.4,23509,15846.6,3796.98,20.0525
1.10089e+06,783220,843358,428346,387475,287703,808074,337224,762127,9811.96,-921.885,31459.6,77389.3,13864.4,8964.79,3662.12,20.0833
1.77065e+06,1.29984e+06,817323,792291,616537,398308,928734,562390,845276,7890.64,1533.52,39849.8,59328.5,18900.8,20054.3,2668.79,20.2201
1.46268e+06,906557,968069,879290,567730,340642,999988,583906,903525,7480.95,3564.46,7363.78,35595.6,25501.1,17765.5,4140.72,20.2278
1.78348e+06,1.26215e+06,847833,509639,324566,232645,837068,414950,736917,11941.9,126.784,12447,49492.7,15814.6,14348.6,605.637,20.2337
1.75487e+06,1.3596e+06,774431,363894,257847,196836,785974,310823,702446,6942.73,-267.638,31395.7,136749,6213.42,7216.59,302.443,20.2448
1.36445e+06,914458,895249,982076,580511,372089,936084,685690,859347,8877.42,1972.35,21945.2,42423.7,27758.1,17338.3,3944.05,20.2888
1.54094e+06,1.16045e+06,796731,814494,608345,423946,860975,612768,797522,11272.1,3466.77,24371.8,59598.2,16602.3,18946.1,4133.47,20.3763
1.72769e+06,1.2529e+06,827372,620382,479335,375733,765439,534300,696667,1800.17,2964.62,41309.2,79636.6,16472.9,11493.6,1975.91,20.427
1.67007e+06,1.02806e+06,974694,936301,589703,393155,899954,663460,846744,10082.6,414.935,66584.1,43809.6,24897.9,11315,6733.33,20.4963
989296,601971,986057,727103,523343,342913,915702,512153,851819,7415.77,980.662,47683.8,39708.8,26642.9,18188.4,5126.73,20.5355
1.16136e+06,791933,879891,930229,545359,322589,1.01434e+06,676838,824625,8720.54,3070.07,43367.2,43549.5,19408.6,17603.9,2776.48,20.5626
2.59286e+06,1.7697e+06,879084,500093,414594,305512,814228,394680,760251,3675.29,2375.33,14945,95442.1,8328.2,18441.4,3657.86,20.645
1.48185e+06,980559,906738,856538,565420,361289,939005,610342,842025,8076.74,324.928,22011.2,78241.1,32036.9,21909.8,3031.03,20.8138
1.42253e+06,1.08045e+06,789965,717547,616170,425854,868143,548382,785088,9984.31,2940.56,47304,43374.3,27873.5,14483,3665.71,20.8351
1.33788e+06,984479,815383,467897,269940,205706,787357,390024,719797,5499.49,2415.31,47946.2,26894.7,5518.58,10396.5,1539.22,20.8923
1.49679e+06,1.11086e+06,808450,870574,699515,495156,847630,666304,783943,6009.52,4145.96,182208,52610,28596.3,19575.2,2938.03,21.1109
1.59411e+06,948965,1.00791e+06,757260,505768,300900,1.00851e+06,519076,875316,10544.3,1614.64,23954.4,45014.7,32640.9,15372,4244.45,21.1526
1.02729e+06,737812,835409,770601,418977,288697,870761,582973,793108,5964.56,1572.19,47369.5,29815.8,15790.7,16013.4,2716.89,21.155
1.1555e+06,748225,926590,888160,459815,318680,865725,693604,768300,5294.49,1544.27,3603.22,84618.8,66426.4,13592.8,3631.35,21.1611
910944,639499,854679,314659,188622,137658,822132,244590,771885,6875.31,172.345,954708,48899.4,8145.24,17692.8,779.857,21.2545
1.02436e+06,715539,858959,431675,216171,149922,865132,342324,756608,6319.49,-781.921,9109.6,52540.9,31871.9,9102.82,2258.19,21.28
1.21579e+06,807895,902931,1.03193e+06,575532,376393,917444,728194,850265,11354.2,2780.04,5869.73,68933.2,41368,22690.3,2711.2,21.3224
1.69944e+06,1.19237e+06,855160,706118,583756,413412,847227,522518,810825,14157.9,3135.81,23221.8,54730,21148.5,26267,5040.8,21.3305
971965,743013,784884,432572,216206,164598,788122,363881,713264,7299.96,-851.365,18430.8,81760.1,27244.1,9825.96,391.518,21.3987
1.38597e+06,1.04168e+06,798307,619124,445237,323565,825621,483657,768054,11369.5,571.088,4824.92,64002.3,26349.5,13915.5,1876.56,21.5023
1.73566e+06,1.3196e+06,789174,554150,447529,356527,753148,486693,683162,10768.8,246.881,19950,112888,6772.77,7385.07,3566.68,21.5292
1.26411e+06,877355,864490,608405,522964,377145,831983,467759,780409,7296.15,443.689,14198.9,53505.4,29580.5,23044.6,1486.04,21.5454
2.99293e+06,1.92261e+06,934018,606944,506573,375047,810415,486700,748235,15179.2,-256.374,-446.74,185195,21391.7,14668.3,5064.63,21.5875
2.09703e+06,1.59064e+06,791015,374219,319977,249820,768498,311152,721613,6982.63,299.901,12759,59931.2,10332.2,10485.8,1305.03,21.5987
1.73352e+06,1.27307e+06,817012,422274,348873,259651,806173,336151,753722,8752.72,-620.893,33204.7,44268.8,9084.33,10628.2,3882.03,21.6011
1.74822e+06,1.25639e+06,834878,668451,564890,415209,816298,537711,745885,12102.5,1481.71,34158.8,50910.9,18706.8,18782.9,5077.93,21.6709
891745,533668,1.00258e+06,661600,488510,332011,882820,498085,796973,7819.78,638.474,23227,63296.8,14684.3,10364.4,2316.54,21.7238
1.07002e+06,791565,811070,840489,581660,415969,838996,640834,786933,14729.1,1245.63,81031.7,66588.2,20545.8,17449.2,4773.37,21.7791
1.88113e+06,1.35596e+06,832385,791889,677362,486255,835810,613297,774720,10353.4,2892.69,97075.4,64151.5,22177.9,21254.4,2609.07,21.8649
998195,618782,967896,678839,470733,319273,884635,496696,820025,10063.3,574.432,20923.1,65279.1,26499.7,11840.3,3355.25,21.8697
2.106e+06,1.43664e+06,879550,571997,335038,237041,848051,422836,811658,8152.22,26.7958,34557.9,41006.7,29370.9,9419.1,9309.38,21.8963
1.55248e+06,1.18561e+06,785661,443961,236295,187127,757651,389474,683939,4793.79,588.393,31720.4,36462.5,13186.8,7253.65,584.173,21.9795
1.89789e+06,1.62652e+06,700104,253954,150519,127072,710711,228618,666493,2575.4,-1390.15,35827.7,96092.1,7251.87,3459.28,1655.92,21.9904
1.16853e+06,788114,889612,1.03154e+06,769234,565521,816133,807748,766235,8489.35,2872.05,20861.7,53276,43249.7,14651.5,3631.58,21.9908
1.37424e+06,968663,851218,1.07638e+06,739840,505439,878254,795318,812036,10712.8,2924.01,103097,92932.7,51338.5,21950.2,3551.16,22.0071
1.27669e+06,1.04675e+06,731804,220392,105508,88061,718874,199245,663680,2255.24,327.136,23952.6,63239.6,1103,4105.94,970.168,22.0166
1.69497e+06,1.24865e+06,814466,985988,788178,527223,896976,690671,856548,13186.3,1149.38,24934.3,57287.4,41653,23126.2,2978.5,22.0772
1.88355e+06,1.28502e+06,879470,1.04159e+06,852612,595406,859191,792726,788357,6716.89,2648.74,43324,81972.6,52760.1,17583.6,4165.9,22.1419
2.37502e+06,1.77203e+06,804168,243201,188658,150719,751031,212499,686690,3600.1,334.059,25325.2,68216.7,11471.8,3222.68,2419.74,22.1481
1.45608e+06,1.02712e+06,850577,836947,644320,431201,896547,638653,786293,7107.1,2976.34,7927.88,34877.9,15872.9,12350,2451.56,22.2931
1.17259e+06,856360,821561,563343,431364,277199,933692,417637,809329,1069.52,950.756,13703.4,55739.9,16967.7,11154.3,1374.2,22.2989
1.1071e+06,735751,902832,447063,400865,279792,859636,336728,796601,10028.6,686.378,38137.2,44479.8,7598.64,9583.83,2466.94,22.4135
1.27175e+06,973929,783474,641330,369630,278497,796338,528345,728309,10600,-601.859,79281.9,80053.6,24992.4,13350.4,3058.93,22.4768
1.47852e+06,1.06265e+06,834814,984851,629486,445252,848265,726227,813672,10611.9,2350.63,49336.7,71915.1,31447.9,24465.4,3028.72,22.5033
1.91294e+06,1.44622e+06,793628,402923,277197,207358,802081,342272,706321,6388.86,1534.16,65221.9,49734,5313.04,7172.26,1905.92,22.5287
2.15674e+06,1.51325e+06,855139,808463,718497,514201,838385,616817,786421,9203.54,3031.73,7287.44,54331.8,29192.7,19062.4,3285.81,22.5401
1.81203e+06,1.22454e+06,887856,1.02518e+06,845647,556146,912329,746256,824257,11858.4,2329.68,26394.9,41549.5,29383.7,16661.6,3421.54,22.5683
1.72595e+06,1.25952e+06,822192,853331,612923,414253,887752,610699,838382,8517.76,3359.96,4965.83,46568.6,24769.6,13675.3,2383.22,22.731
1.72293e+06,1.32894e+06,777878,321257,217509,169147,771548,286358,673124,2868.52,401.718,267854,36487.7,14998.3,4927.38,1157.44,22.8811
1.83248e+06,1.31837e+06,833975,483443,424911,281654,905177,361117,803247,6883.6,2270.86,9793.26,62487.3,11550.2,8466.77,3155.31,22.9858
1.45006e+06,1.1062e+06,786506,273209,196255,155187,758782,241148,679771,1557.38,261.009,17924.9,40050,3699.46,4031.57,1467.43,23.2671
1.79576e+06,1.49577e+06,720333,289215,181856,151773,718928,252689,686730,2972.94,-245.436,32422.3,74486.8,2020.57,5596.94,2131.21,23.3281
2.07579e+06,1.69834e+06,733348,316688,164992,137970,717511,275717,689158,4299.96,-239.381,90782.3,61382.3,9562.13,9222.52,6083.12,23.3569
1.39709e+06,996417,841271,963728,749286,522479,860459,747898,773149,9481.34,3484.83,12526,41082.9,25554.7,15178.7,8185.48,23.3989
1.82769e+06,1.54129e+06,711490,310358,219110,187609,700743,272602,683102,7715.39,-539.648,36429.3,39938.2,6725.84,5955.67,1476.39,23.4449
1.52762e+06,1.12069e+06,817863,802671,654388,453036,866670,603665,797797,7756.37,2306.16,50754.7,71314.9,25449.6,18112.9,3493.76,23.5141
1.89736e+06,1.49163e+06,763201,530626,467348,343752,815729,408736,778927,9422.95,1501.96,20347.2,66380.5,18812.1,15275.2,2591.02,23.5292
934915,616906,909294,587609,371754,264586,843025,439153,802830,10712.6,1136.79,24547.6,68996.9,23998.5,26500.8,6732.74,23.5549
1.49928e+06,1.13576e+06,792045,727065,501940,354908,848569,572152,762453,9223.14,1459.3,92778.1,41503.4,13546.5,15816.6,1755.36,23.5813
1.89383e+06,1.4096e+06,806113,755609,590348,419205,844954,581904,779107,8631.37,2167.31,90820.3,62134,21843.7,14839.8,3240.31,23.6482
1.73771e+06,1.21536e+06,857873,545854,344875,239268,864825,427353,766375,1219.77,3641.2,371552,46888,15000.9,10835.3,1808.65,23.728
1.54694e+06,1.17675e+06,788751,688024,520735,390802,799487,562163,734333,7015.33,-435.606,82243.3,47752.1,21938.9,13815.7,2709.12,23.8286
1.65881e+06,1.1554e+06,861418,816407,460753,333193,829704,650657,752846,15342.3,-446.32,7855.14,54486.8,24389.4,14223.8,2649.88,23.8796
1.66116e+06,1.28211e+06,777388,629498,474552,343495,828924,483042,781917,8161.68,3116.86,14169.7,67351.3,9504.91,10460.5,6243.13,23.8997
1.74978e+06,1.1865e+06,884843,630101,348963,234604,892473,476632,793192,12387.8,697.788,36232.5,41432.5,20570.3,10025.4,3802.51,23.9578
1.00546e+06,648721,929944,832634,722925,481655,900552,598723,834410,3605.82,995.66,141196,95325.3,12708,12170,1955.43,24.0303
2.00715e+06,1.57042e+06,766859,393076,292501,227816,770360,345599,682425,3139.54,-148.73,44203.8,25909.7,2623.67,4532.89,2437.87,24.0772
1.69931e+06,1.16693e+06,873732,969325,624727,418919,894770,669280,868986,16092.9,2514.23,14903.6,84056.2,33172.5,26545.2,2297.23,24.1107
1.50195e+06,1.11275e+06,809860,557970,493285,367095,806251,434146,771127,11867.5,-917.556,84559,40866.4,26782.4,8894.52,3434.52,24.116
1.33594e+06,949040,844607,841282,641934,424998,906264,605104,834186,14618.1,1572.75,343548,30042.5,15592,19195.7,2631.64,24.1317
2.12378e+06,1.74936e+06,728420,240069,184154,150415,734583,208397,691188,3163.87,1167.46,11916,74306.1,2820.72,6741.15,3363.08,24.1535
1.69577e+06,1.21892e+06,834726,626133,539696,407727,794202,517713,725652,6107.51,948.886,14387.2,183319,18949,7774.61,2798.29,24.207
1.75959e+06,1.22974e+06,858523,674164,423217,299873,846792,522807,773705,11605.6,647.01,3446.37,39152.1,17830.1,15734.7,1525.8,24.2303
1.83988e+06,1.48669e+06,742542,198539,152564,125857,727321,180149,661250,2327.7,-552.071,29352.4,43948.4,4180.55,4005.83,1689.35,24.2355
1.73761e+06,1.20695e+06,863803,1.019e+06,794219,538498,884927,765493,798697,11950.8,2551.59,24621.5,57879.4,26416.9,19302.1,3495.53,24.3232
1.7073e+06,1.22736e+06,834621,950490,645353,432837,894591,687311,829746,14165.8,1579.68,49438.8,53836.9,30539.8,16858.1,2814.6,24.3637
1.95683e+06,1.32539e+06,885849,721803,403885,278120,871318,561543,771235,12126.4,3682.5,19705.2,213781,86915.8,12554.4,2720.14,24.4037
1.43185e+06,1.01928e+06,842860,528141,339752,249154,818172,409361,774095,11325,83.056,92213.2,66346.4,13501.3,14129.4,5676.42,24.482
1.75338e+06,1.15401e+06,911624,963772,882839,629235,841822,729831,792325,9542.06,3384.38,194559,96425.5,24580.5,17520.6,3807.48,24.4909
1.69582e+06,1.25554e+06,810405,849472,607759,420578,867034,626703,813277,7968.06,3754.69,45145.5,34528.8,19509.7,17540,3296.73,24.52
1.50283e+06,1.09874e+06,820665,1.01104e+06,665735,485425,822868,761239,796890,8966.76,423.251,44598.4,42491.9,28136.7,24524.7,4097.94,24.6858
1.6829e+06,1.41393e+06,714140,245799,247314,214751,690978,218309,675553,2408.11,-218.21,13934.7,71781.8,1456.61,2713.75,2326.73,24.6983
2.69864e+06,1.84808e+06,876142,999481,755516,496124,913702,728830,822810,11408.8,203.815,19237.5,35741.4,14064.1,20420.7,5745.47,24.6999
1.15265e+06,750771,921176,1.1053e+06,518087,317835,978031,760404,872143,7807.88,2895.04,47289.5,44931.1,25728.2,25362,3472.67,24.7158
901831,651411,830656,600263,387455,272539,852990,452144,796556,7411.78,-117.382,18569.2,83446.6,20548.7,8516.26,2470.02,24.7371
1.58043e+06,1.14101e+06,831069,925282,577972,392820,882804,669172,829636,8889.91,1498.53,106490,47288.7,39366.3,20042.6,3874.28,24.7453
1.52616e+06,1.1335e+06,807848,793484,575474,401137,860764,584960,813886,8908.83,323.567,12840.5,41080.1,26745,17614.9,5228.85,24.7645
2.24894e+06,1.5433e+06,874340,721092,555224,387864,858895,552362,783282,4543.09,1041.94,37794.4,93975.3,17815,12968.5,3721.97,24.9724
1.3961e+06,1.03414e+06,810007,416123,219705,172576,763856,364800,684412,5832.56,903.809,38488.6,69413,16054.4,5860.5,1168.54,24.9908
2.56658e+06,1.74851e+06,880717,662523,458445,321345,855986,509243,780597,5235.52,-880.869,30283.9,264699,862.269,9985.34,4582.09,25.0618
1.70955e+06,1.29392e+06,792731,749972,569351,425332,803162,584358,770047,10967.7,840.96,82883.8,45577.8,22755.5,17092.3,4485.48,25.1066
1.71926e+06,1.39841e+06,737662,377557,276564,238270,696431,331299,683775,5528.44,-273.817,18627.9,41940.2,12125.3,8709.08,1939.85,25.1634
1.50571e+06,1.11195e+06,812469,671666,366708,244043,901583,505297,797550,3694.11,2421.57,36261.6,22398.5,13429.6,11489.6,1725,25.4148
1.61839e+06,1.25252e+06,775262,508072,313354,247768,758825,426191,715274,7057.01,2119.27,157725,42795.6,25521,12533.5,1013.36,25.52
1.07057e+06,773358,830590,402343,346310,265972,781232,332846,725278,4770.74,-343.853,15749.4,66784.9,16339.7,7595.63,1940.95,25.5639
2.37817e+06,1.82724e+06,780905,542573,470873,366816,770205,434258,749656,8886.85,1772.68,19394.4,82916.5,31451.6,8192.02,3352.52,25.6401
2.41414e+06,1.68006e+06,862160,616359,331129,218981,907280,441279,838054,14623,1515.43,13376.9,86931.8,15257.9,26585.7,1437.12,25.6504
2.10751e+06,1.4291e+06,884824,722730,586000,395085,889935,528886,819908,11245.8,-1518.17,-1912.24,109984,108046,14204.7,2502.99,25.6886
1.08252e+06,743798,873233,537167,457288,343752,798171,418147,770782,9227.93,224.31,93673.7,35409.3,12464.5,21254.5,2096.76,25.7311
1.35067e+06,971642,834054,737315,604935,417908,868518,551364,802354,7236.17,8.81616,38378.8,53921,27065.1,19533.8,2287.63,25.8992
1.93706e+06,1.32655e+06,876138,838265,544133,378126,863415,624631,805210,21228,810.259,112702,57459,23907.5,18404.2,6064.25,25.9763
2.0831e+06,1.5332e+06,815196,535350,403897,308861,784619,432267,743083,5944.74,1004.86,40472.3,121355,8125.68,6239.61,656.9,26.4889
1.2923e+06,1.00834e+06,768971,576359,433972,346457,751559,486289,711131,6166.54,1126.13,16949.6,87548.7,18729.5,16049.9,737.462,26.5836
1.91004e+06,1.4854e+06,771527,439431,387939,309868,751170,357215,738095,1921.75,1249.4,198966,35856,4260.14,6682.25,1237.28,26.606
1.89247e+06,1.3942e+06,814432,706811,552077,402228,823529,561080,755839,12899.1,-126.107,18213.3,79728.9,31879.9,24041.2,3049.61,26.6165
1.78245e+06,1.36568e+06,783106,722692,601604,443893,813175,559699,774730,8015.79,1338.77,43893.6,45055.2,22634.8,18556.1,2910.32,26.6188
1.35912e+06,888064,918258,974934,778188,479154,974453,690327,847367,15539.9,3561.39,7232.01,75377.6,38161.9,17956.3,3852.14,26.6189
1.7444e+06,1.29482e+06,808326,769251,579916,403364,862619,560951,822800,8150.94,3827.47,91452.3,48643.1,21928.6,21695.5,2924.42,26.7065
1.66136e+06,1.14994e+06,866840,963906,809770,531743,913716,680669,849670,14449.4,1347.15,292360,52216,41097.3,22849.3,5147.86,26.8684
1.52223e+06,1.05818e+06,863125,473705,298292,192700,928776,343742,826849,5120.6,1124.46,16038.8,56118.6,27385.5,5967.89,2317.99,26.9624
1.76575e+06,1.39183e+06,761192,284137,219257,173399,758680,249402,683565,3077.66,-90.2361,38445.5,81533.8,1898.15,5438.52,1046.3,27.0488
3.09735e+06,1.91827e+06,968793,1.13512e+06,618322,406570,912495,837674,813050,26056.8,-22.376,9485.94,292806,50124.6,20093,6516.04,27.062
1.22249e+06,892264,822059,798933,462355,335496,826875,621964,770720,7368.47,924.622,22741.2,30696.9,15692.8,15970.5,2876.92,27.089
1.29483e+06,969196,801592,465066,386876,303256,765445,383114,728346,1481.46,3029.37,959086,38389.1,7335.43,12040.2,1597.68,27.1799
1.67328e+06,1.25948e+06,797130,363834,226388,172602,786970,305249,715156,10133.9,178.765,19804,78253.7,13785.5,13584.4,2419.72,27.1917
1.84644e+06,1.38114e+06,802137,500570,388870,294732,791642,420793,713752,7391.34,1543.43,40624,61620.6,7600.18,9174.46,2352.47,27.225
832294,510686,977854,701362,512194,326995,939819,502550,837364,6845.23,1035.38,73707.1,41900.9,31802.8,14229.9,3000.46,27.2256
1.5797e+06,1.26978e+06,746443,273235,197582,162916,727671,253066,647820,4298.7,-63.8943,16992.8,75839.7,2751.93,4257.13,1601.69,27.2344
1.04841e+06,818514,768519,417523,289637,237984,730226,343119,730107,4734.58,346.675,83337.3,25797.4,9843.11,8048,2473.35,27.2636
2.45931e+06,1.44629e+06,1.02026e+06,917235,570914,346414,988841,601782,914519,65075.7,520.092,176618,90618.6,29311.7,24901.4,10662,27.2826
1.77232e+06,1.2061e+06,881676,957375,576478,376188,919452,670169,857134,10478.6,3244.73,5283.63,93528.2,41843.3,22464.2,3017.95,27.361
1.50015e+06,1.12029e+06,803438,769926,545921,376750,869416,575845,802222,5335.8,4335.84,43219.7,40263.5,15226.3,18800.8,2672.31,27.3879
1.38693e+06,1.03551e+06,803621,553760,473727,342292,830390,433966,765626,10867.1,-860.538,21193.7,77972.9,20992.9,9689.47,2873.48,27.6242
1.55705e+06,1.18995e+06,785103,778315,658012,476262,828971,583013,800992,8005.12,1821.7,53115.3,46248,22794.5,18409.1,3671.94,27.7076
1.70697e+06,1.34872e+06,759373,524973,407942,324779,753636,450960,698474,6655.9,1506.38,40843.6,62035.9,8656.05,8144.73,3010.5,27.7406
1.64053e+06,1.20962e+06,813744,910214,660438,433796,913477,656845,831441,10923.3,1121.94,45575.8,52335.8,21774.1,23172.8,3376.21,27.7473
1.81628e+06,1.46795e+06,742373,179042,133395,108227,739531,164057,654803,2501.24,-451.596,18066.8,84572,-470.315,2437.58,2435.5,27.7806
1.47421e+06,1.2262e+06,721357,287840,174236,137286,761490,246868,699581,5116.79,154.54,46473.2,35391.5,10437.8,8071.4,648.444,27.8258
2.46929e+06,1.7538e+06,844778,580013,413697,290893,853296,443001,785569,19918,102.332,38330.4,62194.2,14569.5,12752.4,3781.27,27.8582
2.17874e+06,1.74198e+06,750439,338317,284688,232744,733909,291853,695523,5968.6,-785.349,10835.9,96708.4,4148.9,10736.8,4495.43,27.9127
2.26664e+06,1.70432e+06,797961,660054,530647,376358,845971,497235,796469,2868.33,1575.17,911990,63832.3,17413.9,19510.6,1787.8,27.959
2.16907e+06,1.51674e+06,858053,955813,840841,589243,856191,717978,798754,9454.22,2180.06,37474.7,89920.3,49720.9,19096.8,3346.55,27.9723
1.61358e+06,1.21742e+06,795250,453940,242877,191807,759756,388765,700588,1575.75,3537.93,635724,55177.9,18455.8,14652.1,1608.98,28.0079
2.07187e+06,1.68094e+06,739538,537921,472943,363820,779962,435442,741207,4295.25,2160.64,12659.5,16910.2,7367.4,1228.82,3574.55,28.1511
1.77993e+06,1.35032e+06,790894,815253,613360,436977,842186,631834,774178,8757.8,1765.62,42105.9,78815.5,23260.1,17954.2,2936.92,28.2062
1.7408e+06,1.27689e+06,817987,502531,334036,234294,855429,385230,782698,16338.4,2865.49,4626.02,45838.4,33640.5,9558.24,1666.36,28.2417
1.95913e+06,1.21952e+06,963885,843790,419423,288568,872078,613437,825308,7501.62,396.838,35373.2,49237.5,11864.1,16659.1,579.099,28.3439
1.73287e+06,1.22853e+06,846313,907723,599592,407346,883168,679783,801188,6060.23,1891.21,51398.1,39984.2,19507.8,19779.2,3215.75,28.3664
1.77325e+06,1.3173e+06,807674,664024,562179,402014,839044,514584,774245,12794.8,2578.23,65167.3,57688.7,20360.4,20184.5,2092.11,28.3924
1.23102e+06,968795,762400,520834,365526,348960,628484,522004,598656,2556.98,1089.52,118371,39821.8,4987.35,8121.52,816.726,28.4844
2.02553e+06,1.58521e+06,766661,325317,301100,248359,727414,285091,684659,9790.93,-689.404,34375.9,181797,1585.77,5871.93,2395.14,28.538
1.76087e+06,1.35546e+06,779459,500887,441947,333172,795890,413254,727233,5159.01,1899.43,113435,33204.1,15137.6,14070.4,1469.75,28.6029
1.08388e+06,762982,852351,716301,412289,286217,864286,550002,781417,5885.09,-6.06741,55138.1,29636.8,16818.1,7992.1,3850.12,28.6354
2.03562e+06,1.44645e+06,844394,474668,367474,272073,810388,384931,739875,8442.88,-520.577,31276.8,48041.8,19410.4,9224.93,7022.53,28.6687
1.86205e+06,1.16757e+06,956887,894137,759423,470123,969222,576121,931197,2591.91,4220.28,806219,88409.9,7606.52,18936.8,2327.43,28.6744
1.50542e+06,1.11028e+06,813538,1.22714e+06,942930,620479,911808,847060,869223,13894,973.153,48466.2,74109,35548.3,23177.7,2547.07,28.7413
2.53127e+06,1.84563e+06,822896,340294,273304,208988,784649,279997,729209,3271.82,-218.871,13286.8,40658.6,6602.37,9294.43,3468.66,28.9795
1.77525e+06,1.36399e+06,780908,555939,415593,303580,821385,424840,785151,19474.5,-885.893,19046.9,69125.5,19399.4,18829.3,5186.63,28.999
1.33395e+06,1.01031e+06,792200,610978,442405,343631,772466,496373,738531,5802.04,1817.29,11278.9,23981.8,6353.79,481.012,727.039,29.0173
1.21562e+06,819709,889791,400734,252466,164635,920095,291601,824552,8903.04,2078.59,80721.1,68352.3,30222.9,14434.7,1181.62,29.1028
1.54695e+06,1.0839e+06,856328,661348,511226,382796,801303,540673,733917,11975.7,1190.16,47836.4,36783,27011.4,16584.4,6346.43,29.1995
1.61375e+06,1.14894e+06,842732,794447,583248,390658,895793,590820,806791,8412.29,1856.87,39211.8,51643.6,16999.4,25061.9,6002.74,29.2523
1.30827e+06,950280,826032,694741,420035,307067,820736,562445,741130,11131.7,150.094,93482.6,45821.1,14023.9,12956.8,4008.62,29.3325
1.51278e+06,1.13947e+06,796569,791886,503061,353293,854352,617856,769000,8542.65,3587.49,10501.5,51062.9,16398.2,15064.3,1327.55,29.4489
1.71075e+06,1.27728e+06,803618,384385,215727,172744,749294,332034,694600,3087.72,-669.367,82793.6,145456,8014.96,4569.62,2307.52,29.5061
1.37733e+06,1.03676e+06,797100,252484,127990,95530,803871,202394,748492,4230.04,847.997,43580.6,19963.8,4654.38,6910.25,614.37,29.5494
2.42187e+06,1.68229e+06,863775,646277,495934,352448,844267,477472,812124,11872.8,1800.07,26770,189847,16788,11078.5,6343.24,29.7173
1.32913e+06,947752,841444,424222,260380,194818,801919,346672,734219,9211.32,-390.324,408.112,46065.5,23664.2,8330.75,1814.52,29.7424
1.31925e+06,890339,889040,1.13414e+06,900533,649356,832085,882982,770663,8866.69,-33.8628,-935.242,184038,46668.7,15997.2,1412.74,29.7608
1.97733e+06,1.45597e+06,814850,536425,371674,284969,782557,430193,748164,12530.2,2290.2,8833.61,102345,33860.1,9788.08,2343.24,29.7803
2.17388e+06,1.69226e+06,770761,448385,297855,243075,735218,383363,701766,8648.65,-775.08,50035.5,47319,32999.7,6166.46,4282.62,29.9202
1.89217e+06,1.43445e+06,791456,378894,261237,187697,835081,294835,771064,8298.67,-1507.99,50511.3,32893.1,16535,8947.38,3194.5,29.9837
2.19437e+06,1.76117e+06,747585,388223,327389,263309,746018,326582,713248,8955.84,1066.85,39877.3,42103.7,6685.41,11094.7,2684.25,30.0531
1.3959e+06,978433,856003,938580,719088,493364,874512,702875,801207,8159.51,4191.25,19397.4,59598,44179.6,21051.9,3123.91,30.1168
1.21709e+06,917657,795784,595080,405564,285879,851194,477052,748447,6899.28,1039.72,41400.9,61540.4,12758.8,9628.47,979.806,30.1595
1.92429e+06,1.39114e+06,829953,786768,682845,475304,861989,599718,787138,14761.3,546.657,19669.4,39726.6,16074.8,20828.1,4610.44,30.2156
1.65439e+06,1.28749e+06,770984,281016,225426,189171,714991,246815,683141,4918.63,-1460.9,34662,105597,5115.53,8383.64,3465.5,30.2969
1.57356e+06,1.10129e+06,857300,1.1729e+06,749876,492503,913549,823249,854833,15062.1,2120.02,49613.3,53485.3,34358.2,26276.7,3030.65,30.3602
1.6466e+06,1.22139e+06,808881,667712,489193,356321,823740,494150,810741,20369.8,553.314,697.063,82972.6,47278.8,15944.2,6084.73,30.4528
2.39312e+06,1.78992e+06,802200,560543,457020,341941,801928,466015,721706,4797.04,1760.96,42961.3,58609.9,13377.7,6821.12,1393.5,30.4994
1.52257e+06,1.09465e+06,834549,1.05036e+06,875101,605130,867682,774993,813187,11734.4,3255.44,22209.2,48345.7,28857.8,20145.4,3431.61,30.5159
1.97689e+06,1.67234e+06,709266,225787,178973,152715,703165,200917,674270,5439.87,-280.293,21712.1,109591,5557.9,4881.89,3322.31,30.5296
1.04712e+06,781091,804350,546576,451430,351716,770104,452860,724166,6682.58,-548.059,52011.7,37815.5,23241.7,9731.24,4883.68,30.5361
1.81809e+06,1.37417e+06,793826,840853,588117,400710,880612,627794,803626,12471.7,2163.57,18225.2,43752.2,19867.2,16552.4,2162.28,30.5436
1.45719e+06,1.12741e+06,775507,536826,402327,281223,858380,418750,769184,12935.7,-105.843,64964.2,81528.3,16738.1,14496.3,3653.31,30.5707
1.89126e+06,1.45832e+06,778126,761159,578482,415870,834610,591986,771463,7461.02,1680.51,43965.9,48734.9,24115,19227.6,2300.03,30.6863
1.50468e+06,1.05278e+06,857550,825154,711374,480193,888860,625295,791774,7103.28,2747.54,47824.7,84185.8,24808.4,20241,1083.82,30.7324
1.73857e+06,1.35407e+06,770378,698778,386920,286568,810111,555605,754613,10917.3,-285.91,44874.3,38276.7,14769.6,17773.9,3734.69,30.7407
1.47622e+06,1.10722e+06,799961,705170,496014,348303,854452,535343,790339,7548.47,3870.1,66522.7,36131.5,19499.8,16242.3,2611.7,30.7774
1.87587e+06,1.5472e+06,727460,391249,319730,245459,781549,326316,719394,5611.09,-755.507,55388.2,70775.7,8493.07,8959.65,2642.59,30.7781
1.74286e+06,1.23599e+06,846055,776673,723728,513599,845478,578023,806203,10603.7,4454.29,9483.52,55232.7,17453.4,16567.7,3768.81,30.8751
1.73751e+06,1.30293e+06,800122,826298,660289,480709,824144,638761,776157,10418.2,875.804,38670.3,45403.9,27296.6,15325.8,4033.67,31.0178
1.75687e+06,1.054e+06,1.00012e+06,775655,517389,295470,1.05064e+06,498354,933861,5316.33,1658.85,16324.3,40995.9,10561,2011.27,541.82,31.114
1.62834e+06,1.32571e+06,736963,349295,300405,246632,730817,303729,690014,7217.28,89.3661,642327,74751.9,-1807.97,6016.41,1257.81,31.1194
1.86027e+06,1.40324e+06,795413,460115,379578,298227,763669,376151,733932,2710.03,2097.76,721921,70075.6,8097.88,9690.88,2144.68,31.1652
2.06107e+06,1.70051e+06,727217,347288,241750,193964,747819,298262,698622,12435.9,-360.662,11891.8,42425.9,5050.23,8033.35,2738.67,31.2881
1.56385e+06,1.2029e+06,780041,707632,523735,366349,857764,522651,812358,11432.2,2759.95,195387,42117.9,22669.3,12796.5,2422.61,31.316
1.9323e+06,1.3921e+06,832826,822641,658489,463526,852366,626073,788382,11105.4,1987.74,44760.4,65160.5,23959.4,18637.6,2860.68,31.3657
1.58749e+06,1.11386e+06,855134,803762,736004,525295,840676,608584,792425,15414.3,104.178,84823.3,57895.2,26909.1,25108,3660.81,31.3682
832034,510537,977834,582319,373358,237355,943798,405303,862050,10538,196.933,38557.7,52395.3,14875.3,16272.1,3476.04,31.4124
1.88867e+06,1.37522e+06,824014,743534,432086,322302,804375,584384,763403,15237.4,2791.92,9452.03,43432.9,20707.8,14377.5,2660.52,31.4685
1.1935e+06,838322,854208,960589,819708,526048,934943,669414,860982,15210.8,2239.56,34818.1,55065.6,21233,21639,3341.56,31.5404
1.65328e+06,1.40765e+06,704699,286149,165702,126345,786901,238096,721093,6215.85,743.793,16097.6,103719,7305.35,10130.4,1148.28,31.5497
1.52816e+06,1.18184e+06,775820,936339,679422,475908,856580,685847,819138,11064.6,1732.01,77808.9,50303.5,37068.1,20129.2,2827.36,31.7814
1.71879e+06,1.32254e+06,779771,409021,305516,232306,789086,336138,730094,2049.05,351.075,14749.5,24126,8361.06,7131.17,2775.74,31.94
1.74482e+06,1.21526e+06,861456,522778,428832,307808,835908,401749,780753,5989.39,495.94,53780.1,30346.5,15063.4,9445.48,3962.98,31.981
1.63477e+06,1.21998e+06,803998,776008,732613,514450,854443,581241,801053,10108,1299.91,48481.6,42538.4,13070.1,19401.2,4978.38,32.0089
2.24466e+06,1.75388e+06,767896,268664,227083,183293,743344,231597,696030,5693.65,1562.95,21649.9,142872,2563.22,8980,1813.29,32.0184
1.3678e+06,833648,984445,1.16327e+06,838370,540581,930521,815651,855714,8455.19,1341.67,36093.6,72847,36846.2,24144.4,5023.88,32.0383
2.10477e+06,1.51954e+06,831080,441807,298891,232044,772847,374950,706985,3711.3,1816.64,40685.9,85608.7,14409.3,8378.01,4411.4,32.0448
1.24558e+06,947573,788697,744818,499051,397243,753772,628331,711235,6387.66,3159.43,107711,41449.5,11450.2,12356.5,2016.15,32.1419
1.68664e+06,1.23780e+06,817565,942730,680550,439373,929347,665413,850056,10710.6,2613.68,37014.8,61349.2,21997.7,19708.6,2900.55,32.3153
1.62799e+06,1.13504e+06,860584,766969,741804,500184,889838,562788,817682,16087.6,60.7825,175211,80334.3,24571.5,31534,2088.12,32.387
1.61748e+06,1.14583e+06,846974,871424,728470,512103,853504,675030,774565,11604.6,850.444,46109.6,41173.2,52708,16022.4,3645.58,32.4147
879397,555505,949835,685437,556752,400712,833644,524288,784420,9813.56,260.728,12356.3,32563.3,24735.2,15208.1,3364.62,32.4155
1.61547e+06,1.18849e+06,815554,519193,369406,273471,810482,408714,762185,11902.5,-1152.07,19042,87013.5,17656.8,11561.1,2279.25,32.6208
1.48088e+06,1.05048e+06,845826,802430,526120,373556,845046,618022,779031,11717.1,2.61908,4333.01,43695.2,75289,13412.9,2929.37,32.7213
1.27007e+06,934555,815409,706462,466866,329992,848867,548496,772799,8219.27,178.501,13147.3,43682.2,21795.3,14052.4,5506.6,32.9702
1.87254e+06,1.31531e+06,854189,939165,698905,506750,827515,730599,771284,12138.3,825.799,40622.2,63709.5,41502.1,21957,4335.37,33.0519
1.75614e+06,1.21816e+06,864980,679296,596903,448592,798369,552138,738181,4875.39,1219.8,269332,79676.8,24082.2,10774.7,2041.47,33.3628
1.59572e+06,1.2065e+06,793557,895476,652561,448948,872121,673898,797280,8413.4,3960.48,79520.3,50120.1,24490.5,19359.2,1618.47,33.3777
1.97215e+06,1.57075e+06,753329,455477,323107,262480,738588,393816,693944,10780.5,-1316.1,10560.9,86169.7,23710.7,14173.9,3764.95,33.3964
1.76171e+06,1.41349e+06,747815,271677,239257,198230,724181,238816,682560,3718.58,2628.99,28798.3,43817.9,2731.39,5056.69,3314.37,33.5847
1.79952e+06,1.47766e+06,730691,388132,269139,221161,730163,328177,709615,6098.21,-537.736,13893.7,46215,16706.7,13759.1,1418.51,33.594
1.99441e+06,1.20674e+06,991639,849456,626965,423080,889143,618493,824057,13930.3,244.79,31320.6,51347.5,37626.5,14248,6292.57,33.6138
1.22927e+06,753273,979142,975529,555314,342260,973495,675406,866616,8119.34,1885.65,84622.1,75807.5,34911.7,33777.6,3194.01,33.764
1.71581e+06,1.30013e+06,791831,704157,525774,373439,844755,549361,769065,9907,1508.01,88627.9,49369.9,31075.9,20671.8,2439.82,33.9245
2.1601e+06,1.69598e+06,764192,353633,307455,234224,787591,287356,738387,14133.6,-213.979,31319.1,34588.2,8654.46,11317.1,1298.4,33.9424
1.608e+06,1.13122e+06,852882,1.1644e+06,775400,514526,904211,842110,829628,14992.9,1237.83,91187.1,73640.9,39146.8,24452.8,4400.44,33.9735
1.84955e+06,1.39572e+06,795098,638916,491508,387775,760505,512190,748453,13282.2,248.434,4719.61,72195.3,11945.7,19318.9,2919.59,34.0806
1.75787e+06,1.37474e+06,767218,485343,381325,300344,761777,407340,714896,12384.4,387.701,81708.5,104131,15558.7,8008.66,1369.94,34.1443
1.58191e+06,1.17124e+06,810382,806353,567254,379851,896016,586368,825100,9827.66,2005.96,75768.8,64908.5,24161.5,21573.3,2753.76,34.2181
1.61849e+06,1.19895e+06,809952,701057,451099,306357,883477,508780,826750,8550.06,3218.79,13553.9,39538.4,15548.6,20262.7,1533.54,34.2666
1.85634e+06,1.5905e+06,700288,327368,222680,176378,757510,278584,705069,10378.5,-449.654,5134.85,51035.1,2624.03,6042.66,3539.68,34.2934
1.73718e+06,1.25100e+06,833175,715665,644414,457143,845794,539448,795997,6879.73,3225.6,168173,40159,13846.8,19554.8,3539.46,34.4132
1.3368e+06,902385,888847,803326,598658,411598,872684,629749,765377,11030.1,359.032,63869.3,80947,29117.2,15599.5,2192.93,34.4145
1.79605e+06,1.27338e+06,846275,742550,616266,437021,846092,562163,792528,8953.87,445.713,33534.1,55665.2,21237.3,20634.4,4324.09,34.5137
1.73576e+06,1.29392e+06,804888,782678,609038,425457,858895,588409,798095,8639.45,2338.38,88202,43854.3,13542.8,22523.1,3545.98,34.5258
1.86367e+06,1.39041e+06,804224,827089,526381,353998,892176,621804,798086,13566.6,3091.09,15852.2,34896.6,17500.9,18173.4,2932.51,34.5623
1.55117e+06,1.0786e+06,862885,926888,706687,496038,854798,687039,809463,10978.7,4108.81,28425.9,55744.7,28177.5,22882.9,3632.44,34.7454
1.45613e+06,951737,917983,547821,381477,267088,856969,429546,765209,2344.84,2794.98,68112.4,66250.9,12023.5,10479.4,1694.3,34.7531
1.46219e+06,1.00361e+06,874158,1.01895e+06,710128,482682,882727,737552,828917,8789.4,4181.21,351231,52765.9,45146.2,22006.9,3785.86,34.7558
1.47285e+06,1.02988e+06,858073,1.1037e+06,968432,626505,927461,748867,884299,10788.8,1458.53,2337.97,62129.9,48830.3,13239.9,3069.17,34.7765
1.63385e+06,1.18704e+06,825845,930515,676161,459945,882055,668672,834952,16961.8,2713.93,10214.2,86685.6,32749.1,22830,5330.35,34.8857
2.4208e+06,1.73027e+06,839454,557807,395486,244089,972153,384519,870397,11402.2,-140.776,24100.3,67503.2,12652.7,12828,2902.63,34.8889
1.53819e+06,1.1029e+06,836811,931985,581204,393361,886521,702029,796536,9864.18,1996.44,16400.3,46330.3,23986.6,19200.7,2928.44,34.9536
2.38899e+06,1.49576e+06,958301,643903,530862,311971,1.02098e+06,434565,889031,4189.71,2627.82,7989.54,25663.1,4911.5,4615.59,917.584,34.9609
2.16348e+06,1.39885e+06,927965,633915,443258,335126,793597,490676,775153,5706.21,686.704,28857.1,126353,37312.8,10063.3,1637.42,35.424
1.80798e+06,1.3233e+06,819757,1.0339e+06,871570,604085,865676,765497,810372,17070,717.901,82555.2,66722.2,26352.1,23876,3357.44,35.5102
1.68201e+06,1.36909e+06,737138,306197,271849,224500,726545,270474,679246,2535.8,2310.35,95281.1,87881.7,6094.38,3770.4,2509.73,35.5294
1.54874e+06,1.08766e+06,854352,1.03325e+06,724136,484171,897372,747472,829394,12932.2,2894.21,37776.5,69486.5,26175.9,25678.1,2653.74,35.6589
1.80363e+06,1.22553e+06,883031,858156,640682,456711,841690,681795,755203,12355.1,1183.22,13413,46476.5,22645,19321.2,1905.98,35.7028
1.46892e+06,1.01951e+06,864490,1.04019e+06,784188,514123,915176,744210,838629,9753.51,1415.52,24588.7,96161,31504.1,21589.7,3012.65,35.7066
2.03185e+06,1.50338e+06,810912,606513,497324,388431,768205,495878,733866,7334.23,-446.813,38572.4,55534.4,20462.7,20569.7,2732.56,35.8928
1.46551e+06,1.14262e+06,769551,389719,244783,205965,713083,340251,687231,4139.52,-363.748,19916.5,33715.5,9763.71,3528.4,2558.35,35.9029
2.19117e+06,1.69892e+06,773846,300040,259533,212792,731792,260153,691994,6261.59,141.102,9149.48,58790.9,4115.05,4322.24,2682.63,35.943
1.87911e+06,1.3667e+06,824955,796020,498718,344308,869078,591076,808038,9142.61,1789.19,84566.8,43678.8,26177.1,18101.8,2206.48,36.0596
1.41795e+06,978123,869798,589467,446886,310819,862661,466180,758677,6415.03,587.044,116753,18831.1,8295.52,7645.19,3855.97,36.1272
1.71581e+06,1.24282e+06,828352,644572,506131,365044,831895,494626,781890,6735.35,52.3958,80070.6,44634.8,52774.2,14683.1,2550.35,36.1427
1.67475e+06,1.24038e+06,810111,926558,745078,480795,929807,640955,867354,12788,2578.77,20474.3,64447.1,35207.8,18165.8,5425.27,36.1552
1.53186e+06,988406,929899,1.08075e+06,830527,555442,897152,782256,828952,8255.9,1651.38,16898.8,49712.5,22698.3,23186.6,4239.67,36.1652
1.51922e+06,1.02977e+06,885184,766802,673241,446774,904136,548534,838747,12053.9,370.159,48767,72438.4,53568.4,21605,2333.81,36.2
1.95032e+06,1.31514e+06,889783,1.06475e+06,598053,391780,915902,772442,827055,10953.1,3522.22,167826,48209.3,36610.4,23233.4,2216.01,36.3476
1.31151e+06,927147,848739,811469,687716,482065,855963,603575,806662,8079.22,438.408,41132.2,35348.3,31406.9,15063.4,5114.57,36.4026
2.17806e+06,1.61334e+06,810017,696599,488055,344037,851166,525138,795904,15857.8,2027.52,6987.19,56383.3,93269,16963.6,9006.25,36.4699
1.1433e+06,898622,763370,272864,146112,124293,705327,242485,675170,2499.36,-882.187,33906.6,35355.2,2821.31,3669.67,903.097,36.5454
1.42319e+06,1.16541e+06,732720,304539,156118,129890,721153,269746,677390,3105.57,26.8466,20723.8,44736.1,4028,3414.07,1107.07,36.7081
3.02492e+06,1.90382e+06,953320,948715,780175,520136,899967,696062,817785,13766.4,638.282,66648.6,77813.9,64422.8,16948.8,5862.05,36.7514
1.76017e+06,1.32114e+06,799392,897227,616624,451138,820092,674366,798285,9964.6,843.123,37510.6,48070.9,16651.7,17840.1,3093.69,36.7573
1.97726e+06,1.4599e+06,812631,497598,397713,295405,807799,404198,738646,18462.9,-1518.83,42361.5,199673,8690.74,17870.2,925.049,36.8143
1.42878e+06,1.04944e+06,816886,769320,641564,424442,906928,580856,794676,16038.1,959.932,5884.53,38001.5,19355.2,17143.4,2996.96,36.8551
1.4527e+06,1.09334e+06,797208,794634,552620,395360,838658,604679,788485,5117.98,1918.66,358567,34089.7,13659.4,14039.7,1743.73,36.8729
1.72306e+06,1.249e+06,827728,1.07271e+06,886064,581887,913645,764683,841687,10835.6,1312.96,52533.7,65686,33199.9,32946.8,3205.75,36.9222
2.09433e+06,1.57975e+06,795441,462624,414757,326887,761284,406105,683503,4312.88,-178.102,17721.5,37791.5,3194.59,5946.87,548.348,36.934
1.7812e+06,1.43378e+06,745384,601768,409084,299973,818242,483162,747287,14662.3,-198.089,85225.4,293877,36117.1,15762.3,2421.83,36.9478
1.66191e+06,1.2098e+06,824221,341016,317534,240611,791819,280336,729873,9635.43,-492.959,42692.2,55045.6,35780.5,14259.7,2636.83,36.9825
1.46536e+06,994193,884351,477162,356981,256397,835379,372038,769538,10280.9,-484.319,16331.2,57676.4,14926.4,9392.64,754.934,37.0365
1.61336e+06,1.19765e+06,808267,868101,667795,473865,845550,673201,773707,12082,124.789,170597,72762.4,20935.4,21420.1,1671.13,37.043
1.69099e+06,1.20890e+06,839269,975437,621416,427995,871154,737804,793249,8071.9,3292.31,112659,60344.4,22717.3,19311.8,3648.96,37.1826
1.14378e+06,813579,843517,438016,334820,251638,798338,355926,738382,9674.33,-854.346,28494.5,130722,7725.97,10804.8,730.597,37.2224
1.0607e+06,636271,1.00024e+06,408289,281913,174164,971197,273126,896925,2761.76,665.821,37840.1,41703.6,19395.9,9169.81,1065.73,37.2224
1.63961e+06,1.239e+06,794001,448153,376494,290140,778577,355848,755637,2376.1,2075.32,444774,75830.8,5856.22,12135.4,963.296,37.2268
1.26133e+06,890435,849917,799389,645089,443957,871826,595266,805746,7397.05,2077.59,70990.6,98530,20426.5,20585.3,2041.07,37.2605
2.10702e+06,1.66277e+06,760302,468037,441553,345741,766273,393605,713462,9091.77,1446.32,42810.6,54101.8,7493.37,15814.4,1997.14,37.3303
1.54138e+06,1.1314e+06,817416,906407,615222,406561,907940,649365,837502,11234.4,1104.63,37162.5,49971.4,19575,24421.7,5843.55,37.415
1.35416e+06,959080,847164,755849,449196,315198,855074,603000,752088,7813.03,2595.26,5005.29,31004.4,25179.5,13064.4,7613.65,37.4429
1.83976e+06,1.21711e+06,906947,345197,212577,151676,840914,266143,778220,9155.45,1959.14,80633.6,101038,36773.4,19298.8,448.206,37.5183
2.4106e+06,1.77148e+06,816470,588574,388035,294650,790160,458854,769623,6859.71,1194.95,961.63,69128.6,31423.3,21699.8,1754.94,37.5512
1.60664e+06,1.12611e+06,856031,814751,471384,327014,864888,622961,784721,8724.66,1744.97,49461.9,42596.9,18125.3,19717.1,2926.15,37.5968
1.42888e+06,1.00055e+06,856857,926668,710355,463017,920513,657953,845046,6516.84,2855.92,97509.4,51886.8,36002.7,21250.2,4349.98,37.7993
1.66845e+06,1.25615e+06,796932,907810,678389,477481,852460,684126,796178,7955.9,3728.35,91183.9,36954.7,13859.2,20916.5,2251.95,37.983
1.99995e+06,1.13294e+06,1.05916e+06,1.16753e+06,843969,472993,1.07059e+06,684173,1.02389e+06,8241.5,3502.8,25116.5,48639.3,36539.6,17517.5,4345.17,38.0315
1.62779e+06,1.30844e+06,746440,339077,315725,269474,702981,300792,676368,5386.09,529.037,10059.1,78283.5,15581.1,9800.7,1032.55,38.0368
1.80509e+06,1.17518e+06,921604,738898,426143,284816,897724,538224,823707,11262.3,81.9721,66218.5,68569.7,20788.1,20092.3,566.686,38.0495
1.39405e+06,984757,849378,551728,315187,226613,834516,433414,763789,7640.58,1639,106995,46371.9,20552.2,12637.4,1247.1,38.1731
1.81139e+06,1.28165e+06,847999,648731,487762,365582,800523,509297,764267,5599.4,1750.94,7346.64,59359.5,103929,12773.2,1480.33,38.2918
1.6781e+06,1.11106e+06,906220,871294,590392,385099,919855,635513,822605,11162.1,2361.46,55132,57371.4,24646.9,23170.2,2916.52,38.2946
1.70121e+06,1.23049e+06,829526,828036,586115,423282,830814,622362,798284,12718,1154.35,48398.5,47969.2,28506.7,20775.9,5001.58,38.407
1.3965e+06,980221,854810,945616,656761,452437,870964,709552,799617,9157.41,1913.01,81630.9,54940.9,24534.5,17881.1,3052.65,38.4229
1.46255e+06,1.11406e+06,787688,673616,517624,383755,809303,522896,772944,7487.46,3496.97,196778,58889.2,25221.3,20053.3,2597.58,38.4547
1.89036e+06,1.51628e+06,748026,410188,265368,211075,754334,344096,715244,6350.91,-1382.49,13616.7,155421,16208.9,7998.51,1654.96,38.5967
1.89171e+06,1.37577e+06,825011,851193,711259,484873,880138,635940,803088,11140,1747.75,57086,61763.3,29334.3,20606.8,2673.81,38.6071
2.09607e+06,1.50159e+06,837539,510788,453632,355664,765271,420662,728549,3373.87,669.554,35681.7,70504.7,5003.15,8159.78,1424.61,38.6834
1.1612e+06,829190,840242,372229,251415,170667,883880,288179,774996,6540.5,-584.094,36694,69000.4,7412.63,7607.04,1373.17,38.6852
2.2749e+06,1.60742e+06,849150,477139,348240,251823,829725,380848,751700,5072.66,559.842,42883.9,72775.3,7324.65,6062.07,3337.66,38.882
1.21528e+06,907122,803826,683475,402270,289149,834732,521542,786293,6431.57,3573.81,169029,48059.2,14201.4,16261.8,2269.82,38.8831
814779,555390,880223,372140,249897,172337,870029,277939,803355,11174,-421.152,38998.8,56038,21837,16518,1589.18,38.9693
