"FSC-A","FSC-H","SSC-A","SSC-B-A","SSC-B-H","SSC-H","Comp-Alexa Fluor 647-A","Comp-BV650-A","Comp-CTV-A","Comp-FITC-A","Comp-PE-A","Comp-PE-Cy7-A","Comp-eFluor 780-A","Time"
1.18511e+06,948435,861686,741574,476808,568433,15180.3,-2581.24,420929,334325,41345.6,12696.7,1.72299,0.0875855
1.82467e+06,1.52759e+06,524952,406408,312989,411798,12101.4,-3371.16,371059,287504,16175,14940.2,-543.154,0.173377
1.89172e+06,1.41634e+06,792960,606372,386128,517640,24889.3,-3399.72,351020,311742,6761.99,18330.3,65.1705,0.234832
1.73667e+06,1.32638e+06,510439,441608,322130,389790,20190.9,-3045.08,209080,330544,7841.9,15126.1,1.72565,0.274868
1.92966e+06,1.43806e+06,805469,667941,454898,562162,18231,-3125.92,444279,399795,19556.1,19238.9,525.348,0.576315
1.17196e+06,858677,953130,774479,470062,626447,13239.4,-2291.93,294070,179631,52069.7,13309.3,704.993,1.00606
1.47035e+06,1.04238e+06,903026,813960,595705,646948,17072.7,-3035.69,360099,370817,22425.4,14669.5,94.1362,1.07446
1.09005e+06,768207,763718,598392,403385,543206,17132.7,-4291,736574,241345,10319.2,17371,-692.906,1.07805
1.66246e+06,1.36396e+06,575798,468435,357242,451548,13117.9,-4200.02,683786,235660,12087.3,10277.5,-938.708,1.39823
1.59482e+06,1.33059e+06,686500,570931,477430,574091,11092.8,-2113.75,172307,246315,14538,10424.4,145.364,1.48918
2.04276e+06,1.48597e+06,653982,566115,398677,470806,20357.1,-3592.73,418732,488160,21967.7,24061.6,-77.8247,1.6427
1.96481e+06,1.24552e+06,765440,681314,416204,497982,16365.7,-3529.75,453268,402091,18216.3,20334.3,-13.0694,1.84759
1.97049e+06,1.46545e+06,629127,537966,366819,433147,18432,-3994.08,436438,457102,24326,17913.6,689.702,1.86116
1.84422e+06,1.41588e+06,650838,588487,386681,434252,17900.7,-2368.79,167404,375508,35605.5,22710.7,805.105,1.87014
2.10924e+06,1.59202e+06,676969,566401,390026,466475,17699.2,-4422.62,501005,432356,63351,17174.8,609.665,1.87574
1.59754e+06,1.20409e+06,699860,618665,453716,522419,11929.3,-3141.72,271717,232146,24485.2,10869.4,-206.937,1.89514
1.8567e+06,1.281e+06,760870,900488,721503,513961,15783.3,-2093.19,163501,317569,14542.3,13699,123.659,1.93271
1.67991e+06,1.20384e+06,1.19499e+06,1.01503e+06,689067,832283,18600.1,-4428.68,598430,332125,37500.2,16525.4,-78.3242,1.99697
1.57771e+06,1.19959e+06,577286,479266,324777,414589,23422.8,-3850.75,327771,365236,9571.83,16748.8,290.516,2.00011
1.48936e+06,1.02806e+06,1.16147e+06,1.00985e+06,612653,735501,16938.1,-3804.25,760300,380651,25504.8,19890.5,977.696,2.07435
2.13253e+06,1.55382e+06,727685,625296,390878,458609,17083,-1855.26,387050,390408,24664.1,23654,580.315,2.53538
1.48083e+06,1.15875e+06,818776,656619,456883,583250,13067.5,-2749.99,305554,369328,18229.9,12054.9,463.245,2.58192
1.73899e+06,1.40539e+06,726761,573390,424462,564834,12858.1,-2709.45,395701,325613,13955.3,12761.3,61.5046,2.89369
985147,754216,462618,403345,286467,336321,10733.6,-2751.26,348545,198021,11133,9776.27,-428.152,2.92968
976353,683978,649390,523934,349282,463483,10153.8,-3458.74,265940,243371,32332.7,7995.9,-128.078,2.93552
769449,585215,442963,400081,289265,330849,10041,-2632.73,359328,106739,15293.4,9850.13,-361.747,2.94505
1.90188e+06,1.48966e+06,818832,655008,429562,574520,26755.6,-3357.32,541300,341718,15523.5,23343.4,728.116,3.00864
1.63523e+06,1.27253e+06,785307,607189,434637,588619,16471.8,-2512.71,407453,276748,5782.71,13376.6,147.154,3.01009
1.65248e+06,1.28669e+06,785117,715590,479161,541797,15578.2,-4333.85,800849,475630,6606.41,19879.1,-547.872,3.0785
1.46666e+06,987328,803754,663947,434148,541029,20101.2,-3199.7,363853,450144,22546.9,20115.2,365.319,3.13816
1.86127e+06,1.47403e+06,1.07763e+06,866467,539537,687267,22750.7,-5202.59,677246,514483,20615.8,19147.5,494.073,3.15801
1.69557e+06,1.09544e+06,525770,443636,287666,340752,11439.9,-2912.95,356467,209651,12173.3,9017.15,-245.46,3.16104
2.08568e+06,1.73566e+06,605974,592949,434493,450003,14473.6,-4119.16,554383,373988,13006.6,11923.9,-300.04,3.32174
882875,590571,871723,643224,411335,588077,18582.8,-3037.32,623334,351662,14497,15495.8,1195.66,3.43512
1.7336e+06,1.26322e+06,1.23534e+06,1.0474e+06,644828,757634,25859.2,-5814.13,667514,533261,52815.9,19703.3,679.232,3.51935
1.71251e+06,1.36156e+06,509571,438491,314280,380433,13677.7,-4180.59,295505,420481,49492.5,11509.2,6.95167,3.80431
850744,555678,770589,627786,383753,505687,14541.6,-3361.02,128409,329572,41283.5,14167.9,635.673,3.88785
1.58232e+06,1.18272e+06,572861,442739,320975,435470,15268.1,-2722.15,366810,329445,5360.91,14391.8,-123.759,3.90299
1.08376e+06,637529,981836,917262,555221,602196,12150.4,-1423.43,512900,357202,67914.5,23269.5,-426.833,3.91656
2.01706e+06,1.49753e+06,670208,595877,402736,456108,21766.2,-3942.93,321370,486468,10419.2,22927.6,1345.75,4.05854
2.3437e+06,1.67145e+06,803041,638413,406970,564028,24210.6,-3660.16,196181,386590,21323.1,16822.3,284.831,4.22485
1.22097e+06,715560,943238,772832,501069,642050,22725.7,-3812.87,341122,273497,150.922,15422.2,503.396,4.37871
2.03999e+06,1.56768e+06,623323,463864,297441,428481,19278,-2848.94,452106,445758,14777.9,19067.1,403.031,4.42974
1.4303e+06,1.0443e+06,1.0579e+06,905339,565224,681125,24135.9,-3796.23,415761,510627,30651.4,19146.2,84.2674,4.50779
1.86943e+06,1.38622e+06,623184,539582,367847,451927,20008.2,-3812.93,410387,436998,5857.57,16515.2,-305.854,4.65291
1.04323e+06,752894,479194,440395,275649,294619,8203.65,-1729.92,170815,175046,35741.9,10211,722.573,4.7239
2.00519e+06,1.36948e+06,625524,500999,330588,442951,19280.8,-2778.89,92279.9,287168,17708.9,13813.2,822.52,4.80868
2.60651e+06,1.79867e+06,1.08649e+06,944694,555276,682648,26884.5,-4774.78,645059,523560,11860.9,29963,505.316,4.91612
1.14955e+06,939112,562738,475733,340642,416785,10442.3,-1127.96,214921,196254,29989.5,14288.4,-38.3601,5.35505
2.22448e+06,1.59723e+06,762375,630498,422543,523029,19875.2,-2144.06,344631,355000,20861.6,21484.3,654.042,5.36369
899001,585088,939051,797168,465302,586096,14418.2,-2284.05,264013,313694,22265,18284.6,898.517,5.42021
2.31972e+06,1.61045e+06,797848,630967,380621,517629,20730.3,-5670.14,789519,457144,63922.5,24778.8,304.954,5.45183
2.11280e+06,1.66278e+06,555006,524104,372239,398981,13058.3,-4204.41,796143,319139,7534.77,14194.5,-584.481,5.52439
1.76791e+06,1.34927e+06,642512,695350,406722,440818,17757.9,-3369.71,432205,297122,13331.1,16155.6,-101.696,5.62723
1.62067e+06,1.0722e+06,844830,741552,508652,596140,17728.4,-2161.04,321848,201562,16380.5,10180.3,869.223,5.70405
2.16168e+06,1.51699e+06,841289,723803,412742,512733,22834.1,-2100.41,373753,423123,42374.8,34356.5,1144.68,5.78692
1.78469e+06,1.45003e+06,565709,442473,312354,418612,17158.9,-4577.19,842510,272665,16014.7,11749.9,-823.497,5.8606
1.78303e+06,1.50024e+06,454487,346002,281985,363305,13210.1,-4538.46,742942,218118,5269.9,7941.27,-851.007,5.94011
1.99261e+06,1.49051e+06,675293,547245,377070,478769,22203.4,-4213.67,794654,330529,20099.2,16798.5,-242.721,5.94808
1.49003e+06,1.10288e+06,946454,757821,494666,652435,16297.6,-3869.58,392812,337164,31555.1,12501.7,121.787,5.99731
1.67675e+06,1.35488e+06,585854,449568,301684,417075,17208.3,-2635.61,179570,332510,18042.7,14821.3,278.215,6.00561
973988,690166,741698,673780,483905,535213,12525.9,-3165.53,809709,208419,7305.11,19687.6,-391.955,6.06403
2.27435e+06,1.70574e+06,637361,493702,318545,435580,21048.3,-2952.4,403993,421704,2895.82,16280.2,326.728,6.09757
781930,599938,698021,538461,367999,499187,12383,-1757.27,144764,145708,34354.8,9655.9,1004.88,6.09959
1.0568e+06,676983,664223,561193,359345,447130,11787,-2650.38,279592,221706,20974,10694.5,-595.252,6.10508
1.80439e+06,1.18673e+06,1.23543e+06,1.07965e+06,626056,732231,21412.9,-2982.54,606235,344468,24372.8,22043.6,355.902,6.12717
2.95696e+06,2.24363e+06,813205,560003,364567,577725,15682.4,-3691.94,803871,337949,17633.6,18680.1,404.961,6.13065
968091,680373,562130,431686,296553,395578,12182.7,-2571.63,291944,189242,12943.3,9854.2,-73.5365,6.26825
1.16217e+06,877659,851112,747631,530355,611360,13903.2,-2382.11,373366,237609,23204.5,14304.9,494.35,6.29292
1.18792e+06,848656,1.11918e+06,845932,520922,723298,18224.6,-675.634,771459,364105,19910.8,18369,518.552,6.41931
998987,685881,1.02169e+06,805056,515156,687450,16452.7,-4601.32,610526,283074,53405.2,15938.1,67.9029,6.45251
2.46629e+06,1.70082e+06,878212,708574,449690,587748,31685.9,-5569.32,638078,551347,8103.77,26126.8,-61.1585,6.48895
986708,751938,629910,497439,343958,439674,18089.4,-2270.29,392726,442754,11362.5,17790.2,543.322,6.51934
1.78638e+06,1.26799e+06,928222,713294,444124,600458,15415.4,-2899.02,295112,343346,48275.3,19627.3,347.336,6.55624
2.12711e+06,1.65694e+06,684575,504785,335571,488251,14795,-2624.04,362743,321673,6772.08,10852.4,20.407,6.55904
1.39303e+06,1.12898e+06,485857,425394,310220,365448,21640.9,-2651.87,451954,275808,7177.88,14552.1,-66.5979,6.58282
854936,690527,356911,298304,248567,296801,9012.34,-1767.37,163936,176028,4110.68,7385.42,-357.174,6.71381
1.78884e+06,1.30958e+06,897797,726555,463986,595560,16367.3,-794.946,363054,526160,12404.9,20749.4,742.105,6.7221
1.4345e+06,1.13967e+06,607733,488593,339816,442713,14908.6,-2870.09,383240,383838,20090.4,14827.6,-13.5994,6.89144
2.1385e+06,1.58017e+06,591616,459821,322723,427635,23187.1,-4138.67,1.04733e+06,416659,18546.7,18822.3,-496.565,6.91421
1.50238e+06,1.23379e+06,584783,461070,348666,450514,11919.3,-3600.59,698250,272328,7571.85,10618.7,-1197.98,6.94595
1.80918e+06,1.43050e+06,513626,463797,335142,377028,17869.8,-3393.44,403204,324920,32356.4,13631.4,-582.349,6.95335
1.91321e+06,1.57573e+06,924968,762419,546521,657308,17805.3,-4045.21,53372.8,333416,74446.2,21556.8,933.41,7.00213
1.84059e+06,1.41689e+06,663635,516680,368754,490573,17716.5,-4238.85,401621,414432,11473.4,13651.7,-361.065,7.06572
1.86512e+06,1.37678e+06,1.12143e+06,866459,503189,699851,20002,-2773.07,618602,389152,28130.6,23627.2,663.168,7.08243
2.57486e+06,1.82023e+06,713585,592226,362835,470029,22499.7,-3780.6,401938,522726,15758.9,22207.2,-874.861,7.17248
2.07503e+06,1.52384e+06,975806,896274,624985,677281,18640.7,-3044.92,369323,541912,34795.9,23378.5,677.667,7.37019
947604,658138,862920,661988,406475,574243,10901.6,-831.657,366152,277710,40904.8,13380.5,294.358,7.42604
2.48708e+06,1.80004e+06,851665,702232,455135,578790,22809.2,-5351.94,384768,503287,76297,19693.8,670.167,7.49512
820693,607855,554908,509080,389038,414975,10783.3,-2315.58,340969,176011,24691.9,7108.43,-141.03,7.51553
1.84738e+06,1.31591e+06,622717,545309,346528,411059,20958,-2595.24,408366,455252,39571.5,24009.3,384.449,7.51699
1.69688e+06,1.46078e+06,303006,261470,212595,247141,11234.4,-3386.41,460633,199340,5043.24,7453.5,-1032.7,7.61523
1.33844e+06,988156,948995,725010,457334,628491,24787.8,-3085.94,691254,366114,4489.91,21388.2,33.606,7.75978
1.82445e+06,1.31926e+06,884495,751489,532466,636654,12510.8,-2479.32,190170,404767,27465.1,15717.1,1229.57,7.78255
1.47668e+06,1.17354e+06,535121,471877,353183,405389,16222.9,-3771.18,725676,330834,7722.96,15494.9,-114.9,7.81148
985807,661410,732667,551851,346999,503057,12508.1,-2710.62,677181,348800,10870.7,14904.8,-308.118,7.82797
1.1756e+06,971398,861478,743515,487736,582175,21243.3,-2264.57,313869,343110,10037.9,15119.7,1024.56,7.86307
1.17735e+06,711496,929089,724798,453087,604494,20344.2,-3498.18,370550,250341,28516,14156.1,751.599,7.88875
815500,593650,450287,411621,314119,342836,10999.7,-4394.39,749550,121010,25470.9,8064.92,-804.152,7.916
904308,659614,751821,592259,381774,490322,11450.2,-2580.63,703191,186297,8617.82,10519.9,-977.049,7.92744
1.86137e+06,1.3686e+06,895557,759215,483709,607408,24988.8,-3864.24,160269,401184,31702.6,18353.6,574.034,7.9778
1.04129e+06,723514,832540,734770,455497,527623,19567.4,-1695.05,314659,418577,17661.2,23121.5,1102.12,8.02097
1.77582e+06,1.31568e+06,823063,685799,446385,548406,20142.7,-2027.48,212886,475400,18183.6,23219.7,1335.65,8.09487
1.57109e+06,991049,1.38099e+06,1.14752e+06,721549,897504,22756.1,-3211.78,504601,495249,24141,26274.1,674.169,8.11495
1.17228e+06,1.01486e+06,466491,427527,353826,378910,11079.1,-4093.33,789086,146436,10017.9,8384.91,-997.851,8.14276
1.73055e+06,1.24117e+06,785913,664214,414913,519368,17477.1,-3511.56,292805,334316,14552.2,15725.9,730.635,8.15947
2.39307e+06,1.87701e+06,906093,801391,565350,669972,9684.26,226.607,-946.157,106144,10600.8,12643.6,111.813,8.26881
1.11738e+06,923979,403827,373611,288101,317831,7910.62,-2046.81,464313,133753,1779.84,8766.42,-728.481,8.3047
1.09185e+06,933886,331400,306299,248810,264950,7503.41,-1906.71,160416,78297.1,5963.21,5023.06,-39.308,8.32432
1.72598e+06,1.33302e+06,802179,613319,387572,555911,16704,-2991.35,774630,328241,13324.8,19572.4,57.6893,8.34429
916802,548947,1.10068e+06,831548,488568,699318,22379.6,-3787.46,599001,348756,29354.6,17162.5,1028.72,8.37468
1.09963e+06,736922,670902,530167,347250,474349,11067.4,-2361.6,551369,236124,32735.8,16798.8,-665.645,8.4137
1.62938e+06,1.2953e+06,469216,403248,288045,350850,9946.27,-1945.86,283937,243232,6034.22,10065.9,374.116,8.4663
1.0274e+06,722123,998962,718879,439896,656959,20070.3,-3068.97,620566,325429,13632.6,18271.8,-148.519,8.50409
1.10271e+06,789984,787042,664404,449606,538540,13847.2,-3055.82,621676,273631,10123.1,12817.2,-162.118,8.57654
1.37179e+06,1.11061e+06,689708,628592,461565,499623,12509.3,-3252.9,699908,274864,1297.94,12321.2,-660.588,8.5993
1.06042e+06,658660,967256,794219,526219,637822,25142.1,-4724.83,375714,426422,57797.8,21220.5,1457.48,8.61063
1.57461e+06,1.04353e+06,1.41881e+06,1.00657e+06,553399,834969,26752.8,-5472.75,1.36105e+06,613872,12735.2,30412.4,20.3297,8.6251
2.53736e+06,1.82811e+06,1.22369e+06,919084,499786,709947,33673.9,-2557.46,430984,623735,43601,41935.3,2348.2,8.73029
1.28298e+06,901302,775494,651345,450974,534925,15753,-2959.36,246970,217070,23049.6,11201.2,576.787,8.75597
2.19734e+06,1.52137e+06,927853,753294,451120,606088,23324.6,-3869.42,537029,535161,27348.1,24976,482.397,8.80419
1.62157e+06,1.1996e+06,1.2003e+06,895344,496672,715699,21724.8,-2062.04,359060,586555,43765.6,30804.6,1907.41,8.80442
1.44686e+06,1.10638e+06,714532,572326,382308,504043,19048.8,-4029.48,170268,483708,24607.8,14129.7,-263.59,8.84389
2.34009e+06,1.72164e+06,860870,644136,411898,592034,17621.6,-3444.8,342253,499378,19654.3,21824.6,-581.081,8.87115
1.39452e+06,987179,729328,605917,394247,513896,13470.5,-2339.94,323480,479374,25681.6,14780.5,-82.9191,8.87485
2.07269e+06,1.59493e+06,595652,439187,290786,429848,16932.1,-4312.1,475821,410830,68269.8,20570.7,711.539,8.90165
1.78955e+06,1.39867e+06,625117,480522,288263,409167,16869.4,-3395.87,705315,336012,6272,20529.8,-426.292,8.90367
1.5631e+06,1.23035e+06,748524,560012,369711,529193,15681.7,-1864.13,182642,449506,29054.5,18688.3,1021.95,8.93507
2.7432e+06,2.02943e+06,768420,619050,420260,519876,23397.9,-2874.87,401823,334224,41651.1,20975.9,993.731,9.00527
1.68804e+06,1.26239e+06,715132,526989,359431,510438,20250.3,-4575.82,900037,383758,16009.1,23148.9,101.905,9.00931
1.78976e+06,1.34911e+06,758814,571264,374227,529173,22019,-4249.44,721569,357302,6834.52,17700.4,-42.9938,9.02848
1.06333e+06,728486,1.3335e+06,985875,513237,766108,22409.3,-3138,723907,389643,43434.4,23132.7,1290.11,9.0702
1.63792e+06,1.41847e+06,495178,430997,331290,375073,11490.8,-2033.85,481061,223512,4833.33,9436.22,-551.458,9.10856
2.03181e+06,1.61222e+06,640288,482789,335582,471628,12460.4,-2810.52,438373,319314,6361.4,9805.73,-602.245,9.11282
2.27319e+06,1.58215e+06,863382,701484,454611,568989,14711.9,-2406.73,263023,579327,36143.7,24059.1,902.988,9.11854
2.69833e+06,1.95751e+06,903583,767501,495429,632682,25115.9,-2389.7,310569,560982,8636.08,22804.2,-45.6989,9.14119
1.89066e+06,1.24922e+06,756744,595046,388735,518908,17286.1,-4278.11,385212,413592,79159.5,17785.8,682.759,9.14915
2.28122e+06,1.67263e+06,762335,654235,429411,534060,17025.5,-3822.34,308572,411385,17361.9,18263.6,44.9299,9.22025
985801,677496,846716,747571,527251,610145,12381.7,-4925.45,839480,275401,10948.1,12521.5,-810.687,9.24033
1.9423e+06,1.43368e+06,614295,553483,367412,440459,18562.3,-4366.58,294345,314769,17636.4,15287.5,52.0322,9.25311
2.10504e+06,1.54351e+06,633076,533602,340063,436777,17823.8,-4340.2,350078,350240,40107.6,20320.3,447.149,9.25659
2.11434e+06,1.47568e+06,884297,670564,417985,567932,29425.6,-2980.55,420892,571604,26567.3,27444.1,550.228,9.26747
852150,593536,533445,414396,276864,375503,11265.7,-2340.73,319374,152739,13779.4,8123.28,-364.187,9.30268
1.2646e+06,856119,1.28708e+06,1.03126e+06,583029,770825,16226.9,-1851.9,655081,255724,56615.1,19548.9,921.711,9.3287
1.51407e+06,1.11693e+06,621645,520164,337697,425787,21098.4,-2964.37,335554,371963,51917.9,18303.1,8.76259,9.3324
731463,566319,767519,670978,486055,554159,15426,-1264.37,380099,157237,19888.8,13455,-31.7588,9.36481
1.87833e+06,1.32774e+06,742763,660363,449507,497086,22132.6,-3209.55,431209,532823,26539.5,21037.5,568.025,9.39924
797115,512034,688812,561344,339970,452055,11285.4,-2837,239783,238078,18107.4,12202,588.508,9.51037
1.08456e+06,756283,1.21714e+06,875835,524990,752110,21012,-4364.47,1.0256e+06,337482,20909.1,23173.1,844.902,9.52944
905185,544450,693507,564293,302462,393748,21484.8,-4355.05,733921,501633,22885.6,15606.7,-306.111,9.54278
1.14464e+06,857965,588415,542559,390166,417296,14908.2,-1999.36,397216,222806,9284.71,15041.9,612.523,9.55972
1.47589e+06,1.06434e+06,784586,610508,400404,538907,16550.9,-3911.88,905612,287648,21529.7,14893.7,-811.892,9.58529
1.31652e+06,1.02211e+06,583055,515636,395345,474604,12959.5,-2964.76,307723,204126,13361.3,9340.01,-754.532,9.60233
2.76009e+06,1.9655e+06,1.03973e+06,846568,552337,666731,33717.5,-3072.5,517053,527367,39874.9,41584.2,1052.86,9.63284
2.03728e+06,1.4658e+06,956380,801222,526563,656781,34411.4,-3155.61,642982,393246,11839.1,24339.2,1039.26,9.66356
1.60416e+06,1.20043e+06,788576,609947,381137,531671,17751,-3551.62,396250,420732,15029.1,13832.4,168.928,9.66457
1.22565e+06,1.00912e+06,602009,577191,441385,470078,8813.4,-2250.36,455350,192178,50984.9,9466.63,-220.763,9.67052
1.07221e+06,690678,484278,398583,268593,350770,11747.4,-3675.72,301429,266891,9239.65,10738.2,-151.381,9.68925
1.35203e+06,1.03002e+06,913064,763088,544701,660072,23400.3,-4316.13,188438,531078,78505.6,33642.2,1036.6,9.69317
1.59271e+06,1.20617e+06,594350,473547,316314,408327,21983.4,-1787.39,535515,322023,23317.4,18970.1,774.721,9.69653
858649,578686,698122,573773,383119,488961,10644.8,-1180.1,427396,224068,9986.94,9996.17,159.94,9.71167
1.4538e+06,1.16673e+06,695548,675920,498378,525718,10374.3,-1751.89,354448,227527,10783.3,10024.6,114.841,9.735
1.65971e+06,1.32557e+06,550253,421260,301227,402723,10500.6,-3652.24,678281,316387,25443.9,11708.7,-1136.14,9.73623
1.67773e+06,1.19907e+06,870859,678907,413312,549394,27915.7,-2694.75,630165,466614,16179.7,26849.8,1249.98,9.75552
2.33952e+06,1.65115e+06,1.10375e+06,1.00065e+06,566670,663992,27718.8,-4628.21,416179,626635,47853.7,28911,422.396,9.75676
2.46058e+06,1.8038e+06,1.21335e+06,1.09055e+06,673174,794708,13262.8,-968.102,16876.3,282318,32138.5,18129,-214.066,9.82404
1.352e+06,1.03243e+06,683512,511509,350904,508902,10849.1,-2645.96,329954,256953,24442,14475.6,166.56,9.83492
824227,677781,416082,400994,326028,329778,9694.21,-1565.8,293254,118825,10935.7,6936.14,-800.364,9.85354
1.22698e+06,821919,615527,507716,284993,378280,9463.22,-2209.11,493471,273084,18994.2,16534.6,-446.281,9.85544
1.73875e+06,1.32102e+06,726147,597791,391737,505908,21741.9,-1275.11,219785,376148,44569.6,19974.8,1362.32,9.86161
1.46031e+06,1.26123e+06,395781,304413,225705,304139,10994.8,-2851.84,386065,212402,12141,9582.48,-377.32,9.87787
2.25859e+06,1.72964e+06,487686,405878,258828,343513,16878.6,-1608.38,316288,550672,8646.31,22985.5,-129.155,9.89425
2.05246e+06,1.52211e+06,798960,637400,430072,549171,16016.9,-5282.48,669199,470877,71371.7,21410.1,819.128,9.93125
1.46606e+06,1.19327e+06,653148,584520,435776,484849,16233.1,-2018.72,323423,291497,22014.3,16210.5,-136.877,9.93473
1.16978e+06,632305,933232,742557,463540,612539,17352.2,-3070.63,606182,386186,28833.2,14276.9,-928.779,9.9437
2.63365e+06,1.77771e+06,960992,806324,460401,613961,27028.5,-2833.88,341870,456754,41336.1,30634.6,1437.96,9.9612
997440,732768,702951,579417,384478,491396,13553.1,-3914.79,579756,283972,11180.5,11941.3,-549.054,9.99024
1.84539e+06,1.23274e+06,1.20019e+06,1.02624e+06,655577,775213,15462.2,-1077.24,443236,436452,27384.7,26884.7,805.805,10.0603
2.93999e+06,2.02533e+06,1.38217e+06,1.17684e+06,758203,910855,29917.1,-2697.9,388258,657289,46818.1,33583.6,1971.27,10.0686
1.80969e+06,1.60541e+06,348059,296075,232350,295648,10709.8,-3477.29,385650,247462,2379.33,6432.51,-593.545,10.0842
1.52196e+06,1.10493e+06,789094,672005,441860,554638,16531.4,-2089.87,379111,438972,23270.7,19219.7,298.207,10.1069
1.79185e+06,1.25541e+06,710463,580296,372888,499096,13949.6,-1992.62,329832,268313,7624.34,11478.4,-310.349,10.1129
1.73353e+06,1.48402e+06,438428,343266,250745,343083,11676.7,-3212.68,388857,248035,10548,7695.81,-343.219,10.122
2.12439e+06,1.64092e+06,644774,550841,363414,454361,11365.1,-4023.11,437649,506244,68489.9,15852.2,636.104,10.1919
1.94238e+06,1.474e+06,569493,485677,335901,414975,12771.5,-4094.83,602399,410277,10185,17778,-1083.49,10.2595
2.30971e+06,1.54329e+06,695391,621361,372045,443963,24471.7,-4433.92,181602,633845,40930,22958,290.632,10.288
850539,593065,554749,520308,418067,431791,10574.5,-3244.75,668521,171198,15994.1,17300.1,-416.216,10.3016
1.49157e+06,1.15316e+06,740230,560928,371724,524808,14640.3,-2933.9,699695,351289,4271.92,18248.7,-132.104,10.3454
1.53048e+06,1.07418e+06,457970,429587,311186,330301,9328.8,-3944.87,690528,239157,6356.72,10981,-924.588,10.3907
2.00765e+06,1.55601e+06,708829,554618,364558,506259,18323.4,-4431.15,499066,466387,22755.7,15137.3,-813.616,10.4115
879816,639382,484488,412846,254836,327305,10318.9,-3011.25,314450,159120,10887,10625.8,-523.168,10.4347
1.31176e+06,931447,876792,763869,524756,609828,14080.6,-3841.86,662743,312842,33614.8,14623.2,-651.234,10.47
1.58854e+06,1.33162e+06,441184,428687,326530,338321,14740.3,-1917.51,378905,215858,6717.51,10204.6,-270.006,10.4866
1.89563e+06,1.39122e+06,542394,477112,333485,400269,20075.8,-2600.19,283765,418171,15723.1,19244.8,132.999,10.4916
2.29837e+06,1.78012e+06,485331,427164,298134,350288,17500.5,-3063.95,348991,424270,27417.2,17219.8,317.179,10.5052
1.34871e+06,812339,1.01579e+06,845138,480945,644382,12537.3,-544.585,285064,312490,28618.8,22059.8,308.83,10.5254
2.10236e+06,1.46024e+06,968263,724010,424660,604524,32569.7,-2358.23,293327,603918,86081.6,24397.8,817.254,10.6085
1.84618e+06,1.18486e+06,1.44318e+06,1.24177e+06,732662,910014,19240.9,-2915.02,586596,469543,61514.6,26504.4,1372.37,10.6229
1.74722e+06,1.37954e+06,548415,479762,319647,390140,18275.8,-1688.94,191678,290164,23626.4,18057,374.798,10.635
1.65418e+06,1.42584e+06,364086,335827,253932,283233,16681.4,-2843.62,393254,169332,5733.81,7784.38,62.3847,10.642
1.8117e+06,1.30380e+06,787532,652570,428707,547003,24311.7,-3134.49,358542,484573,15424.3,21651,712.197,10.7024
1.08953e+06,882075,621564,542096,388777,463535,13483.4,-2704.01,403754,254555,16404.2,13311.3,234.291,10.7283
2.29761e+06,1.73908e+06,913121,783953,499432,626303,21702.4,-3077.59,233322,485841,19311.3,19381.1,981.491,10.7525
1.89307e+06,1.4474e+06,474878,386655,263940,349557,14639.9,-3481.41,355972,248557,7778.16,13148.2,-448.465,10.8046
2.69026e+06,2.06232e+06,760795,666776,426955,539178,24224.3,-3833.79,168402,406687,26846.6,19831.7,595.271,10.8124
966149,795676,617317,599686,462050,468323,12325.1,-4178.4,655831,189174,17127.7,10936.2,-729.181,10.8371
805457,671520,902458,710549,499560,645586,11194.6,-4511.33,799443,392597,83025.4,14404,-290.851,10.8637
1.20552e+06,898621,681643,564273,382459,463192,21679.8,-4621.69,696779,504039,29771.8,31176.1,1654.71,10.8801
1.8561e+06,1.23537e+06,1.0356e+06,837691,553653,709896,18837.6,-4659.48,743288,504988,30906.2,20981.6,-339.871,10.8838
1.5231e+06,1.02588e+06,736994,570297,335569,473734,16621.1,-3990.36,289057,422501,33488.7,18758.9,-184.764,10.9027
2.41835e+06,1.60815e+06,1.09906e+06,913063,521685,646165,27156.2,-1410.24,412404,466545,60944.1,33165.8,2464.98,10.9647
1.9166e+06,1.4943e+06,503970,420584,293754,381968,16153.3,-3553.89,198713,276921,26361.5,10721.7,-150.775,10.9886
1.23357e+06,714724,1.02234e+06,819675,542250,678537,22383.5,-2897.16,358796,399261,18288.7,22420,803.957,10.9921
1.5471e+06,1.11712e+06,741985,637044,427331,531064,16233,-1924.84,210087,246194,60178,26431,693.281,11.0017
1.68791e+06,1.35453e+06,585926,492447,359050,437607,17728.9,-2419.6,365400,367610,19395,12267.9,539.92,11.0694
1.69744e+06,1.26847e+06,615605,534816,365497,448283,13286.8,-2921.29,158041,319075,41872.3,12664,808.174,11.0827
1.78043e+06,1.28684e+06,723422,555103,377249,507878,18062.1,-3715.49,802464,416303,10058.5,19495.1,-302.781,11.1443
1.0086e+06,803786,514764,410033,294462,379931,12812.3,-1628.83,182323,174601,10373,9201.2,350.086,11.155
1.45905e+06,1.00821e+06,478547,430071,275150,327886,20014.1,-3927.07,264134,452910,20039,15861.7,-892.135,11.158
1.48113e+06,1.15036e+06,702436,605159,442005,503516,16524.5,-2050.96,299757,401455,10606.8,17871.7,341.347,11.1963
1.29722e+06,849773,1.37982e+06,1.27171e+06,735277,860853,28229.8,-3530.69,604382,456030,22665.2,26295.5,2107.81,11.2444
851374,618597,694876,594997,374242,471467,15500.9,-4155.11,423187,274168,21282,11665.8,-122.172,11.2482
1.80637e+06,1.26819e+06,1.0832e+06,920753,560944,716422,19761.2,-2957.47,348949,464740,23675.1,19322.5,633.026,11.2494
1.29081e+06,959747,613686,466287,323683,443070,14452.5,-2196.71,636468,279672,7277.33,15417.1,-539.241,11.3215
1.56664e+06,1.17323e+06,774510,647897,397798,524684,19646,-3565.98,335758,439351,23716.2,14888.3,144.53,11.3517
1.27343e+06,897147,501453,426618,275224,358649,15106.6,-2769.44,290908,352125,10417.1,14333.3,-324.878,11.3524
1.27948e+06,980504,521411,418308,301362,390773,17319.4,-2970.86,330192,380130,16612.6,17149.6,-529.652,11.3583
1.92855e+06,1.41944e+06,733593,642346,430991,508974,16429.9,-2990.99,648908,463599,20947.8,22455.5,12.6935,11.3784
1.34368e+06,1.053e+06,447695,402683,307413,337323,12193.4,-566.079,375571,250282,10955.5,11236.9,-35.9889,11.4122
2.80064e+06,1.94007e+06,1.02122e+06,761313,440564,629695,29005.4,-4429.73,768456,672590,38794.1,30537.5,608.784,11.4772
1.8595e+06,1.5847e+06,422339,372152,272996,320536,13634,-1630.78,418478,282517,5779.1,11482.4,-546.464,11.4821
1.62382e+06,1.08601e+06,1.09341e+06,981492,607737,711202,34855.1,-3408.28,304698,535250,52076.6,26456.4,1911.67,11.4896
1.28312e+06,1.04595e+06,382483,358344,273209,290468,9630.93,-2098.64,385216,255151,9987.16,7393.59,62.8722,11.4912
909213,566677,615099,557624,367018,409881,10845.7,-1126.7,318446,229582,24068.7,10523.2,-230.946,11.4916
2.33676e+06,1.65184e+06,919954,778977,514050,626303,29153.2,-3652.3,719290,545842,14768.8,29564.6,141.752,11.5441
1.8389e+06,1.42459e+06,685337,544862,413784,525936,14074.7,-2779.8,857323,388103,2405.17,21275.3,-794.198,11.6155
832271,601298,717883,641644,437249,486702,17388.2,-1942.37,356685,241120,28575.9,18374.4,-39.4717,11.6157
2.54384e+06,1.8747e+06,1.0893e+06,911739,561030,682857,24325.9,-1466.04,384183,575951,36284.5,37375.3,1355.58,11.6438
1.57576e+06,1.30631e+06,493662,468633,388984,399485,9564.6,-3227.09,663946,206098,9511.05,12031.5,-804.496,11.6803
1.01081e+06,701227,483035,398092,264533,364720,12113.6,-2285.13,461604,128293,18131.2,12024.3,-550.729,11.6906
1.8647e+06,1.32776e+06,837979,655441,389400,522976,24104.4,-2791.13,635694,388993,10358.1,26371.2,433.893,11.7171
2.73753e+06,1.93236e+06,794355,622697,375599,522029,22733.8,-3156.79,212656,509883,26197.6,25279.8,681.053,11.7478
1.61978e+06,1.27696e+06,506971,444691,317130,368946,12417.2,-3039.15,527315,262967,8362.43,10430.4,-133.962,11.7799
2.13517e+06,1.55016e+06,505257,416378,271528,355830,19278.2,-3906.78,122994,483274,50982.1,14834,91.8463,11.7856
1.01459e+06,742942,682484,529996,366081,493858,12514.8,-4949.72,836406,362933,24584.1,13162.7,-801.218,11.8101
2.2873e+06,1.56872e+06,899579,719712,488925,622998,36813.5,-2816.68,692325,432913,15469.9,27172,1175.37,11.8568
2.13363e+06,1.62284e+06,621623,525630,340522,418595,24762,-2322.06,210868,398394,11763.6,17953.5,816.133,11.8829
2.10966e+06,1.66314e+06,515481,400732,274196,378839,19073.7,-2470.76,247392,349522,8489.25,13348.7,171.078,11.9438
1.65871e+06,1.22404e+06,597364,538631,368450,423022,23172.9,-2009.94,335786,416946,20388,19738.6,1263.81,11.9897
1.85519e+06,1.389e+06,802243,579388,377595,548955,15018.3,-1388.62,648090,233131,21906.6,17706.5,101.375,11.9907
2.05043e+06,1.55233e+06,511490,418250,297189,384979,13344.2,-3793.34,159910,309059,69613.4,11199.6,488.645,11.9978
1.56e+06,1.16238e+06,452940,383788,260789,327003,12876.8,-2921.04,247944,309098,4894.72,11667.1,-524.54,12.0002
1.04321e+06,713552,881925,736118,503127,606340,12939.6,-2777.63,253177,298370,31821.7,15030.8,590.852,12.0198
1.06532e+06,604987,764554,601326,337683,451912,13531.8,-2282.88,618380,234585,17200,10987.5,-202.896,12.0478
1.94683e+06,1.46446e+06,693095,567931,418917,516600,14290.3,-3400.09,775126,447404,8712.77,11527.5,-486.215,12.0612
2.36428e+06,1.69619e+06,618319,552789,349546,405970,24309.3,-2487.17,371646,343895,12493.7,25106.7,482.202,12.0682
1.08571e+06,710176,802658,716562,469802,526197,16247.3,-3385.39,656624,367662,15908.7,16218.7,-451.608,12.0731
1.30868e+06,1.01172e+06,423675,443096,345015,342251,10668.4,-3533.78,436424,210035,12366.5,8472.35,-707.828,12.0814
2.82605e+06,1.94574e+06,703507,595053,400273,497322,13185.2,-2473.94,158276,290639,11465.3,10163.5,-302.828,12.1383
1.69821e+06,1.34708e+06,553644,496082,361057,393668,14839.3,-2782.72,351383,320822,18626.4,16890.1,377.669,12.1493
1.63223e+06,1.06337e+06,1.26035e+06,1.09072e+06,607762,733786,17091.9,-1597.11,642887,471952,23824,23014.2,1170.69,12.1583
1.44691e+06,1.09461e+06,1.08641e+06,851493,530142,721366,17784.1,-2011.51,599192,256590,10934.1,15926.8,457.645,12.1885
1.66396e+06,1.28225e+06,653221,569502,362082,446326,13784.2,-3333.87,881438,366011,6137.88,17763,-355.719,12.2204
1.85632e+06,1.45987e+06,465402,402789,299908,354666,20043.6,-2796.4,365936,246759,10849.3,12195,-328.248,12.2732
1.55028e+06,1.16608e+06,600603,530396,384092,439989,18656.7,-1840.06,349316,323436,17872.3,17354,649.081,12.2997
1.42353e+06,1.1655e+06,553258,487287,375337,427780,8866.9,-3667.67,855438,213287,-910.298,9415.76,-1034.76,12.3056
1.84089e+06,1.17164e+06,1.21667e+06,894283,487327,737879,39688.6,-4225.32,714946,683985,62406.2,34026,1526.67,12.3296
2.46548e+06,1.83286e+06,680848,558339,384375,480729,13123.7,-3471.49,515565,271310,69261.2,11717.9,248.052,12.4127
859099,632241,782534,683927,468805,543640,15968.4,-1587.01,273813,332890,14264.7,13489.9,827.525,12.439
2.01577e+06,1.58067e+06,771040,608150,418489,547650,17205.2,-1736.6,295975,354770,14947.4,19332.4,561.039,12.4585
1.67301e+06,1.19929e+06,744942,608390,397370,505442,12800.7,-2055.7,383774,313130,9109.89,10899,-256.005,12.5168
1.83314e+06,1.41608e+06,635676,544381,387555,461331,23978.2,-2924.54,334423,445000,18460.7,21697.1,1177.89,12.5283
1.40444e+06,1.11846e+06,564512,471226,343207,420839,13537.9,-3963.11,762990,239232,11448.3,11467.1,-641.939,12.5611
1.58036e+06,1.00456e+06,602530,555204,318357,371795,20522.5,-2960.81,152433,400535,21653.8,17413.7,311.506,12.6549
1.44757e+06,1.01312e+06,618540,433245,287014,437648,17080.8,-2908.87,309907,326366,16846.6,18423.2,49.8843,12.6594
2.07345e+06,1.42796e+06,1.36261e+06,1.04548e+06,557764,783659,32441.9,-1414.08,830798,779582,54905.3,43914.3,1344.79,12.6987
1.85658e+06,1.45031e+06,693691,547785,371621,506140,14945.3,-2209.12,402108,287724,7190.46,13553.7,266.856,12.7144
2.31605e+06,1.58335e+06,799830,651652,420227,512189,16817.9,-1975.37,459334,589992,60995.9,24111.1,254.558,12.727
1.48662e+06,1.1736e+06,610601,520958,365722,442552,15714.2,-3625.65,746469,395854,4199.38,18195.5,-95.9451,12.7777
2.20462e+06,1.59304e+06,1.01877e+06,836013,516601,665202,22050.8,-2313.62,301816,537715,25211.6,21254,1502.93,12.799
1.16207e+06,873356,580077,507262,357138,427342,11985.3,-3346.76,854369,186685,19224.5,16277.4,-630.323,12.8851
1.13357e+06,835597,718349,634561,461621,533114,10285.6,-3622.16,618589,268102,20933.8,10761.7,-495.616,12.8951
1.99808e+06,1.39162e+06,942858,735722,456040,629998,18792.1,-2328.37,349801,497254,20247.3,23797.3,624.297,12.9051
2.63776e+06,1.91402e+06,778444,654516,425856,525224,20700,-4410.37,726627,465544,12777,18678.9,140.364,12.9129
2.01836e+06,1.43875e+06,771878,676146,445141,515383,23412,-390.73,213314,385408,24506.9,20892.6,1422.81,12.9131
1.74306e+06,1.41279e+06,538633,445427,336007,413110,16554.5,-3044.62,277442,310811,20548.2,7000.76,-150.252,12.9872
1.05254e+06,719790,903280,793830,583888,653474,17532.5,-3773.53,574696,232648,38007.6,12923.4,-180.765,13.0293
1.25207e+06,1.04402e+06,756788,677302,475051,541137,14428.8,-3248.04,472972,326135,28949.3,11728,-218.06,13.0347
1.73431e+06,1.3235e+06,481898,404727,288511,352761,15083.7,-2117.61,292998,283027,11558.4,14260.2,82.3813,13.0407
1.91909e+06,1.53918e+06,472931,400442,277646,353627,11245.1,-3333.11,381432,273441,19098.2,9640.61,-635.111,13.0533
1.1179e+06,592627,696087,611622,308233,364456,11851.2,-749.178,132140,334113,32110.6,18277.7,234.707,13.0611
2.04521e+06,1.52262e+06,673765,565225,370424,474821,22038.7,-2614.99,369145,333777,29888.7,22391,771.347,13.1012
1.18384e+06,659648,1.08331e+06,934032,592057,688211,17477.3,-2500.54,321321,413414,30914,18326.5,841.874,13.1043
1.71121e+06,1.25258e+06,570188,466534,286801,381708,14479.4,-2718.81,303042,232692,16536.2,10970.4,-577.542,13.1525
2.41737e+06,1.76047e+06,822144,649402,457897,603037,10388.9,-2015.46,356235,222658,9613.17,7049.05,-224.572,13.3096
1.2474e+06,849114,754330,621790,426902,545971,11618.2,-3797.83,617923,264961,11695,9704.64,-731.789,13.3276
1.66123e+06,1.24445e+06,780564,811927,468505,492373,14414.2,-2408.45,377890,137120,49880.3,15095.3,318.607,13.3676
1.94652e+06,1.44488e+06,692334,574427,398255,497978,14542.1,-3104.3,353187,397592,45946.6,16197.3,64.9014,13.3936
1.10513e+06,859382,517625,394457,289156,393301,11453.3,-1843.85,290828,165126,14906.5,12112.3,-855.499,13.5704
1.20866e+06,769343,925603,765616,487851,611063,18284.2,-3625.67,666735,248540,36590,19130.1,-147.997,13.5789
1.28671e+06,976724,613563,508861,349248,444130,10490.5,-2280.86,451089,167079,5277.51,10691.2,-168.036,13.624
805451,612348,635762,540108,398670,468431,9066.42,-2876.21,611465,160507,11099,9822.65,-132.753,13.6273
909829,532608,881932,630767,376603,558838,15515.1,-2067.16,304579,263809,25959.7,14360.1,645.816,13.6605
1.34529e+06,1.0083e+06,1.03098e+06,812472,519553,714097,12692.3,-2788.58,351023,422287,53702.9,14267.1,794.322,13.6759
1.62388e+06,989745,1.21671e+06,1.02377e+06,635610,789394,23718.7,-2961.68,771308,441088,18829.5,23540.3,926.145,13.691
1.13199e+06,834042,565922,484729,338201,421659,9887.83,-1269.83,150457,237870,15909.5,10005,567.978,13.7234
2.85141e+06,2.03596e+06,809579,689395,446957,542589,35769.3,-3133.21,383770,501069,23257.2,27518,1854.47,13.7593
824077,549558,767666,688717,434898,486967,13493.5,-82.8176,330113,224801,60226.7,20250.2,134.765,13.7657
2.77428e+06,2.03262e+06,1.21948e+06,1.05059e+06,616421,739798,21671.8,-2776.97,394991,779568,77842.7,35443.8,1310.69,13.8982
1.64621e+06,1.36206e+06,466773,422584,318684,362223,11614.2,-2037.41,487700,202251,1652.48,18518.9,-384.758,13.9317
2.60894e+06,1.92962e+06,884643,734382,495445,596895,23368.9,-1848.8,411608,516143,33635.2,24285.4,1721.68,13.9799
1.93813e+06,1.52251e+06,447332,412318,313386,347049,10948.8,-4617.72,613758,332545,7737.92,12158.4,-909.591,13.9826
1.80715e+06,1.40831e+06,617102,488132,358371,448984,13729.4,-1967.66,394936,206281,21272.2,13173,195.755,14.1033
2.63437e+06,1.8222e+06,523567,397464,242457,351909,20414,-3095.21,182500,279082,34160.1,14436.4,355.418,14.1485
1.26825e+06,892616,655201,576496,407659,470739,11558.3,-3871.92,77435.7,240106,108850,13604.2,153.635,14.173
2.1635e+06,1.50623e+06,1.09191e+06,888556,549928,709870,40241.7,-3878.58,370920,591533,35718.8,36052.4,2096.25,14.1816
1.6643e+06,1.19936e+06,615330,531663,368902,437269,20141.6,-2532.45,296743,374226,11904.4,18905.3,-378.248,14.2142
1.58121e+06,1.02886e+06,1.0468e+06,792920,489839,664326,21868.4,-2682.19,609090,272168,17156.1,17483.6,806.45,14.2373
1.83202e+06,1.32805e+06,777835,659742,419861,531056,22081.8,-3522.16,333491,480025,15919.1,16874.3,1438.91,14.3049
2.43851e+06,1.6746e+06,974121,833920,527277,631244,24423.6,-1294.24,328729,390700,20601.6,25231,1624.93,14.3216
1.39291e+06,1.20644e+06,375004,306597,244352,304183,10709.9,-4078.51,663804,284938,34753.2,6083.5,-722.155,14.3448
2.46076e+06,1.92508e+06,381762,368973,275963,290830,10793.7,-2057.94,-13795.9,229236,25445.4,9332.11,152.516,14.3727
2.2284e+06,1.58439e+06,1.11712e+06,824826,476955,680830,22931.4,-3439.24,392356,689533,62177.2,26273.6,1535.35,14.3958
1.72293e+06,1.32095e+06,774870,593634,368887,519239,18692,-2278.11,346953,479406,19061.8,17324,891.19,14.419
2.32412e+06,1.70515e+06,568376,499306,342488,406611,20849.9,-3641.96,332626,486830,13221.9,20291.5,-583.794,14.4457
1.62048e+06,1.24524e+06,597497,473881,332876,434534,18393.2,-2885.86,373731,384952,20296,17509.1,531.838,14.4553
856138,651494,572633,437437,319642,428293,10351.1,-4009.09,694647,253810,19914.2,13338.7,-1085.48,14.4699
1.76574e+06,1.24079e+06,1.21886e+06,1.01206e+06,645726,802913,24513.8,-588.137,341874,505075,30682.6,27023.4,721.016,14.5108
1.64013e+06,1.28898e+06,692055,627181,467049,522047,10439.5,-2781.33,552369,247437,78941.5,11368.9,-416.51,14.526
1.57814e+06,1.13472e+06,779553,642524,439025,541086,19242,-992.634,400778,317523,15280.4,20648.3,760.703,14.5584
1.51139e+06,1.15023e+06,711355,529013,356680,509200,17246,-3050.21,415840,306508,22708.5,16678.5,-462.089,14.5589
912944,583063,554506,427049,283855,389551,10042.5,-3181.03,692198,219496,20878.4,16025.6,-1090.06,14.6167
1.12398e+06,818244,846198,661712,439131,589792,12562.9,-2225.73,420145,342748,14925.7,15413.3,-119.644,14.6397
1.24777e+06,791794,1.1291e+06,939556,620422,752705,17498.6,-3135.65,584741,336423,12787.4,17016.7,163.123,14.8371
2.22503e+06,1.70267e+06,647156,521424,372535,469781,15676.9,-2886.64,367562,408566,47049.2,18874.7,644.081,14.8408
1.57209e+06,1.23796e+06,571327,466754,319398,423832,13580.9,-4024.09,757783,298368,13760.6,11020.4,-880.366,14.8478
1.37357e+06,1.15934e+06,437334,399882,314785,345944,10571.7,-2173.55,326883,179366,13604.5,10526.5,-133.238,14.9539
1.91642e+06,1.27072e+06,1.39947e+06,1.09305e+06,609032,848378,25711.8,-3521.16,1.33292e+06,497164,24073.2,25434.3,-416.461,14.9639
1.51375e+06,1.23521e+06,406722,411986,301587,312982,8765.35,-2747.77,344557,179577,8524.6,7904.85,-1005.59,14.9714
1.38266e+06,1.10805e+06,628035,520943,396972,483445,12282.2,-2455.46,324287,268240,12198.3,9548.2,-244.607,14.9883
792076,539550,747894,686494,510466,542846,13489.8,-1778.69,276572,208657,16050.8,13729.2,211.734,15.0218
2.38177e+06,1.80272e+06,672863,544621,330379,446495,23349.8,-4350.9,329512,523737,35958.5,19204.8,-382.924,15.0676
2.23186e+06,1.67966e+06,719394,554987,360842,499745,25516.4,-1797.11,400370,419378,8515.92,22316.2,577.852,15.1628
1.01346e+06,610312,999892,853758,523088,636478,16758.5,-3086.52,240973,452402,26936.6,21333.3,317.168,15.1788
2.02558e+06,1.58741e+06,1.02001e+06,818652,489389,643815,16577,-3225.94,348246,582712,36139.6,22191.2,449.961,15.1835
2.24722e+06,1.50891e+06,704426,611422,382777,471512,23513.8,-3106.97,442754,401566,35578,22146.1,995.125,15.2557
2.06964e+06,1.49344e+06,1.04659e+06,951248,651074,727583,15717.5,-4365.35,1.3217e+06,347047,13784.8,21167.6,-372.992,15.2622
2.10226e+06,1.69679e+06,606635,493586,340492,458553,19212.7,-2967.87,349534,426909,12672,15976.4,-746.449,15.3708
1.71888e+06,1.52225e+06,317127,291194,235361,261509,7145.21,-3099.66,790619,117395,3070.69,6256.97,-1178.92,15.3979
1.21492e+06,798485,668886,583630,381803,454954,10127.5,-348.88,137099,153189,23231.4,12964.8,-94.0605,15.4125
991009,786312,556383,408621,290933,423096,8769.55,-1664.42,418837,151000,2732.06,9077.76,-309.738,15.4338
1.25808e+06,898193,910405,733688,455027,595597,22752.6,-2899.74,485451,430121,18273.8,21740,911.104,15.6027
1.97296e+06,1.48938e+06,841338,773043,495797,560295,30776.6,-2413.92,226357,470255,11210.9,26482.4,1076.07,15.652
1.96102e+06,1.51698e+06,1.19424e+06,1.0002e+06,538791,687331,16326.1,-1096.12,594005,372763,6528.32,18816.3,-489.503,15.6737
1.82572e+06,1.37873e+06,906439,750613,577630,696167,10232.3,-498.415,125021,138902,36345.2,28104.8,445.31,15.6758
1.64152e+06,1.27952e+06,755600,656347,447695,526409,15147,-3874.58,326912,292551,48576.3,15987.4,108.304,15.7122
1.73191e+06,1.20312e+06,667518,540664,346942,448828,23539.1,-2627.9,348534,446888,14975.5,22906.9,-171.579,15.7498
1.26144e+06,1.04138e+06,536474,502924,387697,403139,11859.8,-2879.83,752771,219252,5417.97,11144.5,-874.653,15.8757
1.86407e+06,1.46038e+06,807442,701734,488417,579385,17699.8,-3652.34,693170,420500,19916.1,18501.4,-118.321,15.9111
1.4421e+06,1.13932e+06,628889,533892,362725,442745,15878.2,-2665.7,495408,369431,2979.28,15234.7,393.206,15.9455
1.1928e+06,814316,951499,824531,551146,645937,18223,-284.342,407177,367798,32944.7,16531.1,457.352,15.9516
1.88003e+06,1.34233e+06,1.46745e+06,1.15485e+06,683144,919047,17556.8,-2216.23,701613,491074,42641.3,24115.8,597.497,15.9743
946486,733716,385500,312463,218289,301124,9819.45,-3182.85,203940,194857,19940.2,10193.6,-518.319,15.9892
1.25399e+06,898306,288191,281738,202467,224252,8702.35,-2737.17,117578,188712,10848.2,6971.77,-171.207,16.0275
1.04e+06,591824,853927,720325,431164,547949,11606.8,-2135.09,260326,284072,27686.3,14277.9,492.953,16.0355
1.50612e+06,1.17188e+06,556273,471970,332149,397702,19256.9,-3159.2,385324,375600,22563.7,15161.5,189.571,16.0553
2.98049e+06,2.12679e+06,838690,702115,439190,551126,31692.2,-3966.5,385571,558459,37313.9,31146.5,509.771,16.0611
2.14863e+06,1.66621e+06,573860,421136,303750,436792,15138.9,-3294.9,398304,412147,8741.81,12769.6,-396.935,16.0727
1.42085e+06,1.11886e+06,607074,520724,357788,433226,12083.6,-1600.74,214426,269712,24726.9,15390.1,363.771,16.117
1.79941e+06,1.30842e+06,947020,783062,500626,635506,26278.7,-2067.45,423052,498156,25765.1,20022.8,762.28,16.1354
1.51119e+06,1.25499e+06,350977,272975,204416,264362,9599.82,-2070.76,296336,84629.7,20182.6,5254.73,-714.049,16.1369
1.17744e+06,920273,684453,543284,389742,516812,12370.2,-2285.56,318182,256820,20538.2,10219.4,-15.9818,16.17
1.75277e+06,1.28679e+06,991530,838514,550075,672025,19676.4,-2597.6,367158,420761,19366.9,24070.4,642.094,16.1956
1.62058e+06,1.13006e+06,971188,809525,566562,693076,12094,-3693.29,829478,191307,14380.5,11881.2,-859.193,16.2116
1.48876e+06,1.02344e+06,968122,832545,506681,636249,14693.6,-2966.84,303577,442449,54284.1,15385.2,639.783,16.3152
1.00241e+06,774007,628129,523348,376671,445972,9822.14,-774.003,508076,262918,21899.9,12084.5,-200.611,16.4306
1.07989e+06,670329,614834,562332,353450,407385,8286.91,-2174.45,132853,133687,22020.6,8792.7,-585.973,16.4325
1.45509e+06,1.04954e+06,646343,535317,355543,443587,22283.3,-3304.97,586528,360378,16407.5,16989,282.417,16.4755
2.22729e+06,1.76133e+06,813343,664775,475367,593284,23398.3,-1737.27,257542,249704,19294,20243.9,1231.49,16.5435
1.78808e+06,1.35991e+06,585462,491130,334896,426604,17659.8,-3735.78,406969,335608,16654,19457.5,106.072,16.5504
1.80091e+06,1.33055e+06,757892,633241,417732,519593,14405.4,-1161.85,262551,317163,23712.6,18372.1,641.63,16.5926
1.85157e+06,1.30292e+06,628308,494173,317763,428231,16993.2,-1425.53,171809,364443,15351.2,16738.5,117.737,16.5958
1.48613e+06,975315,813400,646789,400175,531882,38567.4,-4907.4,562171,641410,26192,32272.6,1336.39,16.638
2.41069e+06,1.66080e+06,1.06934e+06,933586,595349,706999,25583.3,-2664.71,813914,477063,10543.3,31653.1,382.589,16.6401
805436,548076,518872,510897,386312,373782,8705.32,-633.605,147374,214961,10752.1,10772.1,228.938,16.6552
2.0683e+06,1.55605e+06,782260,586954,388247,546999,18302.2,-316.973,604221,427144,8961.89,28121.9,451.496,16.6614
2.55489e+06,1.8317e+06,771171,615047,398174,529944,30869.7,-2870.59,304931,447342,28387.2,26168.3,1800.28,16.6663
993251,767279,729892,590666,404601,527317,14390.8,-1306.76,181374,194769,12170.4,12763.7,620.534,16.7526
2.35058e+06,1.78966e+06,981038,835193,554998,679485,27841.6,-3196.64,638078,435557,20929,29501.9,1378.51,16.8079
1.19622e+06,875528,965614,722165,443817,628351,21538.9,-2323.26,514721,430377,20183.8,19384.3,793.652,16.918
828994,623275,909240,724436,509676,641885,14569.8,-850.106,238422,254608,31071.9,14975,954.322,16.9595
2.06136e+06,1.50598e+06,627296,548463,363144,431679,19445.4,-2370.14,182725,376448,41498.8,18008.4,992.455,16.9634
2.38197e+06,1.8521e+06,773656,594234,435466,572018,14558.1,-1742.92,206559,339558,58968.6,17679.4,1095.38,16.992
1.25212e+06,912789,698881,527584,344618,500413,15523.8,-1473.63,187377,318707,25251.8,15742.9,-27.3332,17.0713
1.28802e+06,1.0648e+06,557931,465758,361859,437518,10766.9,-1972.01,737895,148031,19152.8,12094.2,-773.951,17.0862
1.84706e+06,1.38978e+06,646945,504590,343061,460185,10934.5,-1779.05,178428,297133,37403,21267.9,1234.2,17.1193
901088,668538,694353,598462,451068,525725,12194.2,-2696.45,590487,276836,1795.79,11361.9,-419.583,17.16
2.50573e+06,1.67783e+06,1.26835e+06,1.05891e+06,641855,808068,32847.2,-3948.72,763623,678238,32951.6,32939.7,989.52,17.1974
1.05472e+06,728461,777592,614353,425618,534086,18518.3,-2109.51,602986,321306,19613.4,14588.2,390.007,17.2298
1.59227e+06,1.42791e+06,436807,388679,288433,332609,10174.8,-2035.65,417852,227027,3903.12,7897.36,-410.683,17.3217
2.06241e+06,1.67502e+06,525427,426356,329745,406491,16864.8,-2773.89,337341,368914,8163.78,14725.7,-44.3234,17.3269
2.19897e+06,1.63441e+06,713107,581324,395040,520179,23371.7,-2173.61,313227,263218,19063.2,20535.9,1890.46,17.3281
1.55989e+06,1.20815e+06,644516,592654,431641,463726,18751.7,-2312.47,382466,431287,12997.5,18393.7,42.8468,17.447
2.9295e+06,2.06986e+06,554186,514971,360104,393248,9318.54,-3335.27,836745,219849,4381.29,12615.4,-922.819,17.5569
1.42868e+06,1.04864e+06,864539,759446,536492,615066,16029.6,-2749.14,724264,296088,25526.6,15255.1,386.736,17.5937
2.4874e+06,1.6987e+06,1.19388e+06,1.01256e+06,608779,727218,26210.8,-3543.55,718944,602358,41569.7,33086.3,309.894,17.5962
2.08104e+06,1.56111e+06,685573,540246,374960,478495,20443.7,-4876.25,1.01634e+06,513321,10044.5,21179.6,-72.6653,17.6039
2.14698e+06,1.68101e+06,702032,571758,376952,494703,22414.6,-1256.5,254424,449498,20212.3,16842.3,-454.341,17.6193
1.60357e+06,1.13605e+06,1.03319e+06,880194,554603,665012,16478.2,-2750.57,382501,407322,39421,10673.6,477.939,17.6606
2.28007e+06,1.50444e+06,1.01618e+06,761416,397813,567502,30568.5,-3848.51,568776,536172,46525.1,31670.2,1180.19,17.7387
1.72236e+06,1.29427e+06,662472,468783,313712,475381,19053.3,-2419.15,317465,337074,6855.34,14894.7,504.524,17.7402
2.32771e+06,1.64904e+06,672225,530872,334715,459717,24069.4,-1426.04,305117,320320,25387.7,18477.3,588.726,17.7443
2.39723e+06,1.81252e+06,837196,674059,420311,548877,24606.2,-3313.45,374018,462423,72669.2,30875.3,1457.97,17.8079
2.70308e+06,1.88284e+06,1.31995e+06,1.06218e+06,607313,793016,31601.8,-4230.12,784611,686928,32406.4,36932.5,971.565,17.9094
1.13037e+06,916418,515029,413331,296301,394702,10703,-2176.42,142317,201232,19408.2,9102.65,-323.846,17.9319
2.17754e+06,1.65225e+06,676185,571029,383759,465339,20974.4,-1057.66,387392,299637,16310.5,17530.7,1043.97,17.9411
1.31628e+06,901488,886512,730036,441205,569230,15067.6,-1730.73,316998,265295,21321.5,13919.9,1067.03,17.9566
2.01738e+06,1.51208e+06,762307,670909,465491,548555,20453.9,-2230.85,314312,577842,7324.42,27621.3,600.955,17.9625
2.16151e+06,1.58349e+06,818530,614646,363847,518153,24239,-3815.22,394181,529844,27483.9,25611.3,671.092,18.0295
1.52012e+06,1.14648e+06,752429,565544,387392,523161,8155.96,-1026.05,135525,190203,54904.3,9429.37,807.145,18.0627
1.94146e+06,1.51458e+06,721932,540572,362684,515926,15161.2,-3982.81,735037,363675,49572.3,14976.2,-984.823,18.073
1.63813e+06,1.2398e+06,581012,493822,323132,401547,20502,-1880.26,311600,323568,8590.71,19089.4,819.225,18.1153
2.18022e+06,1.6424e+06,819044,673658,440016,548363,19751.3,-2339.87,400985,375385,40302.6,20716,810.859,18.117
1.63236e+06,1.34542e+06,494848,405328,315713,382613,10751.2,-1159.53,344885,183539,4984.45,10716.8,87.4797,18.1561
1.16263e+06,796715,1.33274e+06,1.12447e+06,673562,828647,26970,-1852.83,718361,343483,20045.8,25561.8,1433.63,18.1682
1.4931e+06,1.18632e+06,573476,443420,315805,436228,14993.7,-3289.56,369870,392303,11742.1,10834.1,-138.775,18.2897
2.02339e+06,1.52635e+06,696657,584520,391247,480144,15096.4,-1576.42,333372,362206,26591.4,16876.6,530.093,18.297
1.1233e+06,833986,807991,753082,540376,574909,14228,-2596.97,407953,172454,16210.5,11770.4,679.225,18.3593
1.59425e+06,1.05092e+06,685384,580557,378694,468948,18064.4,-2072.77,326956,405883,12387.5,20480.4,-437.091,18.3804
2.0576e+06,1.33166e+06,1.15702e+06,915356,604937,800191,17870.8,-2494.73,427400,416905,29374.2,17149,-45.8372,18.4332
1.54863e+06,1.21947e+06,793351,684931,494430,576313,17658.5,-3086.26,864372,289876,13479.6,17716.2,-632.49,18.4704
1.50771e+06,1.09768e+06,857394,750848,513418,602983,20624.4,-3633.09,690658,476720,16131.6,20685.5,370.9,18.4928
904658,657030,775714,614692,388590,502000,10823.8,-1974.27,309896,246072,29736.4,13825.9,893.578,18.51
1.51703e+06,1.09902e+06,688966,554546,384010,480500,17320.3,-1004.85,256906,310236,17465.2,21189.6,507.903,18.5109
1.66839e+06,1.2331e+06,676678,583136,395660,484149,12858.5,-1062.09,188453,262325,26994.4,16196.8,181.183,18.6192
1.45102e+06,914579,942162,729457,478967,631962,18469.7,-2689.02,344506,292053,29146.4,15667.7,514.159,18.6243
1.94062e+06,1.47563e+06,774357,618693,441328,559460,16834.5,-5527.41,1.52408e+06,359813,19916.6,24123.4,703.107,18.6589
2.01242e+06,1.32679e+06,1.48915e+06,1.26992e+06,719314,872857,29410.9,-2776.08,636027,680750,44035.1,39090.2,1804.01,18.6738
1.65623e+06,1.25848e+06,644636,541555,378351,466389,17482.9,-1773.5,463410,319405,3973.6,11876.2,346.526,18.6848
2.7811e+06,1.89383e+06,1.20837e+06,1.0461e+06,643583,753616,37710.4,-5161.27,841297,836208,75703.8,55547.4,1135.31,18.6971
2.40399e+06,1.77728e+06,931112,703545,422043,609577,28801.6,-3039.1,640290,532868,20157.1,26379.2,667.883,18.7606
1.90378e+06,1.35466e+06,730372,630550,419420,500724,16690.3,-1947.12,335982,396589,12011,21742.3,504.129,18.8031
1.21875e+06,884621,1.1873e+06,961602,607606,773680,24936.4,-249,354665,436265,27548.4,22548.7,1635.95,18.8189
2.2599e+06,1.77558e+06,656622,590418,423516,484115,16979.9,-4756.2,950918,210176,12324.3,18946.3,333.015,18.8863
1.68966e+06,1.32517e+06,606327,513854,379837,455735,13362.1,-1576.8,437453,319080,13602.4,13760.5,-116.821,18.8865
1.99691e+06,1.45832e+06,1.21339e+06,1.01735e+06,699859,854257,21297.6,-4151.16,322714,675738,117220,29869,1697.69,18.9629
2.52221e+06,1.86074e+06,889241,821099,544886,600273,33450.1,-4906.97,629412,516833,39974.6,27570.5,1404.54,19.0104
2.02927e+06,1.33895e+06,1.5403e+06,1.26904e+06,771199,951401,32745.9,-3862.6,754248,700868,70497.8,40381.9,587.688,19.0516
1.02915e+06,775602,562667,413130,294888,395016,11153.3,-3590.02,772900,140725,8810.53,11912.9,-1067.85,19.1394
1.82554e+06,1.33245e+06,744280,617428,412880,525225,15530.7,-2619.11,617848,336939,10252.8,14344.5,-396.512,19.2098
1.84575e+06,1.31496e+06,607432,504843,312132,404756,33856.2,-3390.09,226655,508793,30202.7,17600.2,-132.214,19.2579
1.69557e+06,1.28227e+06,755931,661184,436041,513174,14801.2,74.4207,364526,305412,45872.2,22551,673.28,19.4378
1.91008e+06,1.33904e+06,811515,591762,374397,548076,20959.1,-2309.99,365240,486566,15129,24806.2,349.618,19.5522
793995,535766,543869,438923,299608,404553,11414.3,-3798.73,578177,204643,9841.7,14164.3,-580.909,19.5699
1.82887e+06,1.22968e+06,772513,682914,443623,527674,23483.7,-4384.78,555211,505634,12882.6,23201.4,-212.273,19.6169
2.10838e+06,1.52629e+06,959808,737623,443076,609654,22157.6,-3237.94,356786,523305,68388.2,28514.9,1157.76,19.6236
1.8032e+06,1.19881e+06,925680,775520,501993,623428,15997.7,-2025.88,504580,528707,33997.3,19964.1,1133.87,19.6425
1.2801e+06,910513,973804,836817,537210,650738,15955.7,-2683,317601,338453,25203.7,15184.9,372.592,19.7074
943751,637947,657586,573424,405837,472725,12369.9,-3289.13,604009,258792,11875.4,12707.8,-707.699,19.7104
1.78292e+06,1.29341e+06,700698,647885,434342,464268,12688.7,-2237.35,202433,476730,31167.1,18840.5,866.582,19.7544
2.38194e+06,1.6985e+06,653286,488188,296994,419012,20083.7,-2150.71,297990,380489,14576.1,13548.4,408.727,19.807
1.36908e+06,1.15984e+06,496424,445442,355929,383295,11855,-1479.81,193209,211951,7039.27,11046.8,-38.3151,19.889
1.81447e+06,1.38588e+06,704370,600065,455622,521139,11564.9,-1701.2,317792,255490,21119.6,11715.5,-365.245,19.9281
1.64216e+06,1.31699e+06,491123,421900,307905,359223,13051.2,-792.365,158508,254313,26108.4,15534.7,780.87,20.0878
1.07258e+06,804987,705561,597772,408911,507137,11271.1,-816.116,311654,283809,21893.3,14005.1,-461.705,20.158
1.91968e+06,1.47039e+06,738792,650202,428199,519953,8248.73,-77.8344,18437.4,128909,7225.33,17955,1309.32,20.1683
1.88466e+06,1.28773e+06,585996,481908,296854,391278,13048.5,-1439.45,136440,320603,39330.9,17243.9,375.756,20.1782
2.46054e+06,1.86754e+06,703239,563580,368591,484631,16536.6,-1989.76,348370,512218,44323.1,21777.8,595.055,20.2039
2.71293e+06,2.15731e+06,529938,388925,291557,411222,12946.5,-2408.62,461653,189589,6025.45,12273.1,-739.205,20.2268
1.29178e+06,1.0292e+06,539753,403465,289225,411889,9599.1,-2731.93,676778,271135,6342.9,10151.2,-737.979,20.3114
1.75322e+06,1.26433e+06,1.10631e+06,943787,572534,698436,19278.4,-787.696,357665,568199,47274.1,39055.8,1823.91,20.3257
2.59208e+06,1.89105e+06,1.21636e+06,978543,592589,735548,31323.7,-3805.75,551820,580899,62939.9,30313.1,1927.9,20.4208
1.22537e+06,1.02095e+06,404441,289790,223149,331154,7681.28,-1438.97,159903,121345,2017.95,6316.75,-639.947,20.4295
1.14703e+06,755790,788503,628991,399667,541845,14454,-2566.1,296635,379908,20017,14722.1,-457.346,20.5032
1.58496e+06,1.02686e+06,1.00183e+06,828752,506651,632771,28955.2,-3309.45,690734,588288,18296,32512.6,1026,20.5376
2.58969e+06,1.85858e+06,918967,719431,449390,595205,25383.7,-2846,548056,470338,34328.1,24655.5,959.342,20.5616
1.9278e+06,1.53942e+06,765459,666616,472884,545603,17832.5,-3700.85,699693,241997,33701.5,17952.6,-373.075,20.5691
2.64233e+06,1.96101e+06,984674,818188,534157,655769,19791.4,-3791.12,837212,555912,23471.9,31754,96.2061,20.5825
2.56881e+06,1.99763e+06,627845,489683,337113,452381,19932.2,-4518.1,371219,454851,101256,21107.1,403.657,20.6266
2.41398e+06,1.8854e+06,1.0479e+06,802755,483670,665082,48839.4,-1243.6,691989,735236,20865.3,42493.8,1682.56,20.6632
1.22929e+06,729835,806741,702846,427991,550416,12966.4,-2276.75,282740,228009,36214.2,9494.2,633.769,20.7233
1.74612e+06,1.09461e+06,1.05374e+06,852235,472454,618081,34274.5,-2129.16,590953,520264,30536.4,33144,709.136,20.7972
2.13116e+06,1.5552e+06,837354,651684,445502,607743,19442.5,-4155.41,629876,464679,13944.3,18223.9,129.836,20.8136
1.68633e+06,1.30754e+06,753890,618645,454211,548084,9994.45,-1454.53,321784,296000,49976.4,11447.3,582.302,20.845
2.10095e+06,1.61298e+06,655311,540016,352824,450099,24518.4,-4208.77,411191,495313,23478.8,20863.9,-231.067,20.8645
1.87126e+06,1.42912e+06,742366,601081,408567,530834,22567.1,-2087.15,195266,480215,22955.1,22416,236.004,20.8668
1.99246e+06,1.42271e+06,727777,649463,437240,489261,20099.7,-967.501,266173,493559,30525.2,21229.1,939.387,20.8696
1.55007e+06,1.19761e+06,620587,486943,337896,464836,13072.7,-2226.99,316318,327474,22798.4,12493.4,-434.216,20.8788
1.14368e+06,737213,822546,755774,492868,532509,12717.9,-1371.96,260486,340019,24457.1,16177.9,671.561,20.8999
1.43959e+06,1.13939e+06,650937,535807,404619,501908,12375.5,-2870.94,314106,215899,9146.74,11396.3,-122.603,20.9102
1.04209e+06,678455,874446,803078,542110,603520,18020.1,-2458.6,499039,278861,6900.76,20643.6,725.541,20.9204
1.41463e+06,1.18808e+06,476135,362123,293852,394970,8462.25,-1554.04,184038,170661,8141.02,6674.81,-312.573,20.9305
918370,571961,857037,753119,497148,581862,15758.3,-1633.02,338634,162096,11181.1,17856.8,768.233,21.01
850810,562147,780764,594549,373819,529945,11421.1,-2732.04,571162,273859,21091.5,10223.8,-941.781,21.0452
1.14838e+06,673185,828664,699554,459701,567913,18430.6,-3123.92,496082,312517,10128.5,20187.1,40.5296,21.0871
1.32787e+06,1.01843e+06,915010,768357,471188,588493,14986.5,-2220.89,300044,297082,31999.8,15855.8,-88.2827,21.1097
2.09444e+06,1.56706e+06,789837,675710,429819,511918,28363,-4558.72,877185,552055,12142.4,21890.2,-442.748,21.125
1.54531e+06,1.15168e+06,1.05051e+06,929562,618548,725289,22178.3,83.9279,372503,346041,35670.1,21155.6,646.541,21.2061
1.58576e+06,1.30887e+06,614264,503409,366807,459725,17441,-2957.12,770040,368210,3866.21,18434.1,-286.091,21.2294
1.23311e+06,1.06701e+06,443050,412021,359175,367489,6840.4,-3233.35,546938,108835,14067.3,44894.2,141.17,21.2781
2.99651e+06,2.24376e+06,813938,670373,439599,553493,24839,-2139.05,240191,361941,15464.2,22936.1,887.269,21.2787
853681,547473,631171,589892,378869,409681,8543.39,-1806.38,418189,152112,6337.51,8022.35,-382.098,21.347
1.98618e+06,1.5161e+06,782526,708077,484257,542663,20402,-1946.16,395600,387882,12761.5,18896,448.882,21.3479
2.35764e+06,1.75081e+06,641167,505936,341029,449035,22538.3,-3319.99,468123,429452,29633,23234.6,-154.808,21.4465
1.01321e+06,597179,739294,642014,429344,513075,13134.1,-547.289,289495,258659,20970.8,15216.6,259.046,21.4837
1.99526e+06,1.3888e+06,924731,729687,459203,600448,28434,-1629.25,293140,649482,15244.8,41933.5,1057.08,21.5021
914185,581110,996690,878608,506497,595541,12544.3,348.157,290187,280517,21195.7,15932.6,879.234,21.5094
1.74104e+06,1.2937e+06,1.09028e+06,885490,571463,742956,26967.2,-2692.27,347944,379200,55084,21012.5,1692.84,21.5263
797910,592940,519700,443000,327188,396927,10314.7,-1668.17,152484,156026,19171.5,10177.4,-129.096,21.6
1.55689e+06,1.06581e+06,901849,746286,499179,584924,21169.6,-2664.97,911159,406332,13413.5,23966.5,1407.29,21.6056
1.75662e+06,1.33767e+06,634879,543508,375691,441503,12431.6,-3479.96,793429,351328,2795.81,15079.2,-696.185,21.6298
2.35698e+06,1.65023e+06,851942,724849,453174,549804,22456.8,-4283.55,778807,632095,69608.8,25273,821.005,21.6866
2.17794e+06,1.41084e+06,888220,741945,470539,585754,34764,-3652.93,688027,633908,21250.6,27897.2,695.258,21.7482
899665,600080,519324,435922,285065,351496,9963.21,-1323.52,251433,219629,6587.6,5105.11,-471.469,21.7796
904917,619036,910571,754544,443243,578102,18143.7,-465.392,314532,311353,8796.51,14891.4,1035.58,21.8086
1.90683e+06,1.43405e+06,584528,492137,345081,431868,19723.1,-2067.29,174048,390949,15384.4,14621.2,32.2471,21.8124
1.25501e+06,972256,1.00455e+06,916303,612292,696993,14860.5,-1150.3,300788,383528,17418.7,19805.8,699.815,21.8328
1.05488e+06,703253,630281,510895,318172,429046,11960.5,-2005.57,137792,225103,23576.5,10873.2,265.005,21.9087
1.66703e+06,1.30027e+06,507303,407862,308199,386099,18477.4,-2218.08,179724,315451,7880.18,13709.7,-387.533,21.9322
1.51604e+06,980088,1.0202e+06,891692,587791,692040,16425.9,-702.484,414967,352414,43854.3,19838.1,869.371,21.9339
1.96415e+06,1.3682e+06,1.04981e+06,879900,525682,657356,24136.7,-3205.75,357100,533364,59227.2,20963.2,351.861,21.9343
1.73597e+06,1.34959e+06,593118,483739,372485,466375,13225.8,-1618.06,404050,244759,8636.82,12073.5,7.01241,21.9405
1.25191e+06,864453,625719,539546,335596,421843,13473.1,-2041.56,372227,202568,19496.7,13506.4,-515.058,21.9551
1.33726e+06,949091,747909,673563,447428,506825,16010.2,-1381.51,516477,137883,25458.2,9688.39,283.433,21.967
2.159e+06,1.49388e+06,635973,540986,330863,421198,21667.4,-3133.51,251310,411277,29375.8,20523.7,1036.85,21.9675
2.42945e+06,1.88339e+06,890712,717628,473349,598141,28510.4,-3515.04,750928,572180,25789.1,25428.9,-19.2241,22.0059
1.84104e+06,1.32002e+06,698246,613539,414736,474307,25787.3,-1663.1,393631,401888,33828.8,24680.4,929.823,22.0542
1.42557e+06,1.00476e+06,751624,662486,448209,528183,21045.2,-2258.49,365374,479879,16018.2,21968.6,-101.035,22.1021
1.85573e+06,1.32274e+06,1.0809e+06,953155,622373,738063,27259.3,-2376.46,252455,624212,21785.8,28881.3,1029.6,22.1204
2.04022e+06,1.33712e+06,1.02745e+06,853525,493747,627764,26371,-4719.44,801448,580689,31909,30592.4,-381.454,22.1801
1.80277e+06,1.27057e+06,761331,619858,401428,522887,14461.8,-1083.7,197043,494345,19373.4,15665,449.094,22.239
2.62552e+06,1.85832e+06,1.1221e+06,926374,550444,697310,40046.9,-2647.63,375987,679475,37190.5,33743.7,1934.31,22.2614
2.0532e+06,1.55796e+06,436371,405875,276396,315647,20334.2,-711.723,415828,366587,9750.9,18313.3,-488.859,22.3279
1.38721e+06,988144,657930,537602,343392,445603,16706.5,-1273.43,321842,268408,17604.5,14998.1,406.549,22.4017
1.9243e+06,1.46183e+06,601659,485419,337441,434856,18350.1,-1651.32,257531,349884,25305.2,16011.8,413.226,22.4351
2.18934e+06,1.52185e+06,1.08133e+06,898246,585277,718238,18204,-2898.86,814034,674625,34642.4,25091,1319.51,22.4776
1.54167e+06,1.20687e+06,629430,489200,329199,455703,18943.8,-2602.56,541630,354572,7188.21,25203,-403.925,22.58
1.7728e+06,1.31619e+06,531958,429932,304892,380105,17912.8,-2276.53,235756,455396,35077,21339.8,186.015,22.5891
2.0101e+06,1.45049e+06,836667,652859,439564,591173,14458.5,-2219.62,301009,377233,18453,16790.3,231.442,22.6303
1.58044e+06,1.3082e+06,443217,437668,329296,335747,12323,-2353.35,397045,220239,13652,8514.41,-294.682,22.7219
1.94905e+06,1.30819e+06,745812,572715,356033,496895,22271,-1048.08,385939,223732,23076.2,13674.3,1176.63,22.8008
1.58047e+06,1.20228e+06,647050,592328,428825,475254,13433.1,-1637.94,323695,266754,10297.6,17751.8,21.5153,22.9371
1.73515e+06,1.2019e+06,598143,522115,350497,413556,16967.8,-2001.19,298240,415681,23471.1,17660.3,85.0361,22.9465
2.10908e+06,1.54193e+06,452384,393861,271717,330871,16173.2,-2977.08,113965,347510,45823.4,13135.8,-192.159,22.9703
1.39118e+06,1.1569e+06,538849,427499,337560,427213,10030.6,-3393.12,683707,185881,3201.84,9346.69,-1121.46,22.9896
2.46166e+06,1.89955e+06,695991,579449,397935,516077,18058.4,-2744.44,390847,392634,17395.9,24827,-518.016,23.0312
2.65008e+06,1.80457e+06,1.35808e+06,1.17051e+06,693103,860649,32684.5,-3000.34,343213,781907,49307.9,37951.4,1425.26,23.0451
1.0667e+06,667698,790292,590670,392411,560346,10700.5,-2410.98,336821,171844,54686.1,8276.14,168.484,23.0526
2.5855e+06,1.87441e+06,1.12501e+06,905626,542454,722227,26420.4,-2475.36,372866,676464,49532.7,29961.7,1976.36,23.0613
1.38835e+06,1.08292e+06,513702,446806,353650,401273,16189.5,-1643.86,401822,279862,6151.89,14261.4,493.784,23.0687
1.16334e+06,910151,592079,489521,363313,447131,8872.79,-2762.8,694692,163633,12564.1,7525.65,-905.263,23.0732
725394,590813,524891,473068,406832,430547,12935.1,-3138.79,363450,227448,16413.6,11205,792.485,23.0809
1.61094e+06,1.3421e+06,395316,357636,266178,304673,10622,-2330.65,282555,225965,15183.2,8811.01,707.788,23.1415
1.96063e+06,1.55076e+06,618111,501732,348209,438775,17397.8,-2084.75,233410,401324,12491.9,16741.7,338.205,23.1703
2.61524e+06,1.87376e+06,988754,852164,494257,618863,39058.5,-4544.72,571661,565024,19276.6,30139.2,1239.26,23.1717
977820,749641,600063,485528,347898,445212,11780.8,-633.119,152332,172031,22002.4,10092.3,-158.433,23.1972
1.84463e+06,1.29847e+06,955973,822428,544402,640501,19465.9,-588.503,347720,447514,24948.4,21150.5,791.417,23.2842
2.24866e+06,1.60135e+06,1.05013e+06,862424,533670,679065,30918.4,-1594.77,390708,400365,28485.9,26843.1,1141.23,23.348
1.51753e+06,1.1335e+06,832171,670906,448536,592739,22585.9,-1345.37,126282,328488,71016.9,22975.6,1632.94,23.3928
1.96412e+06,1.58773e+06,724568,581948,414935,558572,11597.3,-3149.41,784799,192156,7956,17993.7,-411.509,23.4035
1.27588e+06,833190,1.00157e+06,773885,514382,701979,16048.3,-2317.59,489069,290312,29393.1,18949.1,477.331,23.4153
1.38623e+06,1.07689e+06,612352,549718,395192,446855,16745.9,-2708.2,412724,377980,24990.9,19619.3,-518.445,23.4301
1.93898e+06,1.34493e+06,607781,515839,341865,424987,18194.3,-2788.39,262005,526612,23481.5,22887.7,623.764,23.4763
924986,730582,769480,599313,407430,551202,11060.4,-1264.55,271718,147396,22474.5,10966.1,494.533,23.4891
2.15084e+06,1.41886e+06,760099,620447,390158,510240,15159.3,-2444.44,346844,481007,59951.9,24940.2,321.875,23.4992
1.91537e+06,1.45791e+06,479074,439628,297342,342369,16300.2,-2971.6,170899,363354,19756,12521.4,-503.62,23.6115
2.01751e+06,1.52153e+06,700764,595816,408386,492244,14501.4,-1076.84,349720,259805,52056.4,20189.1,537.472,23.6836
2.80138e+06,1.96416e+06,736042,618853,383652,487230,26200.4,-5709.49,582529,697846,78144.5,25606.6,84.2796,23.7092
1.26813e+06,1.02265e+06,461757,397822,293051,345894,16719.4,-3474.09,407325,275562,25595.8,14840.4,-8.03605,23.7228
2.10457e+06,1.50779e+06,991851,854469,514299,600359,26439.3,-1706.97,682614,487113,22390,33113.1,1400.15,23.7723
1.04245e+06,762040,712728,651456,457544,501974,11857.4,-1368.28,312190,261642,13863.3,14174.6,12.8963,23.7972
1.31819e+06,1.15166e+06,444980,418239,278591,310782,13379.6,-3520.61,708261,238201,4144.78,15948.7,-1039.91,23.8312
2.199e+06,1.57114e+06,1.17209e+06,997395,595788,742928,18163.5,-2957.51,712622,488633,46915.5,24106.4,1496.25,23.9748
1.09271e+06,742410,885429,713258,466162,626655,15382.2,-3383.81,300114,271727,36015.6,13507.3,84.4584,24.1108
1.48039e+06,1.14444e+06,617159,527211,377082,456284,15978.4,-914.532,192030,325461,26943.9,15589.1,625.967,24.1467
2.31335e+06,1.67237e+06,896856,778107,473305,584575,32581.8,-4533.18,781692,534486,11968.6,23239.4,-481.445,24.1687
1.96502e+06,1.3749e+06,750872,610200,433163,533495,15139.5,-1064.35,195405,451498,30554.2,16789.2,417.745,24.2866
1.34e+06,994801,413555,319629,234643,316362,9357.07,-2187.62,308219,135094,7172.05,7669.4,-29.1909,24.3642
1.81564e+06,1.28963e+06,759748,650365,459313,546627,17953.9,-22.0662,189590,364222,24190.8,17986.1,842.473,24.3701
1.80104e+06,1.54066e+06,433064,368807,300143,352010,14925.9,-1617.52,27273.8,154437,35938.4,10181.2,767.354,24.3793
2.06526e+06,1.62318e+06,528027,408451,312402,402132,13841.9,-1142.5,399115,376500,8076.04,14963.4,-316.295,24.4
1.84335e+06,1.36506e+06,806192,691818,481721,571320,26330.3,-4292.27,888118,452328,6676.07,27709.2,490.066,24.4212
3.20196e+06,2.36731e+06,920826,776639,488114,614913,36662,-1396.52,463869,609534,10229,51061.5,1511.04,24.4303
2.11791e+06,1.53671e+06,849576,673274,417925,584613,22921.8,-2289.79,366619,376109,5400.68,21496.9,238.913,24.443
1.95447e+06,1.27607e+06,837388,644215,425308,563999,22440.7,-4312.39,401142,634980,71843,25129.3,1415.48,24.4848
1.14736e+06,832953,559864,428559,306422,412532,14917.8,-4248.17,872423,208514,15477.2,10631.7,-1141.93,24.5863
1.56792e+06,1.16116e+06,647329,553045,345912,423330,15467.7,-2835.83,365050,359359,23875.8,15479.3,-217.49,24.603
1.49453e+06,1.24745e+06,436014,340171,251772,336776,11717.3,-3265.03,625459,335112,11811.6,11189.2,-567.434,24.6831
1.44837e+06,1.02966e+06,704476,596119,366171,463163,15448.9,-3270.93,288918,273369,52424.6,9880.86,-79.7369,24.7424
1.13019e+06,718009,660756,588392,370533,418135,21525.3,-3032.37,417831,393053,13023.3,15833,913.815,24.7588
2.57858e+06,1.83535e+06,1.77317e+06,1.48028e+06,848135,1.05933e+06,32164.9,-1256.25,691865,634362,90976.6,44707.5,2073.26,24.8664
1.94038e+06,1.38922e+06,664070,516444,330658,447905,22487.6,-2479.37,421633,482965,35420.6,20758.8,1089.22,24.879
871451,595465,674374,554767,373427,459039,14704.6,-1581.53,182787,217965,31922.2,13541.6,396.143,24.888
1.86617e+06,1.53865e+06,542146,441012,329185,425874,12073.2,-3835.19,875109,236253,10981.6,10623.1,-1353.6,25.0313
2.33711e+06,1.70546e+06,805120,661451,404155,536686,20047.5,-1308.41,299623,589402,31568.5,25208.9,63.1061,25.0712
1.7225e+06,1.08449e+06,1.33631e+06,1.1341e+06,674138,822618,19243.9,-2753.2,456196,555500,73728.8,27086.9,395.641,25.0829
2.65069e+06,1.84332e+06,675999,530126,346533,458578,29640.9,-888.302,328398,365938,21484.9,24578.1,954.773,25.2058
1.37295e+06,1.01457e+06,884764,800616,553588,620774,21742.8,-1329.54,348991,369026,22004,16949.3,989.934,25.2155
1.86649e+06,1.34018e+06,666173,512038,324091,447076,13970.7,-3057.89,348991,375187,52440.9,15239.5,409.834,25.2292
1.17994e+06,769890,699129,519906,343802,482768,12491.5,-3584.13,726356,227346,10106.9,17970.6,-573.509,25.2524
1.32188e+06,883763,855510,696433,449496,586788,17597.7,-3861.47,581530,264187,20887.4,18491.6,82.897,25.3046
1.21528e+06,749127,1.3119e+06,1.07047e+06,584238,770983,24903.6,-2401.14,659612,601006,36256.5,27899.7,2107.54,25.43
1.01e+06,605697,667598,481121,310788,452786,11942.4,-2639.95,553306,184822,13392.8,11326,-821.535,25.4378
1.35436e+06,1.18064e+06,287140,261182,216762,240746,11228.5,-1851.02,307414,142137,8466.13,8752.5,-471.331,25.446
1.93054e+06,1.25979e+06,1.0214e+06,871082,538976,658478,22744.3,-3194.85,721855,497458,35371.2,27218.1,433.549,25.4571
1.76276e+06,1.46147e+06,387505,314321,226883,296788,11991.5,-2458.2,436873,217666,10475.8,7066.43,-663.161,25.491
2.00682e+06,1.70533e+06,521824,431668,310276,397539,9091.53,-2657.57,698248,166546,4077.79,9209.75,-323.735,25.4994
2.55431e+06,1.90818e+06,835117,687975,414556,534390,29406.7,-1188.54,351123,535121,19601.7,28570.9,1141.41,25.5087
1.48865e+06,1.20202e+06,554673,466574,327823,404870,14468.3,-4119.08,829094,230854,14717.9,18074.1,-912.216,25.5395
1.7833e+06,1.40571e+06,686996,604124,440138,510438,22996.1,-4356.03,740714,390123,8102.79,20049.7,-431.147,25.5504
2.5259e+06,1.79111e+06,766084,635433,377553,500326,29223,-3923.63,620259,584419,31770.2,30185.8,-92.5981,25.5962
1.15669e+06,916404,769290,632159,450762,570760,12989.9,-2334.24,312673,224866,11514,10700.2,117.557,25.6712
1.81351e+06,1.48316e+06,514942,421385,297154,377795,12535.6,-1504.41,212550,297795,26685.4,11301.1,0.225601,25.7653
1.73563e+06,1.45842e+06,483917,404827,306940,377860,15773.3,-1878.1,284093,200997,16248.8,8864.52,-402.031,25.7875
1.79477e+06,1.41539e+06,610535,528649,370315,422220,18165.5,-3237.77,710207,435395,14190.2,17522.7,-543.944,25.8483
1.85936e+06,1.32315e+06,740505,632656,416293,523115,24962.7,-3833.15,569678,432453,26580.9,23558,-160.027,25.8927
1.654e+06,1.26464e+06,576250,487874,356210,425231,17954.6,-2061.14,315674,345534,12115.7,14508.7,-22.6353,25.9003
1.72312e+06,1.18951e+06,1.07807e+06,928598,657264,756368,17057.9,-1891.36,599028,416443,13067.6,19653.6,485.045,25.9462
2.13e+06,1.59319e+06,866217,773160,495696,591713,26874,-1590.48,743994,549678,26016.1,20074.5,597.528,25.9597
1.28196e+06,851682,879575,731247,455338,584033,23119,-2326.53,431511,363373,43250.8,23913.6,466.771,26.0034
1.82393e+06,1.71989e+06,229143,180698,161903,201718,4605.61,-784.445,530291,83864.2,2318.5,5263.73,-433.069,26.0507
2.39494e+06,1.77218e+06,1.01511e+06,771367,468498,653862,28975.6,-1664.23,356330,575781,25065.4,28486.1,1152.55,26.089
3.059e+06,2.26885e+06,1.2007e+06,1.04581e+06,608266,747694,24494.5,-1066.35,193817,653178,52149.2,27736.5,1692.89,26.1449
2.04721e+06,1.4653e+06,733972,614865,419681,524491,15337.6,-5311.21,762851,401320,14054,20220.2,-268.875,26.2035
1.23898e+06,951823,685671,547479,383261,497966,12157.6,-2830.84,320482,341695,18504,13453.1,-264.433,26.2311
1.75634e+06,1.40038e+06,422669,351153,243939,313113,13404.5,-4322.67,488721,336626,10708,14426.2,-859.328,26.3596
1.88911e+06,1.20383e+06,939932,709627,422248,584293,20756.7,-2419.11,433443,581389,39614.4,33217.2,1438.23,26.3656
1.31015e+06,868602,756828,562620,351709,514167,13209.2,-688.555,349531,345943,33266.2,18368.6,376.789,26.398
1.25117e+06,757785,857845,676435,418674,548868,15482.7,-1306.18,287156,204667,20984.9,13619,751.087,26.4403
2.30692e+06,1.60100e+06,1.25912e+06,1.01846e+06,566500,720786,29821.2,-2922.69,684059,708595,14644.6,37463.1,93.2701,26.4629
1.85544e+06,1.40129e+06,611177,566866,284694,355602,15169.7,-2496.43,234653,261142,10566.9,9486.38,762.788,26.4746
1.63633e+06,1.30838e+06,492136,392614,271211,363837,12353,-2568.67,175572,206327,14497.7,14502.8,-307.969,26.4835
1.39889e+06,994467,943517,794097,499667,641381,16210.7,-2501.83,206055,431007,31521.3,17840.2,-209.138,26.4986
958305,677246,491719,472998,329348,352423,10505.1,-1972.11,177573,209791,6830.77,7847.65,-213.053,26.5169
1.34666e+06,1.02187e+06,866543,741869,509710,608224,15400.1,-3472.87,711315,337793,19240.9,13070,-310.475,26.5514
1.20853e+06,1.00391e+06,377245,298902,231878,317389,7586.58,-3106.55,401676,137729,12745.3,5484.88,-1000.85,26.5716
1.24242e+06,1.01148e+06,662102,596617,473430,528558,12029.6,-3556.13,700555,244605,20826.3,11495.7,-887.785,26.6123
1.0115e+06,571929,1.03733e+06,929744,536744,621390,14840.7,-1414.5,658496,321973,11921.2,15075.4,-267.212,26.6349
1.62127e+06,1.26656e+06,658321,550306,392492,494231,10886.5,-3175.32,318598,296077,36666.6,14248.8,-294.281,26.702
1.88746e+06,1.57816e+06,405705,321512,241713,326206,10088.4,-2257.84,113851,177277,29735.5,8031.92,-155.703,26.7136
1.90302e+06,1.50522e+06,559452,456044,323989,406789,14975.3,-1366.32,433772,260451,17120.9,11847,-318.911,26.8091
884114,534269,1.12682e+06,965819,559227,676732,16667.5,-1547.4,421272,313436,37779.8,18054.7,782.482,26.866
1.07741e+06,668958,1.00386e+06,799090,471728,639122,14298.8,-743.565,270132,402985,41084.7,16556.3,544.911,26.8993
1.13561e+06,762061,1.29053e+06,1.03191e+06,531588,740217,17786.7,-319.047,593213,277531,44290.7,21332.2,726.952,26.9102
1.77037e+06,1.23888e+06,846684,712236,470862,572938,19658.6,-2203.7,845112,393361,10650.7,33377,133.814,27.0119
2.10483e+06,1.5749e+06,751626,667285,468435,516692,15151.1,-2017.51,394524,336829,26537,15266.6,741.023,27.0354
1.49580e+06,1.11456e+06,832188,678279,442226,573750,15137.2,-17.6045,194804,338290,43171.9,15305.3,303.242,27.0406
879530,675830,427226,347108,267111,340249,10995.2,-2858.08,494206,179161,2951.16,9097.83,-847.449,27.0452
2.31553e+06,1.55758e+06,1.05968e+06,821405,421281,572951,27314,-1213.84,431968,554434,33076.9,26300.7,166.507,27.1035
1.69911e+06,1.45981e+06,709122,674366,502885,527207,15557.1,-521.63,3530.55,134048,13957.4,18888.4,662.433,27.1153
2.1823e+06,1.74768e+06,479633,408590,291142,352105,21476.7,-3514.3,554699,333174,14974,11835.3,-347.775,27.12
1.5138e+06,1.05698e+06,835749,651753,433529,593582,15031.5,-2076.85,382387,381257,25030,16893.2,-43.4443,27.1456
2.25276e+06,1.67623e+06,830760,690179,422964,539568,27240.1,-3183.94,397547,509168,41565.4,23729.7,1382.97,27.1576
2.30291e+06,1.57747e+06,614087,567258,353831,411295,18405.1,-4172.17,174686,863140,48250,19024,373.007,27.1599
2.53248e+06,1.71528e+06,882045,755282,476377,592560,27538.5,-2188.9,340178,548878,41149.8,28571.9,1744.11,27.1983
1.94989e+06,1.38057e+06,1.03524e+06,964307,617134,677089,25083.5,-2012.53,753199,576071,17806.7,33200,912.331,27.2
1.68374e+06,1.23358e+06,458235,361187,243944,328795,16616.9,-3829.74,751410,358784,9594.59,12573.5,-731.517,27.2856
1.8103e+06,1.46897e+06,518572,453379,357562,409047,12981.6,-1164.3,125211,249498,10627.9,10099.6,47.8679,27.3019
2.42434e+06,1.63701e+06,925116,793380,445723,581677,25781,-1463.95,781606,727126,45120.2,33764.2,811.897,27.3404
2.34657e+06,1.72394e+06,667962,524108,327155,451454,21800.9,-2278.62,401875,378332,30638.1,16218.8,1148.3,27.3462
2.97133e+06,2.15230e+06,1.20073e+06,1.02539e+06,626910,745814,41048.7,117.621,473260,675229,75031.9,38241.2,251.232,27.3734
1.69649e+06,1.42638e+06,512710,440014,332000,392927,9663.91,-1592.92,223309,182182,64916.3,11775.9,306.766,27.4598
892779,654810,739469,651558,439186,507886,12687.5,-1523.78,281156,208612,32836.4,9016.28,968.027,27.473
1.06059e+06,773784,708857,603021,398534,496839,11057.3,-1456.03,224976,251742,22386.9,11678.9,-219.588,27.6889
1.94447e+06,1.62638e+06,680505,536128,403348,533834,6962.75,95.6929,50628.2,104661,10971.9,16299.6,197.297,27.6903
1.24961e+06,767786,925278,717574,449924,607667,18368.7,-1597.84,342465,350213,61161.4,22235,474.282,27.8417
1.69634e+06,1.32504e+06,583206,493599,389552,452328,16292.2,-2835.5,643959,254571,9100.87,14907.1,-504.706,27.8803
2.2657e+06,1.51953e+06,859028,731926,429191,514291,32285,-1715.08,365763,526314,50845.9,27620.9,1897.05,27.9424
1.5629e+06,992522,830135,683882,411079,541636,14201.8,-2910.18,345801,587552,19365.1,17750.4,-139.566,27.9426
1.57298e+06,1.337e+06,441511,348785,252881,337727,9915.47,-1732.62,419578,200141,6014.11,10254,380.294,27.9479
2.22799e+06,1.6182e+06,672157,506613,302405,436227,19006.7,-1759.97,369488,331715,43034.6,31124.1,1698.29,27.9531
1.90125e+06,1.58451e+06,516078,481777,365639,397686,10620.4,-3374.27,698645,241834,15407.5,12239.2,-917.702,27.9976
1.94317e+06,1.55907e+06,460022,358666,264842,365764,11660.3,-436.379,353935,180416,18077,12895.1,-92.8251,28.0797
1.35726e+06,958533,909976,744764,522756,641131,12225.2,-2166.78,749675,140862,16455.2,15210.2,-745.976,28.1562
2.11548e+06,1.5456e+06,840040,704970,457589,567499,14805.1,-828.223,259391,511377,31862.3,23639.7,845.791,28.2046
1.74082e+06,1.29994e+06,776720,647208,468139,553778,18562,-1994.22,310007,444009,20306.4,18592.6,55.6054,28.2748
1.43627e+06,1.08371e+06,550146,510720,379558,403200,13981.1,-1840.47,536916,191502,9171.84,14426,-188.048,28.3518
2.02917e+06,1.45776e+06,658607,522243,335271,420820,10866.6,-1125.61,402797,358315,18082.2,22633.8,417.687,28.3866
2.00478e+06,1.62118e+06,544308,468279,318816,389232,13162.1,-2882.11,387870,431377,23803.9,12966.1,-116.692,28.4303
1.31515e+06,898908,870259,773856,493949,590859,15854,-3071.75,368491,457756,42219.4,17485.3,742.578,28.5509
1.43322e+06,1.09738e+06,763966,674649,423386,492675,14480.6,694.124,182541,210929,37062,14129.3,1026.11,28.5598
1.92314e+06,1.30657e+06,822744,674387,398630,509168,14824.8,-409.156,361432,466887,53266.3,19200.8,193.865,28.6612
1.93613e+06,1.52042e+06,786380,657039,455968,558876,23774.9,-1415.47,499175,481623,12799.7,18957,225.92,28.7674
2.21923e+06,1.45453e+06,696095,604444,368667,460318,29966.9,-4161.47,478538,656694,37077,29719.5,409.344,28.7944
957370,711221,557254,443820,316746,429787,11516.8,-3164.71,647230,169327,14475,10804.9,-1059.33,28.8144
2.16642e+06,1.6197e+06,636597,575620,369339,446455,17389.7,-3850.14,508791,483991,17118.8,18910.8,-717.427,28.8581
1.83821e+06,1.40696e+06,597092,513141,342999,407998,15636.1,-731.327,215884,394206,49773.6,18733.1,975.443,28.8821
1.05763e+06,699527,816416,622009,419744,582100,11463.6,-1202.49,388263,247408,20139.8,13422.4,-286.037,28.9218
962328,779591,538742,471286,368016,415174,9445.29,-1238.94,437144,107986,17637.9,6887.5,-533.763,28.9623
1.01533e+06,734277,552260,432959,287838,393875,10459.7,-3620.16,470849,139435,34573.9,11532.6,-507.6,29.1012
1.47938e+06,958228,1.21926e+06,1.09613e+06,683274,776835,23342.1,-3565.65,650096,394312,70297.5,16248.8,601.341,29.159
1.23591e+06,976797,686743,562282,432022,547510,10211.2,-2725.77,352604,211764,35074.5,8372.41,129.094,29.2652
1.3325e+06,819170,1.16456e+06,982901,550895,696631,19649.1,-2883.01,502853,378593,30485.7,16879.8,399.203,29.273
2.46337e+06,1.80903e+06,663350,606397,379517,450479,22775.9,-2734.97,446932,340318,22692.3,15790,-349.619,29.3239
1.88356e+06,1.48342e+06,726694,599861,405126,525290,14396.9,-3095.83,449068,402208,40559.8,13207.3,-85.6478,29.3931
1.89811e+06,1.44767e+06,659008,549286,347397,452626,15585,-4270.5,460827,454402,32016.8,18305.6,-1166.42,29.4041
1.09166e+06,740165,823546,654090,414826,554109,14155.2,-2370.62,336416,269729,30114.5,11713.1,378.44,29.4173
1.18041e+06,865253,693814,552459,372016,497143,12576.4,-3935.19,828145,224501,26670.4,9545.38,-1328.5,29.4549
2.42648e+06,1.65172e+06,1.03532e+06,789781,526141,712930,12822.7,-5498.17,1.07041e+06,516548,93647,25371.1,-538.034,29.4947
1.88488e+06,1.32819e+06,839108,649556,436620,602049,16023.9,-2299.52,371729,315744,29134.5,18515.7,-199.958,29.5421
1.27832e+06,805033,834313,716638,467762,554347,16320.2,-1029.57,310422,219791,14015.1,20090.8,661.095,29.5491
1.58177e+06,1.22161e+06,816261,630150,444674,591592,16596.1,-1810.55,280242,352208,25650.4,11011.9,98.3009,29.565
2.05807e+06,1.42948e+06,1.03593e+06,787404,471043,656515,28461.4,-2490.8,693626,508194,13515.5,30413.8,1247,29.5752
2.34098e+06,1.65476e+06,697036,553680,365824,473657,20710.2,-2023.54,398632,392781,24265,17212.4,225.533,29.5758
1.96933e+06,1.46108e+06,751358,652859,437728,505901,15357.8,-720.66,207251,412431,45962,23536.8,677.735,29.6647
1.69425e+06,1.39063e+06,557019,470464,344319,424444,15864.1,-1254.36,20860.6,171892,34326.4,13547,-1.71935,29.718
1.13315e+06,643069,1.02423e+06,852572,516983,640872,17762.4,-2017,526957,286784,42202.5,17309.6,785.721,29.7454
1.31606e+06,1.07896e+06,392609,340126,269825,308983,13448.1,-2542.11,334924,160713,4549.11,10580.8,-82.1521,29.7474
971689,692451,461782,388537,265373,326229,4571.29,-206.106,534246,168502,7012.34,19344.7,1915.04,29.7723
997159,660733,645921,484428,299894,432073,10018.1,-278.62,248293,306182,35181.6,14662,584.847,29.8031
1.25454e+06,941884,510243,425360,340273,400953,9968.06,-1296.87,39423.1,78669.9,38831.9,9112.63,133.088,29.8169
2.1403e+06,1.43605e+06,801355,607489,393870,531681,16646.9,-504.424,490127,371390,17556.1,20413.3,849.021,29.9355
1.01939e+06,817719,682737,623127,459977,499495,11558.7,-1828.73,312389,235438,14429.8,16585.7,429.772,29.9457
1.52281e+06,1.11652e+06,786993,711170,496770,592782,13237.2,-3624.51,601881,409215,24210,14228.9,-437.355,29.9473
2.44044e+06,1.66618e+06,1.11704e+06,1.00437e+06,643809,732150,31859.9,-4700.83,1.43828e+06,539324,13177.5,28729,126.812,29.9526
1.4164e+06,1.18394e+06,616050,565230,403238,454476,12473.3,-2187.87,192856,283690,12768.4,12588,153.395,29.9572
1.66536e+06,1.4768e+06,479144,412389,337223,387587,11537.8,-2028.42,183622,216878,2777.26,9162.29,-157.648,29.9596
1.67518e+06,1.25856e+06,800042,629645,410734,558174,15553.1,-3103.16,673573,364443,24704.7,18262.7,5.38559,30.0079
2.38078e+06,1.6346e+06,888779,808045,474606,565859,22244.8,-5169.56,1.18882e+06,448733,10646,29487.7,-366.67,30.0646
2.01136e+06,1.47127e+06,819310,701726,459756,532981,21001.8,-1355.01,707258,521300,21748,20676.2,-594.82,30.0848
1.5905e+06,1.22492e+06,866723,732249,523198,623202,22415,-2142.02,659099,336735,19323.2,18744.2,-182.869,30.0979
1.25476e+06,968860,716052,678449,507786,534242,14669.2,-3073.27,735577,373537,11112.7,16668.9,-291.325,30.1149
1.26865e+06,954099,709692,536554,399343,541697,15461.8,-1439.22,193766,326087,17678.7,15888.3,596.807,30.119
1.98444e+06,1.28627e+06,1.10737e+06,882276,476187,637238,33505.1,-188.325,735032,575067,18787.8,40299.1,1509.48,30.1683
2.16001e+06,1.62625e+06,710448,551749,351739,488355,20092.7,-3096.52,792045,458556,17671.6,23188.3,275.323,30.176
1.52003e+06,967552,1.05964e+06,950283,503516,585279,12653.4,-1069.51,219700,271054,62383.1,13701.3,1440.45,30.2012
1.76926e+06,1.29006e+06,786514,662261,407199,507908,24340.7,-1591.6,433371,509904,14065.7,28864.3,913.001,30.2271
1.29098e+06,874622,769684,661877,432212,511995,15275.5,-1941.16,479953,131560,38338.3,6742.57,-486.91,30.2466
2.01407e+06,1.27752e+06,1.36558e+06,1.05933e+06,606197,805530,29231.3,-1900.99,682638,403577,47090.3,35185.4,1964.8,30.2506
1.6288e+06,1.18873e+06,888055,792256,502949,603539,14734.9,-1977.94,395534,316673,38976.6,11854.4,158.54,30.3173
1.75553e+06,1.51071e+06,366848,302806,230615,289984,12331.8,-3932.33,823038,151376,762.609,8996.59,-1534.34,30.3889
2.42096e+06,1.6474e+06,927010,783000,499499,605416,17650,-2535.88,441156,522520,54213.8,21797.3,787.042,30.4006
1.40039e+06,1.0788e+06,996414,932595,656348,719710,16777.4,-1290.27,-6437.56,169727,63885.9,15768.7,296.405,30.4043
1.26847e+06,753257,903873,737869,488938,627781,13843.1,-3152.46,466142,317903,24462,14920.4,-284.189,30.4054
2.32523e+06,1.80852e+06,532846,446256,335036,401389,13137.5,-5378.47,292192,201519,177586,23353.4,627.477,30.4209
1.10108e+06,612727,635917,536582,313983,388302,14661.9,-2219.3,375672,204881,8344.16,16305.3,-357.465,30.465
1.69482e+06,1.4589e+06,481048,387878,296416,366023,8852.77,-3345.86,752963,178443,5589.12,11506.4,-1382.81,30.5117
1.3658e+06,1.15556e+06,383973,383152,295345,296930,9508.47,-2116.41,386892,181616,1990.96,11143.1,-866.502,30.5597
1.98451e+06,1.36892e+06,1.1025e+06,945999,563992,696813,32027.7,-1908.63,676615,471867,14776,33156,1046.3,30.5983
881931,631333,612536,503031,311520,392572,10671.2,-849.125,403155,249614,13183.4,13079.7,-210.294,30.6203
2.23594e+06,1.62871e+06,611697,507468,342228,429950,22575.2,-3727.48,732087,483537,12050.6,20293.5,-663.986,30.7065
1.63387e+06,1.13849e+06,954376,738499,497892,682312,16977.1,-3277.75,582760,426686,12881.5,17904,-301.578,30.7218
1.09647e+06,860100,619576,515272,380084,488382,11117,-2335.99,242139,199963,17835,12908.2,-198.13,30.7376
863336,576241,702708,567035,387631,504468,12112.2,-1737.16,307889,356337,13821.3,10760.9,-80.94,30.7391
1.53754e+06,1.17119e+06,667151,550162,382444,479330,13126.3,-2679.38,695154,239876,5769.8,15932.7,-659.009,30.8529
1.39385e+06,1.01798e+06,714664,566158,355894,484394,15606.3,-358.217,168177,330713,33812.3,18296.3,398.019,30.8742
1.635e+06,1.39932e+06,364896,354959,279338,289422,14847.5,-2218.64,341345,192701,6277.44,8990.4,-919.27,30.9578
1.12805e+06,764994,796814,714951,466346,531076,10132.3,156.931,315104,276954,36495.6,13984,1076.35,31.0037
979824,679703,811699,684430,458350,567736,9838.96,-1815.69,267361,143948,19675.7,7566.35,-417.99,31.0622
1.27752e+06,999858,871858,772355,531558,627075,13044.5,-2159.57,364380,362967,21847.9,13071.5,-47.5109,31.0727
1.65253e+06,1.12432e+06,1.02536e+06,857145,577613,698894,26344.2,-3115.37,701809,542711,32081.9,24618.9,926.908,31.0825
1.3842e+06,798079,1.69597e+06,1.35132e+06,674632,920107,24331.1,325.599,1.4175e+06,402192,12861.7,39700.4,372.329,31.1292
2.36055e+06,1.61448e+06,842092,735516,451614,548888,30696.6,-3349.68,354675,494298,25120.2,19836.8,1176.67,31.165
1.56511e+06,1.03833e+06,942007,799876,517750,652189,14424.3,-3753.24,589890,294112,27876.9,20463.2,309.153,31.2135
1.77389e+06,1.34783e+06,721072,550034,359718,516732,17198.6,-4550.15,672121,389848,34590.2,20419.6,-1049.24,31.2478
1.92282e+06,1.32618e+06,590317,525499,328952,398574,30505.3,-3461.99,16357.8,316310,74337.4,21709.2,436.772,31.27
2.65487e+06,1.81152e+06,878449,715265,428338,562458,17705.2,-3381.8,817353,438132,29171.5,22924.5,-278.103,31.2826
1.52357e+06,1.20447e+06,504165,426102,277484,353076,13503.8,-1359.04,170725,286991,14145.6,14993.6,-413.899,31.358
1.15458e+06,899898,626028,560713,408972,473709,12893.9,-2171.13,439942,182087,23661.4,6432.3,-444.922,31.4508
2.55271e+06,1.76455e+06,961580,771764,468010,618739,21090.7,-1656.31,399002,679332,38821.3,26341.7,145.361,31.4524
1.62816e+06,1.086e+06,521403,462523,321931,371241,12152.8,-2184.72,292566,408672,18729.8,13420.1,25.3656,31.4777
2.59716e+06,1.86179e+06,929784,761121,476883,603114,25134.7,-2082.01,375046,456456,40676.9,25968.7,1366.44,31.4999
2.81523e+06,2.0503e+06,795881,651898,436032,569509,26195.2,-4719.41,795631,503905,32719.3,17178.9,-375.978,31.5354
1.98385e+06,1.33227e+06,770255,617432,401619,534196,19121.6,-2753.42,355965,390955,11925.2,16719.1,356.941,31.5811
2.32951e+06,1.66428e+06,631436,542361,351002,454709,21183.5,-2984.58,298932,389254,21833.3,19259.3,-136.358,31.624
1.59336e+06,1.00144e+06,604155,503660,329712,389605,17933.6,-1387.02,413664,346433,13949.2,17074.4,813.993,31.6412
2.15805e+06,1.65748e+06,633665,512932,347695,444581,18855.4,-1730.31,485448,454392,14742,18485.8,198.83,31.6504
1.80227e+06,1.26271e+06,752297,641584,397098,502753,30548,-4855.49,599745,396754,23990.9,21931.6,-506.795,31.6612
1.22596e+06,878207,616026,537988,361192,422664,17387.7,-859.156,214250,275186,28995.4,16687,919.046,31.7437
1.6018e+06,1.07752e+06,852557,753385,428396,498793,23999.7,-433.188,321837,226531,35803.7,19091,-122.549,31.748
1.76012e+06,1.19668e+06,605841,470873,286126,387333,14467.6,-592.335,300300,190458,11413.1,13630.6,-422.174,31.8045
2.27976e+06,1.73621e+06,651607,525790,350339,455517,25204.2,-2961.41,407502,395914,13656.2,19971.6,701.16,31.8588
2.39747e+06,1.74743e+06,905393,749987,479555,615992,27434.4,-2273.99,594831,430930,22003.4,28728.7,-400.822,31.9073
1.83464e+06,1.35154e+06,1.12601e+06,873189,543227,743922,16959.7,-1519.42,336784,414472,34547.6,17173.9,957.587,31.9403
1.76761e+06,1.24388e+06,818720,666754,419104,551112,17053,290.538,297574,580204,126876,34232.9,1221.24,31.9983
1.87235e+06,1.43278e+06,657402,528524,350584,460461,16344.9,-2844.75,413422,361445,46202.3,18513.6,139.082,32.0296
852054,643368,559188,427214,284799,394336,15926.1,-1118.75,325533,329899,10475.8,21263.5,501.668,32.0796
1.54059e+06,1.2049e+06,638942,548243,390565,449892,13255.9,-1451.74,374623,314309,17277.4,13824,298.842,32.1059
2.14617e+06,1.59776e+06,983173,804917,522507,665745,20795.2,-2262,478780,498641,66643.5,14945.1,534.853,32.1291
1.84592e+06,1.42639e+06,824926,667018,441253,562824,17973,-2554.76,325258,460517,33302.4,18893.6,102.102,32.1564
1.98808e+06,1.4682e+06,448149,384942,247531,315090,19405.3,-1152.25,217830,285654,39924.8,11079,105.859,32.158
1.16958e+06,934138,596828,454940,314942,431226,9588.27,-1129.18,257029,220574,14176,9526.57,-134.06,32.2749
2.07799e+06,1.50465e+06,783827,646912,405111,515173,25487.2,-3356.44,200630,651655,32835.4,21358,695.916,32.2872
1.40219e+06,812590,1.2467e+06,965269,514225,748770,19146.5,-1403.37,481583,368577,27294.7,20167.1,617.88,32.3072
2.33982e+06,1.61841e+06,1.17414e+06,929242,543306,727329,29453.4,-1127.78,684472,638737,19059.4,40237.2,752.744,32.3463
1.93568e+06,1.25314e+06,871717,778540,437929,532922,12165.2,-2769.72,262978,357701,71947.5,19063.7,309.584,32.3825
1.26452e+06,832706,843451,717117,439752,562293,20523.8,-2627.46,334301,348466,28276.6,15360.5,-55.2592,32.4648
1.62152e+06,1.06987e+06,806511,650059,439078,564867,13077.6,-2942.11,719176,189553,11495.6,10383,-77.1031,32.5821
1.09079e+06,858160,614894,445897,320287,479677,11869.1,-2313.77,322461,159489,11500.8,10109.9,-597.213,32.5924
2.99186e+06,2.11866e+06,896071,837374,578569,657203,15642.9,-334.324,139543,213329,19666,16280.8,589.041,32.6147
1.07325e+06,684705,948842,796501,491500,603522,14277.6,-630.713,338109,209503,26821.6,14932.1,718.49,32.6407
946546,684970,577837,488096,353862,415626,9060.97,-2818.04,532998,110790,33705.8,6344.12,-693.173,32.6922
2.3179e+06,1.55834e+06,990100,783776,473630,627555,26933.4,-3331.86,397185,631524,41069.9,30316.5,797.808,32.7093
1.96443e+06,1.48062e+06,942986,771023,467858,628580,22169.8,-3349.3,534470,429787,55334.7,24561.9,233.088,32.7129
629992,471469,582436,487991,367512,446523,11874.3,-1812.79,635937,106030,14534.4,9939.07,-728.309,32.7148
2.62498e+06,1.90524e+06,821536,637962,411583,557212,14992.5,-5214.15,700862,439152,111146,19067.8,410.075,32.725
1.29569e+06,956741,1.04286e+06,889976,630079,753868,14771.3,-3075.34,531752,292282,46612.9,11854.7,-298.687,32.7377
2.15217e+06,1.5612e+06,1.09915e+06,882343,530763,674228,26778.5,-5023.44,1.4e+06,510630,16961.1,26338,-495.951,32.7606
1.72239e+06,1.22394e+06,1.04544e+06,825631,532768,693130,16084.1,-2194.98,588292,265857,17941.8,13698.2,601.289,32.8274
1.38344e+06,1.03581e+06,517185,451779,331785,388231,14658.5,-2196.24,412785,264192,16193.5,13580.5,18.8805,32.8745
1.48663e+06,1.26773e+06,410645,394146,311792,330096,8774.85,-1549.11,176041,138260,6159.52,7432.94,-507.041,32.9891
1.47449e+06,1.23237e+06,493332,384001,279386,376713,13214.1,-3411.99,676358,262582,11962,11863.8,-438.313,32.9909
1.81649e+06,1.3497e+06,1.09171e+06,879167,549077,705752,22786.1,-190.716,337362,447603,32278.9,25396.2,976.359,33.0807
1.74804e+06,1.19984e+06,707032,557707,357605,482975,26846.7,-2567.55,369982,520038,18801,17608.5,-64.1481,33.1107
960285,578533,610799,526141,332775,410134,12093.3,-1624.69,452567,219499,29797.5,14059.7,-502.795,33.1276
2.20151e+06,1.53348e+06,1.06896e+06,889642,547893,709545,21480.1,-1674.49,293504,428719,31374.7,18411.6,222.321,33.1292
2.73855e+06,1.87533e+06,1.04623e+06,759457,460644,709404,25562.7,-3473.66,668400,504412,16871.7,26494.4,-464.592,33.1615
2.14941e+06,1.56234e+06,764965,627444,453638,564133,15447.2,-2705.75,188594,438794,69626.1,18159.4,518.326,33.2669
2.39082e+06,1.57626e+06,1.077e+06,887355,521852,677863,25938.1,-1561.29,515067,435797,25868.2,24046,400.239,33.3434
2.06264e+06,1.40442e+06,977618,763341,420026,577810,29322.9,-2402.07,386548,475597,64809.5,30601.4,717.409,33.3641
2.35884e+06,1.67031e+06,887592,749387,468595,578346,21248.8,-1066.59,429081,396233,19314.2,24062.8,293.172,33.4314
2.07401e+06,1.52908e+06,932083,768581,461325,567603,23119.8,-1481.72,294182,381156,89493.8,28448.4,1870.47,33.4445
1.64824e+06,1.44333e+06,340811,304093,235194,271204,10936.5,-2760.29,418732,248123,20146.8,6480.72,-573.656,33.4717
973214,680674,1.18645e+06,992480,560067,732003,18386.9,-2110.75,552139,385767,46803.7,19212.5,943.629,33.4754
1.89416e+06,1.53999e+06,408818,322642,235727,315882,14278.1,-2673.17,442900,229737,6701.78,8000.39,-586.748,33.494
1.82316e+06,1.37488e+06,608512,470263,303361,420621,23830,-2401.42,201311,366520,29801.2,18319.2,-212.506,33.5441
1.72789e+06,1.34171e+06,578357,484710,338034,413839,17622.1,-2099.03,588616,373633,19677.6,16512.7,178.621,33.6806
2.41128e+06,1.61247e+06,777446,671949,399837,483177,26148.6,-2464.23,334371,475248,45334.9,23232.5,68.7065,33.7074
1.00279e+06,666694,847245,703506,436173,559604,16600.8,-1594.39,168166,232883,41778.1,14613.2,886.689,33.7532
1.28775e+06,895389,1.3416e+06,1.07217e+06,620773,815269,14609.4,-2148.68,713550,409495,21216.8,20085.8,469.167,33.8362
1.54444e+06,1.06489e+06,969646,799595,488115,642381,21638.6,-4039.76,544966,574077,25173.8,17598.4,145.09,33.8631
1.26182e+06,738360,1.22455e+06,1.07262e+06,631316,756263,11845.5,-948.183,299706,369931,42512.9,20425.2,1732.62,33.8687
2.15658e+06,1.41135e+06,1.39922e+06,1.22359e+06,692667,831970,35824.2,-4016.96,625471,596302,18389.2,29623.2,559.134,33.9233
1.97185e+06,1.65973e+06,439640,317708,230128,347427,11555.6,-4265.01,708641,290824,22401.8,8131.16,-1136,33.9376
1.89371e+06,1.42888e+06,898429,807704,540398,634167,24835.3,-3116.2,849491,510072,18069.4,22597.9,589.776,33.9794
1.35808e+06,1.12445e+06,558119,496398,373939,424971,13504.8,-1898.64,445595,294413,5852.82,11258.6,-526.108,34.2108
2.07548e+06,1.56842e+06,597603,478935,317113,423155,19911.2,-2032.01,550820,357115,22679.8,13033.5,480.853,34.2346
2.49797e+06,1.88978e+06,904430,765810,502063,616357,20595.8,-994.277,449056,446834,63649.3,26999,1544.44,34.238
2.34736e+06,1.60267e+06,688316,584241,352729,452192,15163.7,-3893.39,657336,410942,22767,14591.4,13.7821,34.2494
2.01365e+06,1.54632e+06,759149,628027,445241,544699,17457.5,-1679.62,360419,361550,11127.3,15819.4,608.019,34.2743
2.20118e+06,1.41899e+06,587741,471629,281998,387649,23274.5,-2899.43,393787,409271,8090.51,15991.9,-237.112,34.3671
1.90752e+06,1.52388e+06,551028,477867,337442,407161,15643.8,-1900.19,337762,432664,5562.74,14161.4,348.651,34.4448
1.65679e+06,1.37533e+06,465246,415649,299956,365873,10804.1,-2982.04,297502,338583,24617.5,16781.6,-653.096,34.5796
877203,534696,769163,627142,410593,529486,12261.7,-857.892,261425,213223,21490.2,12724.8,283.182,34.6643
1.89296e+06,1.57036e+06,671054,570979,416795,487843,16851.3,-1285.73,37417.6,418225,51147.8,13606.8,668.158,34.697
2.19914e+06,1.59358e+06,1.03469e+06,839919,567887,689191,22745.7,-553.095,748679,438242,9579.55,27267.7,104.808,34.7181
1.82457e+06,1.40617e+06,633567,497976,336095,458654,15438,-2316.65,419549,428512,19348.2,13227.8,-331.825,34.7193
1.44508e+06,1.08694e+06,711258,621989,446211,525797,16017.6,-3122.62,750444,300257,16449.7,15026.4,-646.295,34.7448
1.8461e+06,1.41324e+06,546825,422002,286200,391035,22171.1,-398.461,227964,391466,17149.1,17841.6,620.407,34.7864
1.84298e+06,1.53522e+06,280586,253200,206732,235974,6940.8,-4949.26,439992,102696,32088.8,70483.8,-384.802,34.851
2.38271e+06,1.82506e+06,686700,539904,373433,507183,18298.2,-3348.85,506735,390193,55908.3,21884,-240.615,34.8759
1.50669e+06,922875,1.278e+06,1.03582e+06,628021,797892,19145.1,-596.068,312730,486047,25737.3,25546.3,1544.33,34.8846
1.04864e+06,712459,633718,527852,365246,467471,11227.4,-2606.89,375124,188674,14853.9,10806.5,44.2201,34.9273
1.89011e+06,1.54085e+06,692448,521329,364933,514852,13162.4,-2635.07,659699,262391,13845.5,13463.4,-526.66,35.1246
934219,711287,541024,444914,314426,404417,10171.1,-2456.29,319290,140701,18978.1,8341.06,-493.296,35.264
1.73367e+06,1.2574e+06,490555,452823,308107,343453,16311.7,-2766.9,534057,338341,7274.52,15177,551.739,35.4133
1.75168e+06,1.18441e+06,710557,574002,339527,452647,18257.9,-1213.85,333170,322023,43812.7,27988.7,1048.96,35.4161
1.84754e+06,1.38736e+06,755939,655487,449485,518133,20991.4,-3926.72,972731,470263,12040.2,20343.7,-128.292,35.4713
1.49536e+06,1.07545e+06,636634,561454,408542,478207,13674.4,-3681.56,701108,261672,14205.9,17727.5,-1367.04,35.4849
1.30002e+06,1.01175e+06,685112,548095,401689,509433,15400.9,-2533.49,156057,291491,76952,32070.1,920.577,35.4929
1.88504e+06,1.36749e+06,778379,644301,404126,502805,27961.1,-1204.57,377873,535161,34852.1,27658,1110.83,35.4929
1.76947e+06,1.16537e+06,967939,763008,439706,597641,32153.1,-2099.26,754492,521717,33557.2,30408.5,935.129,35.545
994563,619467,727122,586899,393189,517050,10784.2,-3334.21,618122,338201,27757.3,12904.7,-639.706,35.5516
1.35339e+06,786264,1.09975e+06,956414,593256,700573,18872.2,-336.256,556514,325111,49987,25238.1,714.599,35.6169
2.14675e+06,1.45434e+06,984564,812302,481385,623694,23013.8,-2092.73,379021,564406,43917.3,25889.5,876.535,35.6179
850566,645346,682606,626763,487330,530938,17804.5,-891.288,284312,314654,17947,14434.5,461.426,35.6519
1.7704e+06,1.35281e+06,606702,456910,292172,416676,20526.2,-1830.57,665951,346129,11110,21701.3,-825.598,35.6802
1.78929e+06,1.42609e+06,537693,476096,343636,385956,15409.8,-1257.47,168076,357452,80051.2,15316.5,668.127,35.6883
1.06653e+06,835258,413405,275567,196956,321468,9094.92,-1704.23,128331,134940,12317.5,6064.32,-285.14,35.7167
828730,665296,585105,501658,383059,455226,9923.41,-1911.28,413662,186313,8938.21,10148.8,-129.854,35.7754
1.12973e+06,795716,1.06404e+06,978714,622810,700784,18652.9,-3888.9,596806,409784,33400.9,15453.7,-518.129,35.8216
2.5639e+06,1.83021e+06,995023,780077,483243,652308,28052,-3342,413166,577706,47256.1,33125.2,862.047,35.8318
1.99866e+06,1.55614e+06,696371,494108,334753,513043,20038.8,-2434.86,244008,389799,21436.4,18300.9,-43.8637,35.986
773194,631970,810178,704855,491594,592173,12057.6,-1707.51,511972,188603,26979.5,15038.4,296.14,36.1058
1.97307e+06,1.45115e+06,949662,797392,471508,591815,22998.9,-1075.04,258489,647558,63317.9,40066.7,1896.26,36.1777
1.24507e+06,899714,834107,657243,417075,538803,15879,-1866.33,389056,334086,13998.7,15594.3,-116.96,36.2564
2.9801e+06,2.13299e+06,1.06203e+06,898282,518880,634660,24732.3,-3281.1,426692,724673,34849.1,35794.2,974.042,36.3155
1.04698e+06,757575,641929,551182,386146,451358,16137.4,-504.508,289004,248626,12222.1,17882.1,897.542,36.3859
1.58038e+06,1.38363e+06,394711,335077,263968,317926,10628.3,-2803.62,330904,300357,12995,12705.1,-781.695,36.507
2.59887e+06,2.0199e+06,686686,535641,372449,502654,22028.9,-3571.22,533150,389746,37957.5,13237.4,188.601,36.546
1.19797e+06,728170,740226,649945,448448,497635,12416.8,-2748.87,656776,163665,32478.6,19881,-545.79,36.6022
1.62082e+06,1.13329e+06,684467,521456,325398,459643,24872.1,-3551.77,591619,300131,2034.31,20537.2,-300.826,36.6511
1.26469e+06,889327,908834,729484,474642,610241,12094.6,-2668.34,623256,235153,46573.9,9888.97,-238.919,36.728
2.26876e+06,1.68108e+06,409282,350980,241829,291576,14160.9,-3437.1,563648,350142,15931.5,12312.6,-1366.58,36.7793
676249,469880,633936,577382,410614,448462,10326.4,-949.393,142436,216426,18573.3,11170.9,171.846,36.8325
1.81411e+06,1.38285e+06,823846,679060,431532,563627,20018.4,-2183.39,475196,439073,55382,18753.9,1028.18,36.8395
2.87687e+06,2.09363e+06,933649,765577,456953,589704,20491.5,-240.786,211167,453014,40821.8,24509.1,1194.32,37
