"FSC-A","FSC-H","FSC-W","SSC-A","SSC-H","SSC-W","Comp-450_50 (V)-A","Comp-525_50 (B)-A","Comp-586_15 (YG)-A","Comp-670_30 (R)-A","Comp-670_30 (V)-A","Comp-780_60 (YG)-A","Time"
23678.8,21112,73503.9,642,572,73556.1,2580.87,3406.73,1151.21,1523.05,522.997,671.303,0.527177
22935.7,19993,75181.9,810,745,71253.9,2732.99,4695.51,2019.22,1140.72,716.246,1250.08,0.636962
16532.3,14151,76564.4,640.5,583,71999.7,25149.8,3900.88,1085.3,925.57,-163.442,830.257,0.662855
14158.3,12517,74129.6,741,689,70482.1,760.9,3487.43,1412.46,521.218,363.981,664.393,0.679427
18591.5,16589,73447.2,606.75,573,69396.1,192.472,2371.7,1451.88,591.879,553.593,323.574,0.708427
18625.9,16906,72203,500.25,474,69165.4,4147.55,2692.42,622.018,422.224,9.38095,15.0038,0.751926
20798.6,18884,72180.5,654,624,68686.8,1358.39,677.948,629.621,507.632,677.134,-75.0014,0.792319
18826.5,16497,74790.2,498.75,453,72154.7,20959.1,3209.06,652.954,407.165,57.1788,392.095,0.838926
23594.3,16988,91021.8,732,648,74031.4,1152.46,6607.79,3064.41,2486.66,360.151,539.745,0.85239
13739.9,11840,76052.1,857.25,800,70225.9,1674.85,3952.36,2859.35,728.45,273.962,245.671,1.01189
18695.8,16669,73504.7,600,589,66759.9,1347.99,3162.88,963.212,344.897,40.7808,774.283,1.03364
13424.4,10972,80184.2,773.25,716,70776.1,173.651,3672.74,2773.75,1535.02,345.986,627.572,1.03985
21523.9,19153,73648.6,600.75,549,71713.6,5330.61,3667.62,1014.9,1612.6,82.5374,613.843,1.0471
18247,15196,78694.2,570.75,536,69784.8,620.201,3852.68,2228.93,1239.77,-13.9013,712.418,1.05643
14832.2,12624,76999.5,589.5,564,68499.1,136.816,4232.34,1709.87,1172.51,-56.0628,166.729,1.06471
8498.16,7393,75332.8,568.5,497,74964.2,-9.76472,3901.47,3173.63,1555.26,117.704,408.98,1.06575
15679.6,13809,74413.8,731.25,673,71208.3,655.948,3863.99,3359.52,705.649,111.96,473.016,1.073
27574.8,24536,73652.7,429,408,68909.2,2330.76,3395.6,1502.17,377.018,270.554,-103.916,1.07403
24940.7,22836,71576.3,631.5,592,69908.8,3864.54,3188.37,684.983,868.846,391.913,492.316,1.11028
16179.2,14216,74586.6,658.5,620,69605.6,619.499,908.366,463.013,-51.0819,789.558,-133.676,1.13928
10670.9,7881,88735.8,878.25,745,77257.7,1836.45,5028.7,3082.33,2461.48,445.669,869.906,1.16
18946.6,16892,73507.3,675.75,604,73321.1,244.05,575.053,296.642,857.257,786.199,333.892,1.1745
9360.78,7448,82366.8,788.25,700,73798.2,817.526,3646.58,2305.48,1114.65,25.8318,250.412,1.19521
13516.1,11245,78772.2,831,761,71564.3,3091.52,3804.6,1959.95,363.104,745.838,974.132,1.22525
18608,14987,81370.3,1137.75,971,76790.5,97.4722,7646.27,11026,3682.13,714.52,1225.81,1.23767
11688.6,10348,74026.3,522.75,504,67974.1,26429.8,2054.38,472.907,220.373,453.042,398.659,1.31328
26136.7,23108,74125.5,351,336,68461.7,194.629,4094.87,2588.35,1217.75,3.67838,136.754,1.35989
24358.6,21985,72611.6,606,561,70792.9,1391.93,3425.06,792.171,1174.1,662.75,568.391,1.37646
10496.6,8021,85763.3,858,693,81139.8,349.467,5471.32,2149.26,2815.4,202.134,887.406,1.39717
20042.9,17696,74227.5,552,528,68514.9,3450.59,3583.8,1615.47,1114.99,375.205,424.387,1.41064
20846.1,18420,74167.8,379.5,372,66857.3,379.296,2736.18,805.06,1113.37,456.825,319.471,1.44067
26800,21868,80316.5,356.25,364,64140.7,2094.58,4640.13,771.21,1880.83,279.583,361.188,1.47796
10576.5,8180,84736.1,599.25,548,71665,954.908,4134.4,5538.66,726.764,536.62,801.805,1.50385
17868.8,15034,77893.6,806.25,730,72381.4,204.527,5178.23,2233.42,2158.01,129.786,484.745,1.62192
31849,24600,84847.7,771.75,712,71035.7,186.492,8575.54,2310.11,1807.23,-96.0679,352.042,1.65092
17232.6,14881,75892.5,619.5,577,70363.2,1027.28,4826.62,1784.07,977.375,143.72,363.651,1.71928
20087.1,16880,77987.5,696.75,624,73176.6,5671.62,5727.95,3264.88,2571.35,54.4479,763.164,1.74517
8842.02,7067,81996.7,774.75,667,76123,91.5346,4661.07,7113.97,1635.95,326.682,1157.79,1.75657
22250.6,18809,77527.5,833.25,761,71758,665.17,6991.67,1516.01,3160.53,430.075,403.545,1.76796
15304.1,11869,84503.2,924.75,809,74912.8,1598.75,4393.88,2535.97,1862.83,474.791,332.225,1.77417
15472.4,11581,87557,923.25,845,71604.9,731.519,5165.32,2107.02,2149.55,587.86,711.941,1.84149
18934.7,16589,74803,597.75,573,68366.7,336.254,3376.27,1358.62,1595.57,413.929,622.829,1.90571
13044.9,11128,76825.2,724.5,668,71079.1,754.737,4922.52,2553.37,1347.9,-224.43,1091.45,1.91503
7722,7104,71237.2,396.75,404,64359.9,13874.4,348.755,256.521,795.405,211.146,-8.54169,1.92642
14100.2,11628,79469.7,762.75,700,71410.8,3230.78,4528.52,1953.6,745.396,373.622,449.424,1.94507
21752.3,18193,78357.5,1004.25,885,74366.7,-151.086,7096.79,17187.3,3273.43,-158.735,666.077,2.0186
25703.7,23244,72471.1,630,552,74796.5,1322.15,3958.94,777.034,1015.85,379.323,448.357,2.02999
15597.1,13608,75115.6,711,648,71907.6,2979.44,3088,1209.56,1018.41,268.333,783.618,2.03724
14899.5,10325,94571.8,906.75,769,77275.4,1533.08,4044.73,1496.68,1085.24,743.262,334.962,2.08696
16585.8,12445,87341.7,1196.25,1001,78319.1,3079.04,8460.9,4710.95,2922.32,333.466,923.104,2.10664
13267.3,11844,73411.6,578.25,548,69153.6,23662.8,2540.31,1045.32,622.387,-251.704,540.987,2.18846
17266.3,15084,75017.3,755.25,712,69516.9,1007.88,4201.06,2792.18,875.784,301.773,855.734,2.2361
16425.4,15097,71302.7,627,637,64507.2,1129.86,719.347,983.759,599.759,233.971,84.3724,2.26303
6303.66,5600,73770.8,651.75,608,70251.8,-8588.31,7050.91,106440,2445.55,37830.8,11201.4,2.28789
12870,10291,81959.8,719.25,663,71096.2,2957.33,5061.69,1149.13,814.07,408.602,471.213,2.31585
22381.3,13520,108490,1023,788,85080.4,1354.8,7308.34,3146.65,5157.68,465.258,1225.16,2.32206
10669.6,8177,85513.1,548.25,481,74698.8,374.208,3281.19,4204.63,1280.03,248.465,416.13,2.35106
18862.8,16661,74196.8,716.25,645,72775.4,5788.23,4053.92,677.206,1202.73,77.6781,1014.25,2.36349
17492,13704,83651.1,675.75,616,71892.8,669.603,4149.72,1347.77,1895.42,96.5851,391.006,2.38317
20603.9,17829,75735.9,666.75,593,73686.6,1250.82,4200.38,1756.7,848.181,638.733,424.699,2.42771
15292.2,13072,76666.9,891.75,804,72688.7,566.72,5016.71,2956.33,1586.62,174.737,959.42,2.44117
23002.3,20712,72782.9,603,568,69574.3,605.442,2798.27,1113.26,649.19,329.301,330.17,2.45464
25577,22005,76174.2,836.25,769,71267.2,1050.45,4080.81,1891.12,1961.89,400.773,947.785,2.50849
10531.6,9169,75275.4,548.25,481,74698.8,23289.4,3031.11,1063.88,535.071,618.143,636.385,2.50953
15395.8,12027,83893,994.5,875,74486.4,2945.13,4635.33,2662.85,1228.83,679.648,336.729,2.57271
21402.5,18481,75895.9,732.75,645,74451.9,753.292,5268.17,2112.48,2489.61,421.685,647.493,2.59342
27700.9,22868,79386.2,903.75,820,72229.5,229.288,5460.64,7138.49,2283.16,663.202,494.319,2.60896
22511.3,19012,77598.3,994.5,900,72417.3,2650.98,4356.64,2185.22,2232.25,724.016,678.814,2.66281
11584.3,10057,75488.7,551.25,525,68812.8,276.709,707.953,756.576,484.374,277.723,175.954,2.67214
24491.3,22443,71517.2,539.25,511,69159.1,5611.03,3548.11,1219.03,1237.94,88.057,484.226,2.69389
20132,17281,76348,894,785,74635.9,6278.76,6136.2,9130.38,1601.22,286.648,734.909,2.71771
24255,20973,75791.5,684.75,637,70448.6,5783.08,3668.81,1900.29,1820.19,542.205,604.846,2.71771
13376.2,11577,75721.2,894,761,76989.7,789.909,4433.1,4030.99,1945.73,-309.033,456.492,2.71874
13101,11312,75900.6,703.5,656,70281.4,138.487,3575.85,1996.91,564.685,-86.0757,852.428,2.74463
20172.2,18056,73217.1,719.25,632,74583.5,2912.42,3438.03,1161.08,584.781,793.73,142.943,2.75913
18093.2,16112,73594.8,629.25,580,71100.9,7524.33,3918.65,891.955,633.536,60.2837,464.01,2.77467
23350.8,20224,75668.4,873,784,72975.7,422.86,9265.09,2119.68,1162.83,452.672,773.171,2.77778
22158.8,19135,75892.4,613.5,571,70413.9,739.157,6793.16,8744.43,2344.72,-33.4824,631.741,2.79021
10984.4,8800,81803.7,912.75,820,72948.8,815.018,4244.71,1533.36,589.605,306.734,394.715,2.82438
11833.1,10841,71533.7,546,505,70856.8,589.133,765.885,550.894,780.174,679.288,204.058,2.83681
18526.9,16383,74112,712.5,667,70006.6,3007.56,4008.68,2142.97,688.655,547.856,593.962,2.91035
20931.2,18817,72899.5,696.75,645,70794.1,1354.91,3731.25,1819.25,1115.53,487.42,179.283,2.91449
17258.3,14772,76566.7,884.25,804,72077.4,1752.78,4545.79,4084.7,2495.46,268.554,1034.57,2.96731
21062.6,16748,82419.2,1145.25,1004,74756.1,576.919,6014.23,6380.37,1587.05,248.428,826.957,3.02221
10323.1,8590,78758.1,743.25,698,69784.6,2386.95,4508.98,1659.35,579.605,121.905,450.337,3.02221
16742.9,13940,78713.2,824.25,724,74610.6,21831.8,7791.78,2293.4,1307.23,221.862,530.196,3.04603
24735.5,20824,77846,794.25,716,72698.3,670.685,5042.68,2838.76,2602.12,-241.361,715.06,3.07503
16989.7,14256,78103.1,951.75,820,76065.7,863.077,4854.86,2541.61,748.678,415.11,470.451,3.0916
17980.4,15541,75822.8,808.5,689,76902.5,388.156,4365.56,2345.83,1922.88,-37.2494,607.71,3.0916
19089.2,17112,73108.3,624,552,74084.2,4910.7,4140.2,2253.4,1692.84,506.416,640.685,3.11438
18570.4,15829,76886.2,858.75,753,74739.8,4828.29,6033.17,2591.97,2419.8,410.741,648.455,3.13303
16269,13725,77683.5,836.25,765,71639.9,2495.98,4116.58,1688.66,993.423,496.409,738.676,3.16203
16094.1,13816,76342.1,678.75,620,71746.1,1800.25,4199.67,615.788,1473.29,168.482,244.866,3.17031
15112.7,12389,79943.9,790.5,721,71853.3,91.1103,4525.06,3148.91,2101.33,427.801,306.059,3.28942
12289.2,9976,80732.3,928.5,824,73847.3,187.137,4889.27,3835.64,1399.65,437.711,722.093,3.31842
16762,13774,79752.9,852,778,71769.5,3725.8,4644.75,1430.74,866.635,631.601,895.072,3.3526
12631.7,10713,77273.8,641.25,621,67673,2719.65,4701.25,1640.3,886.234,213.814,333.359,3.42095
15423.5,13277,76131.4,748.5,685,71611.2,9986.26,3736.65,1242.09,1294.41,444.908,350.707,3.42717
20759.6,18616,73082.5,519,508,66955.1,6054.28,2403.43,1081.08,1179.73,55.654,623.682,3.49553
13806.5,11136,81252.3,1104,948,76320.4,-66.0651,8522.48,4488.57,2775.3,721.314,900.622,3.55042
17032.6,14727,75796.1,666.75,615,71050.6,2450.14,3974.09,997.123,1027.5,751.775,329.625,3.56492
14871.1,12480,78092.5,807,752,70329.2,573.338,4141.07,2783.98,1481.67,361.462,542.783,3.61774
18208.7,15679,76110,758.25,719,69113.6,398.639,4805.45,1554.71,815.794,-204.296,487.671,3.61981
15870.4,12609,82487.1,825,705,76691.1,35.4923,5838.37,3588.68,1821.03,38.5039,515.922,3.63224
19122.8,15966,78494,794.25,734,70915.5,137.673,3280.43,2867.37,2794.3,-45.0941,407.043,3.67056
22603,20772,71312.9,548.25,484,74235.8,9404.27,3356.87,786.601,400.03,177.145,394.456,3.68092
29499.4,22268,86818.3,988.5,844,76756.3,10643.8,6418.32,4253.62,3382.19,428.124,687.581,3.68195
19959.1,15857,82489.6,612,549,73056.5,62.1881,7793.17,2782.31,453.912,428.261,613.205,3.73788
23501.9,21465,71755.1,448.5,441,66650.6,7469.92,2824.82,236.679,640.989,545.141,459.299,3.75963
8286.96,6302,86178.1,663,606,71700.3,1061.81,5029.66,1766.46,996.452,512.682,915.183,3.76481
35061.8,29253,78549.6,590.25,529,73124.1,922.181,4531.16,2115.54,3865.48,8.29968,618.695,3.83213
28219.6,24128,76649.6,615.75,564,71549.3,615.186,3971.04,1164.34,1886,243.63,517.528,3.8456
22067.8,19764,73175.1,583.5,548,69781.5,5700.71,3557.9,1357.12,1228.32,199.783,183.501,3.8777
9274.98,6421,94665.2,1025.25,885,75921.8,2632.39,4412.6,1900.74,1052.41,632.11,478.233,3.92845
15686.9,13383,76818,957.75,835,75170.2,271.358,6204.22,3599.92,2926.93,125.585,707.469,3.94502
19046.9,15307,81548.3,1086,971,73297.7,117.292,6820.38,4646.14,3583.45,0.516357,954.239,3.95331
24989.6,18826,86992.3,1420.5,1262,73766.9,1587.73,8092.63,4606.16,3109.26,-72.9066,948.82,3.96988
28893.5,19580,96709.1,1476,1004,96345.8,6986.45,7038.81,3018.53,2422.36,164.813,1809.36,3.9792
27537.8,23764,75943.4,889.5,804,72505.3,1182.96,6405.27,11796.7,1779.62,-437.202,752.762,3.98749
20297.6,18323,72598.7,691.5,627,72277.7,5574.36,5969.88,1623.87,856.775,469.255,473.572,4.05585
20557,17435,77271.3,738.75,667,72585.8,806.407,4069.06,1061.59,1523.19,610.895,627.786,4.05688
14126.6,11624,79645.9,850.5,780,71459.5,50.3076,4846.84,3582.4,1918.11,222.996,357.492,4.05895
10000.3,9081,72170.6,647.25,637,66590.5,350.953,719.308,592.516,600.233,753.472,-177.515,4.06724
18188.3,15329,77760.3,976.5,885,72311.8,429.027,4641.44,3260.96,1374.14,533.723,343.914,4.07552
11916.3,9580,81518.4,522.75,476,71972.6,6019.39,3506.75,944.685,1000.19,437.919,705.642,4.10452
9044.64,7760,76385.3,655.5,596,72078.6,1620.2,3308.15,1688.04,1149.82,385.706,716.547,4.16977
16236,13809,77054.3,549,481,74801,11243.8,3549.56,1177.52,1131.46,-425.861,453.191,4.17184
16199,13603,78043.1,935.25,823,74474.5,248.242,5541,3979.72,3032.78,-425.985,892.052,4.19359
18938,15212,81588.5,924,828,73134.4,596.172,5606.84,3243.83,4237.03,95.3979,836.869,4.20706
17230.6,14924,75665.1,838.5,760,72305.2,889.529,4184.47,2735.51,1573.77,704.303,547.725,4.26299
20838.8,18000,75871.9,545.25,496,72043.4,2032.98,3616.36,2109.34,990.853,457.634,197.87,4.27334
25976.9,23185,73427.9,729,673,70989.2,678.108,4936.93,977.699,713.597,373.155,774.685,4.27749
22970.6,19953,75447.5,719.25,673,70039.8,1587.67,3664.6,1042.28,1176.78,466.831,554.241,4.28681
17676.1,15181,76307.4,642.75,605,69625.2,1170.09,4689.59,1181.44,1008.53,-3.54242,603.336,4.29717
17951.3,15112,77849.3,828.75,796,68232.4,-27.631,5868.02,14045.8,1145.07,320.291,377.321,4.3127
19549.2,16975,75474.3,903.75,799,74127.9,1450.78,5233.46,1780.8,1447.19,63.5477,890.78,4.35206
22403.7,19981,73482.3,615,573,70339.7,2805.97,3099.8,563.809,774.437,78.5765,556.174,4.3562
10739.5,7336,95941.3,584.25,504,75971.1,1791.18,3449.11,1827.3,2391.26,188.482,104.691,4.36656
18276.1,16160,74117.6,742.5,660,73728,1009.74,3986.39,2246.33,1704.28,482.615,651.422,4.38313
10078.9,7626,86615.3,718.5,654,71999.4,799.397,3152.96,2284.71,785.962,335.864,597.226,4.40384
10204.3,7621,87750.5,1020.75,885,75588.6,69.8576,5129.69,2680.17,2234.09,548.804,581.854,4.40902
18124.3,16016,74162.8,685.5,628,71536.5,1793.03,3583.21,1435.12,524.466,715.357,771.581,4.41213
32818.5,29420,73106.5,387,364,69677,-119.074,5250.16,1213.49,2210.03,370.662,637.341,4.45149
17147.5,15020,74818.6,676.5,632,70150.5,768.546,4270.26,2108.06,991.005,250.692,600.882,4.46702
21676.4,18664,76113.6,800.25,728,72040.1,1385.17,5819.78,2249.89,2345.01,-81.1696,631.463,4.53124
15230.8,12153,82133.4,974.25,841,75919.7,342.739,5287.56,3647.1,1991.59,686.356,652.37,4.58613
5973,5480,71431.9,554.25,520,69852.6,327.359,518.229,1228.26,222.372,434.12,-192.537,4.60581
12778.3,10008,83676.7,648.75,584,72802.2,229.351,6585.84,3876.22,1591.99,51.8759,496.171,4.61306
15036.1,12929,76216.8,752.25,689,71552.2,1443.82,4189.86,1422.21,2005.2,108.149,620.872,4.63895
22929.7,19964,75271.6,577.5,540,70087.1,4743.64,3795,2247.37,871.765,335.853,348.976,4.76013
12054.9,9404,84010,1011,908,72970.2,1362.01,4046.96,2398.72,1402.81,-40.2108,733.783,4.78913
21817,19468,73443.4,613.5,568,70785.8,6970.26,3760.05,1224.86,950.923,647.224,577.413,4.79224
17933.5,15764,74555.4,795,736,70789.6,5250.53,4734.79,3710.53,933.568,587.416,826.407,4.80363
19259.5,16708,75543.9,432,400,70778.9,53.172,3145.96,3014.48,1434.79,427.564,238.773,4.84506
14644.7,12277,78175.3,918.75,821,73338.9,406.083,6224.34,8861.22,2040.72,-32.3639,180.827,4.86163
7038.24,5309,86882.3,833.25,729,74907.9,1538.88,3867.76,1802.13,1194.85,720.127,542.417,4.88752
21761.5,19164,74418.9,566.25,540,68721.8,5404.84,3582.96,754.729,1476.13,603.229,796.935,4.91756
16500,13521,79975.2,402,357,73796.8,1755.95,9415.29,1810.06,540.949,273.532,272.721,4.9507
20237.6,16519,80288.8,963.75,839,75280.5,695.753,5291.71,2555.1,2183.33,269.807,462.787,4.97866
15143.7,13166,75380.3,680.25,634,70316.8,13233.4,4041.2,747.999,1065.25,136.932,839.542,5.01181
13309.6,10054,86757,714,610,76709.4,15424.8,3760.1,814.077,1318.73,527.608,1121.05,5.03666
12742.6,11277,74053.4,578.25,541,70048.4,15448.2,2238.98,2303.35,198.208,53.1639,319.019,5.05531
28718.6,24158,77908,687.75,638,70646.4,912.998,5838.63,6413.83,974.438,312.765,274.129,5.05841
18790.9,16406,75062.6,723.75,642,73881.1,6059.25,3919.19,660.153,629.206,489.097,617.7,5.06049
16244.6,14296,74468.7,788.25,728,70959.8,803.6,3811.55,1330.2,739.915,310.794,1043.32,5.18788
20022.4,17385,75478.2,808.5,733,72286.3,1224.75,4419.16,1695.69,1535.82,506.015,740.575,5.25002
20174.2,17733,74558,575.25,529,71265.8,27894.7,3083.84,895.847,577.534,411.868,760.604,5.26556
11847,9924,78235.1,507.75,448,74276.6,1246.62,3429.97,2372.3,754.52,130.653,499.58,5.29041
22294.1,19722,74083.2,689.25,654,69068.3,1196.26,3757.69,1518.01,887.604,303.264,492.847,5.29663
26972.2,19090,92595.7,1301.25,994,85793.5,1538.96,8475.8,3753.13,11270.9,122.903,1357.17,5.32148
15242,11077,90178.1,650.25,565,75424.4,4531.92,4018.34,1219.47,1300.58,402.202,507.278,5.38052
16406.9,14241,75503.5,772.5,725,69829.7,1320.9,5351.81,1994.58,2151.83,219.998,790.378,5.41988
23981.1,21398,73447.3,420.75,386,71435.9,3827.07,2530.67,1505.82,372.372,31.8432,268.986,5.45302
16431.4,14112,76307.1,639.75,608,68958.3,2761.46,3816.28,2075.13,2494.5,664.844,659.215,5.47684
12413.9,9456,86036.4,1131,992,74719,123.11,6227.64,4599.51,3193.77,28.2847,225.876,5.49548
18344.7,15201,79089.4,618,561,72194.7,2394.86,4416.52,1358.58,1634.85,485.871,319.833,5.51206
23785.1,21209,73496.1,605.25,573,69224.6,1419.74,3817.37,2447.9,640.598,419.379,670.011,5.55452
10748.8,7089,99369.6,890.25,725,80473.7,178.985,6262.23,2230.83,2006.83,774.58,936.332,5.55659
19652.8,16596,77607.1,846,752,73728,1178.9,5561.02,2902.01,3654.11,282.357,517.435,5.59388
14166.9,11876,78178,645,580,72880.6,2722.02,4324.01,992.303,705.067,455.144,599.683,5.62081
13191.4,11544,74888.5,678,636,69863.9,333.685,4252.26,4176.46,1436.96,196.136,510.677,5.64048
9312.6,7044,86642.6,870,832,68529.2,22247.1,1850.87,396.351,874.659,710.471,433.065,5.64359
12375.7,9868,82190,771.75,652,77572.7,636.524,5887.57,2943.78,1078.91,-64.2509,1282.23,5.65084
23173.9,20401,74443.7,653.25,593,72194.6,615.755,5613.6,1839.55,1831.25,361.215,971.125,5.65084
11305.8,9951,74458.5,576.75,523,72271.3,401.291,867.136,347.828,1129.15,739.327,331.872,5.65602
17346.1,15144,75065.7,638.25,616,67903.2,682.017,2691.76,676.005,1326.85,793.135,167.12,5.66431
24738.1,19988,81110.5,890.25,800,72929.3,169.522,7307.38,3765.91,4309.94,343.125,944.682,5.67363
21359.6,17717,79010.1,1035,917,73969.2,7305.77,4252.49,5395.97,1266.39,286.397,-52.0432,5.67673
13423.7,11601,75833,615.75,501,80546.5,-29080.2,38.4799,1949.41,28118.3,261758,1842.22,5.73163
25523.5,22714,73642.2,667.5,653,66991.2,1669.84,4204.79,1385.63,1274.65,733.985,297.648,5.73577
16795,14264,77164.8,616.5,568,71131.9,2461.38,4187.17,905.821,1325.65,470.646,400.127,5.77513
21098.9,16862,82003.1,851.25,778,71706.3,2944.61,5139.08,3556.68,1649.56,377.918,875.657,5.80205
24695.2,21169,76452.6,870,801,71181.4,2738.41,5826.93,1825.89,1433.93,592.637,860.635,5.80309
11656.3,9045,84456,741.75,677,71804,1661.46,4543.98,4947.21,1718.93,763.407,717.414,5.81345
14386,12469,75611.7,690,657,68827.8,464.023,3492.72,3488.25,1248.75,-322.34,113.308,5.82484
16569.3,14406,75377.3,795,706,73797.6,671.569,3957.63,1410.97,1234.71,493.623,381.394,5.82484
12256.2,10209,78677.9,728.25,689,69269.4,4723.16,3016.03,911.045,575.476,138.07,517.221,6.02163
29217.5,22226,86151.4,405.75,353,75329.3,-102.617,7675.74,3247.63,2069.65,-59.7318,309.562,6.08066
14236.2,12108,77055.1,561,552,66604.5,473.272,3381.96,1323.97,984.374,116.487,313.298,6.09516
13153.8,10021,86024.1,1157.25,993,76376.2,723.456,5556.01,3094.93,2761.2,290.717,353.444,6.10137
22358.8,19753,74181.5,708,637,72840.6,884.842,4014.79,717.398,1527.14,519.919,615.832,6.10655
19858.7,16905,76986.8,652.5,637,67130.7,1073.82,796.861,391.075,-340.717,448.973,-141.845,6.11691
15375.4,11140,90452.4,1368,1108,80914.5,66.3271,7026.63,4358.18,2247.85,677.103,767.527,6.13348
22648.6,18596,79818,1056,852,81227.7,17518.5,7163.78,3208.08,3103.96,292.818,719.789,6.14177
9585.18,6588,95351.3,495.75,444,73174.5,14184.1,3085.35,2591.76,1095.25,60.0211,804.657,6.16455
24966.5,21929,74613.7,815.25,713,74934.4,343.315,4285.46,2247.23,2071.36,-62.4799,159.255,6.16663
24695.2,21605,74909.8,498.75,481,67954.4,3645.8,3654.18,1214.8,920.244,75.4074,464.484,6.16663
9020.22,6978,84716.1,807,770,68685.1,29464.4,2174.65,416.418,-196.582,154.516,465.913,6.17284
22494.8,19984,73769.9,546,512,69888,2626.78,3707.13,893.865,1049.65,264.396,293.636,6.17491
15119.3,11607,85367.2,501.75,467,70412.6,557.345,6566,885.166,931.947,163.419,575.908,6.20702
8032.86,6377,82553.2,546.75,521,68775.1,-26.3748,2804.81,4799.37,1542.95,-42.4686,-20.364,6.3023
17814.1,15404,75789.6,843,780,70829.3,-63.3649,5892.74,3749.78,1584.71,449.051,647.341,6.30748
10170.6,7958,83757.3,865.5,737,76962.6,1020.17,4821.4,2075.95,1847.95,301.886,678.516,6.32302
9316.56,7085,86177.9,654,573,74800.2,1839.86,3797.62,2097.8,1478.95,33.53,512.461,6.33855
19210,16400,76764.9,807.75,756,70022.1,9503.6,4286.03,1137.63,1997.91,421.218,605.807,6.3458
24660.2,19657,82216.7,924,841,72003.9,486.739,4953.76,5322.68,1641.14,-103.427,606.947,6.35823
14658.6,12568,76437.5,662.25,620,70002,4936.94,3687.35,1944.64,-1.52196,123.531,915.567,6.36859
19666.7,15464,83346.9,813.75,716,74483.1,478.851,5778.56,2409.1,2368.32,704.339,737.061,6.37687
23065,19243,78552.7,888.75,779,74769.1,311.192,5191.83,3066.02,2416.97,149.109,597.31,6.3862
18789.5,17053,72209.7,645.75,589,71850.4,31463.5,2817.97,592.129,1412.03,430.596,313.963,6.38827
18484,16144,75035,570.75,516,72489.7,418.892,3185.34,1340.56,738.173,195.83,579.063,6.41623
13585.4,11585,76852.4,627.75,577,71300.2,494.977,3350.97,1196.5,1105.94,96.549,459.66,6.42037
17005.6,14969,74452.3,798.75,713,73417.8,33408.8,4257.98,1383.24,627.27,789.205,345.9,6.4473
18692.5,15521,78927.5,680.25,661,67444.6,6207.74,825.204,851.975,606.645,674.695,138.796,6.46802
40506.2,30092,88216.6,891,792,73728,116.637,10335.8,7919.54,3320.43,459.413,1148.09,6.47734
24437.8,21348,75021.4,690,612,73888.6,1669.27,4255.97,2821.06,1246.7,468.24,689.971,6.49391
12511.6,11230,73015.3,459,446,67446.2,1077.02,442.981,989.803,873.415,563.222,-45.5102,6.51566
17125,13914,80660.2,954.75,858,72926,978.635,5718.75,4665.07,2898.63,418.929,306.638,6.52912
40598.6,36483,72929,420.75,407,67750.1,920.772,6074.37,973.644,1365.33,563.506,153.397,6.54155
12427.8,9980,81610.1,1090.5,952,75070.4,-29.8356,7166.96,6385.99,2972.27,551.791,454.634,6.57366
17022.1,15649,71286.2,567.75,513,72530.3,1008.22,562.386,56.1937,1420.98,640.543,203.534,6.58298
20753,18340,74158.7,628.5,580,71016.2,2676.46,3960.8,1530.79,538.701,349.078,840.022,6.5892
19083.2,17452,71661.6,630.75,632,65406.4,553.486,1125.11,399.03,667.234,656.061,-161.307,6.62855
20279.8,17432,76242.5,864.75,796,71196.3,299.686,4737.6,2639.77,1616.48,251.14,912.697,6.68034
11350,8528,87222.7,917.25,800,75141.1,11140.8,5916.96,2265.83,1376,665.22,1064.05,6.68552
19740.6,16953,76312.2,619.5,589,68929.6,593.414,3755.04,923.76,1149.45,505.998,566.788,6.70727
26006,23104,73767.7,590.25,544,71107.8,1296.7,3153.09,1050.77,2242.9,-220.423,446.107,6.76527
15731.8,11081,93041.9,1083.75,941,75477.8,2573.01,4409.66,2057.85,711.743,145.115,773.143,6.79012
10408.2,9229,73909.6,480.75,477,66051.2,78.6657,1802.97,1370.51,884.928,158.847,585.536,6.83777
13904.2,11244,81041.2,643.5,600,70287.4,287.002,4064.59,2185.71,1818.75,137.683,457.783,6.89059
7481.76,5528,88698.4,650.25,556,76645.3,957.403,4311.89,2003.27,1101.69,166.272,218.213,6.91337
15090.9,13396,73827.8,468.75,452,67964.6,30156.7,2017.34,1067.37,328.569,522.278,473.126,6.9403
12624.5,10691,77388.3,611.25,531,75440.5,2779.56,3873.9,1049.81,517.967,492.239,776.322,6.95273
17055.1,14733,75865.1,746.25,685,71396,2615.35,3959.43,1872.17,625.535,608.769,844.804,7.02627
11536.8,9061,83442.9,1055.25,917,75416.4,-135.175,7497.49,8851.44,2206.2,186.347,899.075,7.05216
20252.1,17721,74896.5,684.75,617,72732.2,1550.44,4031.49,2520.97,1638.32,279.247,607.843,7.08737
17430.6,13933,81987.5,1269,777,107034,-5525.53,5150.95,83841.6,3115.54,27300.3,10131.8,7.11016
18842.3,16262,75934.8,760.5,694,71815.8,1401.31,3865.49,2099.42,764.635,-49.3111,331.961,7.17023
19606,16465,78038,818.25,721,74375.6,408.565,5319.83,3649.59,3314.86,152.152,739.305,7.17127
13777.5,11565,78073.7,709.5,649,71645.3,6359.11,3659.92,720.96,1471.72,475.704,371.906,7.24376
31329.5,27597,74399.9,524.25,505,68034.2,1653.29,3424.15,1924.14,381.878,104.823,281.043,7.24791
23117.8,20324,74544.9,654,612,70033.6,1824.02,4890.15,745.358,867.897,94.9678,535.517,7.25516
10363.3,8973,75690.5,713.25,697,67063.9,804.703,801.983,23.9651,1874.26,771.792,168.532,7.31937
23350.8,21305,71829.1,435,413,69027,6147.25,2626.37,1237.92,302.42,517.753,591.211,7.34734
14815.7,12132,80033,872.25,784,72913,210.073,5203.38,3366.81,1506.18,243.098,649.884,7.35459
19713.5,17223,75012.9,611.25,579,69186.3,203.468,3932.22,2039.97,1978.37,279.144,552.339,7.37841
20854.7,19128,71451.9,498.75,504,64853.3,2106.41,942.815,85.4551,982.144,401.369,2.91133,7.41051
21206.5,18716,74256.6,813,716,74414.5,2029.78,3881.24,1044.09,1571.94,385.961,720.75,7.44884
17204.2,14721,76591,867,753,75457.8,794.083,4116.91,1037.62,455.32,287.781,430.473,7.47473
16847.8,13578,81318.2,636,538,77473.8,173.485,4871.12,4817.24,1750.74,327.486,142.168,7.49337
19162.4,16501,76106.3,631.5,581,71232.3,7200.58,4381.16,1218.14,1091.76,238.068,442.369,7.50062
6646.86,5508,79086.5,819,768,69888,667.693,940.113,577.872,1493.23,732.372,282.821,7.50787
14155,11620,79833.3,970.5,800,79503.4,845.701,4498.05,2613.25,568.024,-21.3587,927.988,7.5638
12672,10080,82388.1,756.75,644,77009.9,257.821,4090.91,2294.01,1763.32,237.389,644.976,7.58141
25646.9,22017,76340.9,846,741,74822.5,843.537,3814.93,2556.87,2629.27,513.987,964.352,7.61869
10637.9,9043,77094.3,606.75,567,70130.5,26271.3,2198.68,659.336,565.442,120.541,765.187,7.64355
16626.1,14884,73206.5,667.5,608,71949.5,5274.05,3011.1,1136.7,451.649,526.149,461.889,7.64873
6996,6372,71953.8,621,628,64805.5,4009.61,813.255,1352.25,831.567,615.656,317.12,7.6798
35312.6,26505,87313.7,789.75,729,70997.3,844.323,4928.19,5223.28,3127.55,362.982,1346.14,7.6798
30725,24877,80941.9,561.75,505,72900.7,791.871,5938,2366.55,3981.04,723.172,1058.43,7.72019
19981.5,17172,76258.3,825,752,71897.9,232.845,4769.22,6063.45,3813.79,331.82,698.83,7.7233
14745.7,12969,74514.3,813,761,70014.1,5024.95,4002.95,957.182,1474.02,150.519,993.699,7.78026
19835.6,17493,74312.5,591.75,561,69128.2,2676.12,3613.68,277.555,759.319,348.174,819.876,7.83308
22591.1,20301,72929.1,553.5,505,71830.1,833.115,4042.1,759.123,920.614,407.28,565.182,7.90973
20172.2,18128,72926.3,646.5,560,75659,3292.47,2917.67,901.272,178.937,-6.38303,440.306,7.9263
11951.3,10732,72981.7,630.75,600,68894.7,806.358,898.781,1200.59,681.705,688.718,-54.5372,7.98119
12965,9486,89571.7,1060.5,938,74094.8,148.006,4938.32,2376.84,1738.11,358.3,698.411,8.04955
14254.7,11696,79873,688.5,628,71849.6,2385.77,3545.67,1218.11,1128.34,107.792,505.382,8.05058
14182.1,12056,77093.3,788.25,716,72149.1,12104.1,3837.41,2127.05,857.885,577.78,480.983,8.16555
24919.6,20344,80275.9,535.5,504,69632,157.362,4374.28,2350.5,1076.1,148.243,374.663,8.18315
18040.4,15112,78235.7,984.75,908,71075.5,938.177,4718.86,1516.86,1487.69,375.738,495.323,8.26394
14991.2,10796,91002.8,953.25,812,76936.2,-86.7211,6152.68,8669.45,2868.02,102.234,763.398,8.29398
16066.4,13545,77735.4,896.25,809,72604,1306.63,4792.93,2587.55,999.717,7.61694,1166.98,8.29501
18777.7,16468,74727.5,627.75,576,71424,1191.14,3670.25,1651,1305.76,598.047,706.093,8.32815
15894.1,13039,79886.3,749.25,671,73178.6,280.249,5929.75,2331.89,2074.09,69.8874,889.79,8.34576
22599.1,20643,71746,608.25,579,68846.8,13652.7,2379.62,2506.86,833.292,489.943,246.256,8.35612
25818.5,23392,72334.3,615.75,560,72060.3,1420.35,3320.01,852.059,1646.98,191.632,463.319,8.35715
20571.5,17243,78186.9,966.75,811,78122,1195.16,5392.46,2302.89,2552,328.23,840.985,8.36855
19660.1,16780,76784.4,588.75,552,69899.1,686.512,3696.12,1055.12,2960.64,528.124,509.32,8.38823
21789.2,18941,75390.9,420,393,70038.5,123.633,2423.01,544.958,448.525,441.28,279.181,8.42033
18435.1,12407,97377.6,710.25,599,77707.8,20163.5,2459.28,2008.1,6448.02,-96.3203,1029.83,8.42137
17383.7,15013,75885,844.5,773,71597.9,903.139,3823.03,2498.7,1083.19,430.631,531.506,8.51355
7308.18,5009,95617.7,883.5,737,78563.2,1746.35,6006,5112.27,928.241,62.938,804.271,8.51458
32111.6,28126,74822.9,527.25,509,67885.8,64.7894,3439.67,4851.38,1268.74,506.6,843.587,8.52494
13949.8,11812,77396.9,798,704,74286.5,-84.8496,4025.29,2435.64,2578.85,481.15,633.365,8.56015
17596.3,15561,74107.6,729,685,69745.6,10587.4,3906.57,1569.18,979.852,-131.545,452.617,8.56844
13077.2,10920,78482.6,948.75,856,72637,3598.02,3692.3,1244.99,1099.39,209.337,457.377,8.58915
20830.3,18088,75471.7,795.75,712,73244.8,1705.63,5170.91,8163.14,2196.94,-132.341,436.134,8.6368
15659.8,13873,73976.9,773.25,709,71474.9,22603.9,3537.27,1258.36,965.67,211.368,729.925,8.66994
22322.5,19481,75095.2,691.5,637,71143.1,856.667,3540.91,4168.25,2434.47,456.315,509.754,8.69065
15506,13692,74218.8,756.75,652,76065,278.076,4336.74,2931.4,1806.55,327.9,148.533,8.69894
7387.38,6086,79549.7,564,518,71355.8,2545.07,3007.78,1420.09,218.813,228.231,611.364,8.7093
6152.52,5065,79607.4,525,393,87548.1,1124.72,271.335,348.673,-197.568,486.656,125.101,8.71137
18439.7,14540,83113.3,963.75,840,75190.9,338.338,5376,3420.73,2111.47,359.904,803.932,8.73415
24613.4,22168,72765.4,665.25,604,72181.8,1028.28,4372.18,1703.52,1002.65,-157.09,526.271,8.7414
15708,13816,74510.7,521.25,476,71766,357.536,3039.45,244.013,581.319,-81.6879,425.334,8.78076
21658.6,17855,79496.8,668.25,571,76697.8,416.768,1098.44,3507.41,624.686,632.273,-219.109,8.84187
14557,12489,76387.6,684,605,74093.6,1435.95,3464.46,1884.62,632.835,627.292,467.028,8.84808
9964.68,8826,73991.1,606.75,542,73365.2,-75.5878,4070.44,6890.48,1357.45,99.2996,279.83,8.8574
14671.1,12592,76357,825.75,720,75161.6,3202.64,4377.36,388.135,963.869,560.888,542.711,8.86258
15461.2,14000,72375.9,684.75,624,71916.3,1136.74,672.564,525.216,579.714,727.303,143.403,8.9299
19173,16185,77635,953.25,861,72557.7,392.363,5443.04,3422.21,1551.11,106.254,785.808,8.94751
13928,11796,77380.8,935.25,820,74747,3134.57,3865.94,2603.68,780.07,38.2048,370.541,8.94855
23163.4,20784,73038.6,731.25,656,73053.7,884.614,3342.78,658.093,861.481,-60.1067,590.467,8.9589
23760.7,21497,72437,600.75,589,66843.4,6258.71,2936.38,1190.45,348.499,703.89,659.769,9.0024
26544.5,21342,81511.7,426.75,410,68213.4,617.585,4435.59,3510.83,555.287,702.899,476.177,9.00344
10137.6,8208,80942.7,516,468,72257.6,45.5477,4158.53,6338.98,971.241,-99.6602,270.362,9.0169
22804.3,20191,74018.3,663,639,67997.4,148.149,5082.99,3309.07,1442.73,-260.526,746.957,9.1039
16214.9,13840,76781.7,603,544,72643.8,298.106,4133.51,1757.91,2372.68,258.173,290.63,9.11219
16855.7,14985,73717.6,625.5,569,72043.5,667.842,3433.53,1988.71,998.735,209.191,832.326,9.12358
21042.1,17832,77333.8,771,684,73871.7,6178.32,6116.3,1924.57,2985.88,713.122,671.945,9.1298
19986.8,16796,77986.1,927.75,840,72382.2,257.079,4685.97,3510.43,2635.55,100.359,293.334,9.14637
23201.6,21032,72296.6,502.5,472,69770.9,6227.94,2929.4,954.141,1004.38,729.108,440.504,9.16812
34351,28992,77650,518.25,452,75141.7,3567.13,6981.06,4602.66,329.665,176.142,336.638,9.1764
32479.9,26017,81815.9,825,753,71802.4,128.506,6746.79,5638.37,1821.09,522.45,267.621,9.18469
19910.9,17332,75287.3,771,688,73442.2,1379.17,4113.12,2356.51,1095.54,401.774,663.202,9.18883
25481.9,21389,78076.8,837,745,73629,334.612,6898.08,5151.54,1059.77,525.307,252.573,9.19608
13434.3,11741,74987.7,800.25,761,68916.1,1465.93,2708.21,1131.48,362.085,159.694,353.407,9.23751
28587.2,18089,103571,1148.25,973,77339.9,2569.11,6710.13,4252.01,2459.69,540.712,685.135,9.28515
12946.6,10596,80074.2,699,624,73412.9,526.731,3800.96,3408.58,1405.27,286.98,348.848,9.30897
20923.3,18309,74893.8,645.75,581,72839.7,10318.5,3918.61,1594.95,1353.86,628.818,616.092,9.31208
19714.9,17368,74391.6,645,568,74420.3,13707.3,3645.55,1694.95,1267.8,466.458,818.141,9.34004
18080,15517,76361,783.75,701,73272.2,1125.58,4734.82,1244,895.718,264.678,668.122,9.3649
18881.9,17039,72624.4,534.75,491,71375.5,1359.2,905.537,141.264,41.4818,372.248,245.693,9.40012
16007,13425,78140.3,506.25,485,68407.4,669.799,2967.64,2556.71,948.035,157.415,528.339,9.40736
17536.9,15162,75801.1,871.5,794,71932.8,2946.34,3497.56,929.853,746.603,657.114,508.732,9.4084
20153.1,17976,73473.2,646.5,600,70615,3006.55,4296.73,1037.53,1051.83,285.818,601.278,9.41669
13447.5,11485,76734.5,690.75,617,73369.5,1355.24,4255.5,1747.42,1612.23,87.1138,551.594,9.4374
24160.6,21687,73011,652.5,627,68201.3,161.55,4323.21,1595.76,1510.23,-38.8779,476.942,9.46537
16586.5,13621,79804,851.25,757,73695.5,2633.99,5527.02,3793.04,1498.38,658.519,901.871,9.49229
14690.3,10105,95273.8,993,745,87352,2462.02,5171.25,2660.01,2062.47,352.248,310.699,9.58447
15832.1,13484,76948.3,762,700,71340.6,8043.77,4046.62,1423.97,1146.1,233.997,432.276,9.5969
20415.8,17168,77933.9,882.75,804,71955.1,4037.81,5089.81,2029.75,1532.73,421.658,914.482,9.6114
9446.58,7692,80485.1,698.25,620,73807.3,11445.3,5148.4,1312.96,337.323,-93.9397,741.213,9.61451
22694.8,20017,74303,772.5,705,71810.7,-83.4856,5863.51,7024.21,2932.97,498.553,361.266,9.66422
14909.4,11260,86776.4,759,684,72722,807.6,5145.09,1039.89,1122.01,335.077,496.208,9.72222
22129.8,19921,72802.5,625.5,565,72553.6,1341.88,3854.33,1619.83,599.813,263.857,728.553,9.80094
18747.3,16102,76302.5,870,770,74047.2,1740.94,4364.26,1849.2,1554.85,359.293,1298.37,9.81544
21225.6,18745,74208.6,528.75,521,66510.9,3850.95,3916.1,2382.13,1632.32,-169.48,548.79,9.87965
21709.4,17781,80015,894,773,75794.5,131.835,4620.3,2678.08,2327.8,378.525,723.795,9.92626
22992.4,20868,72207.8,593.25,528,73634.9,1547.94,3028.19,1409.52,1272.21,583.624,536.065,9.94283
16870.9,14568,75896,667.5,616,71015.1,910.022,4700.09,2128.71,2824.57,21.3683,765.178,9.98736
18355.3,15534,77438.5,708,612,75816.2,1807.64,3964.45,848.236,983.55,163.019,948.922,9.98736
16494.1,14173,76268.6,880.5,777,74265.7,84.1692,6131.34,3345.87,1826.46,-35.1946,912.386,10.0008
15296.8,12652,79235.9,843.75,776,71257.7,-13.5248,5599.49,10384.5,1502.79,-3.69873,-66.8331,10.034
15364.1,13637,73836.2,652.5,593,72111.7,1276.63,3505.67,1532.26,805.846,149.948,618.703,10.0692
10593,9001,77127.3,435,413,69027,712.642,2643.54,1930.93,503.859,181.597,191.374,10.1054
11234.5,9525,77298.2,807,709,74594.6,2754.59,4397.12,2561.38,565.804,157.822,848.276,10.1085
14586.7,12661,75503.6,807,757,69864.7,647.584,898.666,622.441,652.583,790.422,-236.502,10.1676
18201.5,15204,78456.5,800.25,708,74075.1,212.316,4557.53,3370.82,1764.92,45.2951,542.641,10.1924
20511.5,18393,73084.4,627.75,601,68453,269.53,3610.04,2460.01,1854.7,222.137,531.072,10.1976
14440.8,12984,72889.1,512.25,472,71124.6,12369.5,2935.48,1652.16,527.128,-20.6884,538.336,10.2163
14407.1,11791,80076.9,733.5,667,72069.9,3057.32,5144.7,1737.85,710.885,659.876,710.883,10.2618
13683.8,10915,82160.3,1221.75,1047,76474.3,489.58,5951.61,4005.82,1581.45,164.937,525.406,10.2774
17596.9,16029,71946.6,626.25,601,68289.4,785.747,1174.64,653.021,402.367,583.238,158.331,10.3188
26197.4,19548,87828.5,834,744,73463.7,312.908,8237.43,4438.44,5277.67,-74.1776,1667.73,10.3385
9599.7,7888,79757.3,751.5,656,75076.7,98.5706,3472.59,4274.99,1104.14,409.034,128.273,10.3581
13543.9,9612,92344,763.5,588,85096.5,19652,4422.07,2039.38,783.221,153.983,371.112,10.3768
19253.5,17234,73215.7,695.25,658,69246.1,1609,3231.8,1139.43,755.62,375.295,563.857,10.3913
24481.4,21241,75533.7,834.75,761,71887.2,5689.1,3487.46,2227.3,1948.41,180.99,759.696,10.3996
13976.2,11495,79681.7,827.25,759,71429.1,3006.36,4605.32,1713.33,1282.92,467.579,437.305,10.4089
11522.3,9460,79822.9,789.75,708,73103.2,431.784,5584.33,2923.01,1072.36,689.047,741.7,10.4141
11820.6,7757,99867.8,994.5,829,78619.5,418.623,5695.56,2135.65,2451.73,-89.655,910.211,10.4203
10662.3,8024,87084.3,1082.25,952,74502.5,881.907,4108.31,2766.25,1886.52,629.486,496.95,10.4804
23630,20808,74424,665.25,620,70319.1,3017.21,3468.59,392.829,1139.17,665.883,736.332,10.6036
16137.7,12528,84418.7,1169.25,1044,73398.4,-151.259,7178.86,14922.5,5395.16,-643.434,434.734,10.6109
18363.8,16108,74714,669,620,70715.5,631.414,4182.02,1464.86,1529.18,83.1549,624.782,10.6285
27735.2,23984,75786.1,588,564,68324.8,859.904,4167.84,2051.2,2183.22,387.904,507.933,10.6533
13018.5,11937,71473.6,448.5,449,65463,261.836,642.534,191.673,116.426,740.258,-25.7697,10.6554
17378.5,13925,81789.2,511.5,449,74658.5,-22.4905,6936.18,2005.32,1047.51,220.392,410.487,10.6823
17449.7,14986,76310.3,736.5,702,68756.8,5755.66,3606.54,1917.31,604.363,26.906,888.405,10.7144
21049.4,17437,79112.9,647.25,621,68306.2,372.038,5104.84,6613.91,1146.25,-89.5102,395.059,10.7351
28184,23366,79049.3,402.75,390,67678.5,402.453,6013.07,2144.77,1827.51,529.507,254.499,10.7424
35608.3,27462,84976.6,657.75,594,72569.5,83.6555,7487.76,5525.79,3206.3,148.614,1275.01,10.7548
15921.2,13675,76300.6,685.5,639,70305,952.732,3733.69,4899.92,1613.59,-7.99823,486.335,10.7766
53175.5,39825,87505.6,1218.75,1061,75279.9,-5635.41,9056.38,16124.1,253997,-4119.11,6948.58,10.8045
10614.8,8508,81764.2,1088.25,1016,70196.4,1505.85,3660.59,2368.79,1368.95,297.024,349.825,10.8449
15729.8,13976,73759.8,333,328,66535,325.034,3140.2,1175.06,510.225,12.7852,681.367,10.846
23358.1,19689,77748.7,720,633,74543.3,274.969,5971.99,1849.71,2291.69,-36.6244,664.076,10.8605
13259.4,10808,80400.5,784.5,700,73447.1,1171.44,5351.26,1468,1144.96,214.884,297.382,10.8729
14076.5,11796,78205.9,777.75,708,71992.4,2747.22,3686.51,1458.27,587.504,167.899,299.984,10.8884
25944.6,20779,81828.1,895.5,799,73451.2,1156.96,5869.34,895.745,2026.5,-54.3632,393.565,10.9526
16311.2,14728,72581,566.25,536,69234.6,828.117,3060.64,1060.5,397.285,28.2627,382.205,11.0231
11237.8,9636,76430.2,456,448,66706.3,940.142,1325.9,2056.93,1288.51,479.084,365.31,11.0738
14349.1,12261,76696.8,694.5,641,71005.9,4612.57,3409.21,861.283,1001.36,134.049,725.389,11.078
12821.2,9264,90700.3,1211.25,1012,78439.2,118.629,6022.61,5101.28,2615.95,240.259,1100.48,11.0883
7962.24,6329,82448,905.25,813,72972.3,1216.12,3364.47,988.012,706.978,444.92,547.847,11.1049
10849.7,9365,75926.2,450,433,68109,7258.68,2906.32,799.255,549.471,525.407,441.245,11.1287
21383.3,18628,75229.7,688.5,608,74213.1,832.931,4241.12,1718.46,704.344,665.549,693.939,11.1329
16383.2,14325,74952.1,642,597,70475.9,338.566,3718.63,1457.2,1619.46,93.5421,243.348,11.1556
15371.4,12861,78328.3,747.75,685,71539.5,2756.44,5045.97,1728.45,2855.65,152.259,1005.14,11.1867
15069.1,12072,81806.6,943.5,856,72235.1,1309.28,5431.83,1452.63,1986.87,223.552,932.708,11.2199
10047.8,6997,94111.1,658.5,561,76925.9,3380.14,3127.2,1880.91,1548.28,705.087,167.75,11.2561
10613.5,8208,84742.2,870,740,77049.1,166.136,3326.96,3784.26,855.293,171.011,743.753,11.2561
26609.2,23752,73419.6,406.5,396,67273.7,2032.49,3237.84,738.991,1751.2,248.433,56.3927,11.2986
15157.6,11720,84758.2,915.75,760,78966.6,5335.27,5208.09,2150.16,2445.23,484.23,1424.8,11.3079
18876.7,15521,79705,1038.75,897,75892.4,1020.85,5877.5,3805.96,2957.02,199.683,409.558,11.3628
24933.5,21957,74420,559.5,497,73777.4,2257.53,4129.42,1715.1,709.368,89.1323,310.929,11.3876
16929.7,13545,81912.3,1113,985,74052.4,283.062,5371.62,3623.69,827.254,550.004,414.833,11.4674
16350.8,14425,74285.5,669,637,68828.2,2948,3676.93,1967.87,1126.51,75.8579,435.435,11.4778
21673.7,19274,73695.7,579,554,68493.4,1313.74,3322.03,1411.01,534.519,-42.0361,356.491,11.4819
18099.8,16212,73167.5,666,640,68198.4,193.911,1401.32,1136.23,912.128,656.792,205.04,11.5016
22010.3,18120,79606.5,928.5,860,70756,67.4571,6273.26,4562.13,2860.88,78.352,1060.43,11.5036
17971.8,15761,74728.8,538.5,501,70441.4,1419.17,4389.13,5001.48,2328.62,214.54,373.677,11.5171
21758.9,18680,76337.8,840,760,72434.5,126.04,5381.44,1760.21,1686.69,549.754,1113.13,11.5606
22822.1,20023,74697.7,543.75,499,71413.2,325.558,3981.64,2500.94,1696.39,-158.644,609.405,11.5938
16862.3,14493,76249.9,656.25,601,71560.7,3184.92,3598.57,565.234,684.023,301.022,61.7679,11.6165
21462.5,18020,78056,1005.75,868,75936.4,1128.03,5949.86,2438.48,2693.16,685.058,997.721,11.6694
13968.9,11316,80900.1,1032.75,900,75202.6,649.006,5555.67,2659.22,2157.76,552.82,459.299,11.6911
19456.8,15981,79789.8,774.75,685,74122.7,-41.2017,5066.48,3082.5,4524.48,217.773,374.749,11.7066
20376.8,17487,76366.2,597,495,79040.4,19439.2,4095.57,772.01,880.953,691.509,484.814,11.716
18185.6,14441,82529.9,975.75,873,73249.4,36.4532,6225.77,4746.69,1651.67,81.9521,538.844,11.718
17612.1,15693,73550.4,522,505,67742.2,7328.72,3524.92,533.964,911.566,178.895,589.098,11.7232
13902.2,11766,77434.7,843,754,73271.7,5069.04,3980.33,1115.18,1415.79,499.819,514.29,11.7253
16369.3,14873,72129.4,643.5,621,67910.5,2188.21,1197.79,-154.691,187.788,790.672,207.438,11.775
20864.6,18640,73357.4,542.25,512,69408,6291.72,3169.28,1013.49,1050.39,600.155,570.185,11.7926
14525.9,11698,81379,1141.5,994,75260.9,817.126,4489.16,1557.96,428.365,28.3919,249.549,11.7968
20513.5,18500,72668.7,557.25,548,66642.2,1564.33,4163.44,5543.3,270.543,226.117,440.067,11.8092
24239.2,22160,71684.9,522,500,68419.6,4176.13,2949.15,1435.72,859.628,503.57,556.889,11.8185
20066,14976,87810.1,1153.5,1012,74699.4,107.271,6143.74,3904.13,2970.74,380.457,715.447,11.8278
23235.3,20636,73790.9,684.75,632,71006,2985.19,3795.52,1260.27,1250.71,200.359,542.448,11.8941
21735.8,19848,71769.3,652.5,636,67236.2,973.128,3798.25,602.634,508.772,444.148,709.144,11.9024
15765.4,13285,77772.1,803.25,661,79639.6,520.186,3608.52,1855.33,1802.88,239.843,215.545,12.0329
14432.9,12070,78365.6,644.25,578,73047.7,2693.46,2941.44,1577.27,1107.43,741.938,427.104,12.0764
27151.7,24757,71875.3,301.5,305,64783.9,407.584,5803.62,1222.04,330.556,150.847,-1.30691,12.1158
13844.8,11804,76866.7,869.25,796,71566.8,1297.08,4896.86,2455.28,1200.39,172.825,590.64,12.1385
18875.3,17060,72509.6,571.5,532,70401.9,2556.16,3654.73,1004.38,2101.74,214.053,522.115,12.1634
16350.8,14068,76170.6,882.75,804,71955.1,1342.7,3675.91,2251.01,1397.73,467.182,654.639,12.1883
15989.8,13741,76261.5,646.5,617,68669.4,425.364,4111.81,1609.05,1205.25,-44.5074,558.152,12.1893
22859.1,19537,76679.8,704.25,625,73846,22.834,5151.78,2838.74,3092.88,307.731,614.683,12.1903
22282.9,19109,76421.2,861,789,71516.5,563.183,4777.68,1522.35,1679.2,207.941,810.51,12.2255
21511.4,18125,77780.4,878.25,781,73696.5,173.814,6437.38,3534.48,2676.35,-113.81,997.202,12.2721
12241.7,10221,78492.4,560.25,525,69936.3,-19221.1,1672.65,5965.04,232455,157403,3798.33,12.2825
34015.7,26701,83489.6,1211.25,1069,74256.8,1041.65,8475.6,3915.17,2935.26,580.05,994.097,12.2866
12876.6,10878,77576.8,596.25,526,74288.7,5613.74,3067.72,1387.74,921.831,229.591,128.266,12.3177
14900.8,12629,77325.2,698.25,661,69229.2,675.011,3915.49,2364.6,1327.74,148.441,697.08,12.3415
21158.3,18348,75573.9,349.5,332,68990.5,2273.23,4018.55,2546.23,2018.1,76.0184,690.352,12.3633
17554,14613,78725.8,600.75,549,71713.6,1246.33,5766.99,1777.76,423.153,595.437,576.833,12.3799
21310.1,19148,72935.9,592.5,568,68362.8,2952.06,3541.25,1208.6,1975.43,528.351,466.048,12.3799
23221.4,21109,72094.4,447.75,417,70368.7,230.948,3674.13,1136.36,1194.44,161.995,356.205,12.3799
14702.2,13012,74048.6,526.5,500,69009.4,257.265,2205.24,886.221,102.767,-39.9824,164.881,12.5041
29038,23224,81942.6,1196.25,1068,73405.8,-814.731,40907.6,15446.1,3270.36,-1618.73,786.585,12.5124
17539.5,15296,75148.3,822.75,752,71701.8,1402.62,3409.35,1326.74,1881.67,398.332,451.346,12.5217
19336.7,17244,73489.3,501.75,456,72111.2,1699.8,3372.15,343.936,809.924,694.489,507.953,12.528
22657.8,20357,72943.1,671.25,597,73686.8,625.283,4190.59,2432.88,1290.55,101.544,361.714,12.5663
30470.2,21361,93483.3,755.25,657,75336.5,5236.16,2406.85,4913.15,3536.31,-56.8293,1309,12.5777
24198.9,19692,80535.2,843,728,75888.5,1449.46,5655.16,1988.62,2995.12,222.381,936.877,12.5849
14749.7,12175,79395.1,759,687,72404.4,4811.71,5189.08,790.645,1657.28,345.484,840.256,12.6129
17497.9,15184,75523.2,808.5,752,70459.9,731.152,4709.57,2480.45,1005.54,-74.6516,642.706,12.7051
15421.6,13575,74450.6,633.75,595,69804.1,189.873,3137.06,1288.23,673.023,606.338,88.8788,12.7279
20189.4,18247,72512.3,670.5,611,71918,1629.69,3681.02,407.565,1704.99,221.617,316.052,12.7548
14402.5,12193,77411.9,869.25,769,74079.5,4611.75,5939.74,1998.09,2038.73,273.477,830.779,12.8086
6500.34,5707,74646.3,596.25,575,67958,309.03,883.983,999.26,608.945,497.331,220.055,12.8242
18218,15141,78854.3,645,613,68957.1,-116.881,10636.8,4611.02,2124.46,208.743,262.45,12.8791
21205.1,19132,72637.5,641.25,568,73987.6,863.709,3353.41,1325.58,729.392,-2.75134,347.778,12.8801
18596.8,16508,73828.5,672,636,69245.6,320.762,4415.75,740.994,1670.01,350.595,739.129,12.9101
18560.5,15981,76114.3,536.25,509,69044.6,1534.73,3569.92,-72.0353,1378.41,207.435,529.038,12.9474
17515.7,15166,75689.8,866.25,798,71141.1,2189.59,3942.1,1755.6,1430.62,547.336,605.99,12.9899
12478.6,10420,78483.6,771,704,71773.1,2478.43,4397.23,559.196,340.994,347.107,477.249,13.023
35295.5,30428,76019.6,873,744,76899.1,143678,-3513.4,59908.6,253224,235341,84213.2,13.0324
13537.9,9883,89772.5,757.5,667,74428.1,271.131,5314.56,4052.86,1490.58,713.725,409.268,13.0469
22332.4,18996,77046.6,742.5,660,73728,-157.76,6585.07,10897.5,2511.36,235.068,317.76,13.0696
15966.7,13756,76068.3,812.25,732,72720.8,495.111,5024.49,2279.35,2727.08,345.897,632.18,13.0748
21037.5,19225,71714.6,606,541,73410,5739.8,2960.38,1331.55,1123.19,148.078,460.842,13.0769
12520.2,9408,87215.5,842.25,724,76239.9,418.455,5754.63,2939.04,2095.55,-121.395,641.605,13.0893
10095.4,7920,83536.6,641.25,548,76687.9,9931.44,4189.42,1439.6,854.333,628.071,784.731,13.0904
16932.3,14372,77210.9,855,772,72582,746.643,4543.67,1336.67,1153.67,40.6342,733.108,13.0986
21399.2,18143,77298,828,767,70748.1,2160.8,3950.04,1434.6,1937.69,571.089,324.323,13.2032
7761.6,5744,88555.8,876.75,768,74816,1689.44,4184.75,2190.73,80.4876,519.374,472.75,13.2747
26049.5,22005,77581.6,832.5,773,70580.5,135.712,7214.68,3515.12,2957.16,58.2969,608.605,13.2954
21391.3,19294,72659.8,696,634,71944.9,2811.57,3137.55,1522.53,831.567,602.822,703.189,13.3182
23931.6,21231,73872.2,419.25,395,69559.4,1908.27,2959.85,1354.66,1417.97,44.7986,424.438,13.3286
10242.5,8049,83396.1,608.25,565,70552.7,242.802,4310.66,3603.08,2226.44,-297.859,837.66,13.3441
18070.8,15961,74198.9,609.75,585,68308.7,126.268,4196.77,3036.92,2831.46,-114.691,832.766,13.3627
9544.26,7835,79833.1,553.5,523,69357.9,486.151,3317.39,1083.88,1623.88,156.9,132.129,13.3679
25093.9,22023,74674.3,606.75,579,68677,7088.44,3528.77,804.348,1018.4,313.727,735.682,13.3741
16625.4,13877,78515.7,941.25,837,73698.6,262.187,5637.03,1939.8,1100.52,455.469,761.56,13.4073
19930,18280,71451.5,520.5,504,67681.5,1104.06,547.97,484.309,235.286,578.24,-88.0806,13.4156
21152.3,18192,76200.5,661.5,592,73229.8,34.2247,5932.15,2294.07,2532.35,565.556,372.813,13.4228
15065.2,12647,78066.8,1013.25,900,73782.6,5632.11,6113.92,2190.96,2420.86,430.831,1346.83,13.4363
13051.5,9610,89005.5,617.25,574,70474,117.32,5667.59,2009.84,2302.52,218.52,103.666,13.4394
35618.9,25873,90222.2,1092,949,75411.3,804.327,6062.85,8840.95,5297.55,20.217,611.233,13.4435
20407.2,18069,74016.6,654.75,645,66526.7,-29.126,4947.1,6574.75,1081.09,528.965,294.48,13.4601
18782.9,16461,74780.3,639.75,601,69761.5,3197.97,3792.6,2347.28,926.057,229.477,835.851,13.4725
21110.8,19248,71878.4,563.25,500,73826.3,5258.05,3787.03,1239.16,778.616,545.806,251.396,13.5222
20037.6,17688,74241.5,696,680,67078,528.079,1882.75,1905.97,541.084,724.362,-48.858,13.5771
12053.6,10088,78305.3,864.75,748,75765,1389.3,4575,1600.69,722.395,-4.15839,677.727,13.5834
20467.9,18633,71989.8,462,429,70577.2,26460.5,2014.1,397.986,632.751,-182.025,890.956,13.6165
11016.1,8126,88844.3,636,554,75236.3,317.545,4590.79,1443.31,1825.37,201.895,489.398,13.6382
18323.6,16253,73885.1,656.25,633,67943.1,174.797,4343.56,3065.64,1206.14,339.091,566.153,13.6393
9637.32,7824,80724.9,1069.5,944,74248.7,751.713,4843.44,1106.08,1951.21,16.7914,479.246,13.7408
19825.1,16271,79851,1062.75,959,72626,119.774,6348.26,7927.32,4628.46,161.446,525.741,13.7553
14381.4,12829,73466.3,580.5,553,68795,334.657,1567.07,924.897,614.569,477.901,-113.603,13.7605
16223.5,13036,81560.4,1074.75,968,72763.2,1617.95,4008.17,1961.98,1638.08,157.196,876.739,13.8154
22335.7,16254,90057.5,1374.75,1166,77269,-31241.4,1257.7,1297.86,13550.9,262439,1137.49,13.8195
18881.9,17020,72705.5,294,300,64225.3,269.405,2416.05,547.376,837.738,328.772,-233.068,13.8671
20897.6,18199,75253.8,684.75,599,74917.8,1618.49,3521.08,1206.08,1724.63,720.035,483.871,13.9365
18188.3,15741,75725,844.5,765,72346.6,2331.95,4742.76,1659.11,632.94,127.995,556.749,13.9417
18826.5,15126,81569.1,876.75,774,74236,486.739,5668.21,1241.19,1494.24,111.341,776.699,13.9831
24761.9,22293,72793.9,526.5,481,71735.4,4298.71,3779.25,913.149,481.849,320.78,416.439,13.9852
8018.34,6049,86872.2,894.75,789,74319.8,634.859,5082.2,3954.93,2372.82,347.305,564.782,14.0204
23864.3,21320,73356.9,567,540,68812.8,3036.74,3172.34,733.678,304.658,777.535,740.695,14.0422
19684.5,15345,84069.3,894,785,74635.9,100.096,4333.44,2521.49,1841.76,379.242,346.288,14.1054
23096.7,20260,74712,820.5,768,70016,104.877,3653.05,4264.12,1023.19,30.0598,391.701,14.1344
18140.8,16160,73568.9,708,644,72048.9,221.62,2923.02,2039.07,512.639,357.645,362.315,14.2131
24321.7,20401,78130.7,599.25,549,71534.5,3550.67,3817.86,1931.56,3540.69,311.091,724.176,14.2835
14061.3,11840,77831.2,809.25,740,71668.9,832.341,4653.38,3752.95,687.583,574.456,694.297,14.3011
17290.7,13805,82083.5,787.5,697,74045.3,663.115,4054.45,745.61,684.084,586.719,464.66,14.3115
21096.2,18203,75952.5,821.25,751,71666.4,317.525,5202.4,2515.65,1563.01,223.363,340.853,14.3218
25260.8,19151,86444.3,1039.5,927,73489.4,473.964,7075.69,10447.2,1785.81,135.575,671.945,14.3374
22419.5,19272,76239.5,412.5,380,71141.1,773.734,5407.5,3716.51,923.872,-207.2,383.604,14.3529
20821,17841,76482.6,849,773,71979.4,2157.38,4846.36,2143.64,1494.14,518.225,973.971,14.4523
14036.9,10712,85877.6,868.5,760,74892.1,609.771,4421.57,2905.86,1059.36,82.4143,857.395,14.5082
18373.1,16248,74107.5,772.5,680,74450.8,965.947,3245.34,1544.72,881.16,663.635,440.217,14.5207
15317.9,13224,75913.2,530.25,488,71210,38.8999,3592.09,2913.17,1099.33,728.799,293.235,14.6149
17608.1,15122,76310.5,904.5,838,70736.7,1639.03,5012.29,3189.17,1195.17,695.396,968.059,14.6242
19013.9,16541,75333.9,726,649,73311.5,3109.95,5605.77,2776.66,578.04,471.21,943.616,14.6729
14649.4,10065,95386,1224.75,977,82154.8,76.4631,10311.7,9373.59,6120.05,-420.858,841.098,14.7019
31322.9,27437,74818,474.75,441,70551.5,1822.89,3273.32,4937.22,1157.22,254.374,749.825,14.7061
24237.2,21629,73438.8,606.75,569,69883.9,815.919,4614.88,1973.88,2784.54,15.3543,383.55,14.7309
19706.9,17624,73281.6,629.25,600,68730.9,1209.01,4031.42,1719.62,1101.51,372.209,121.938,14.763
14775.4,11088,87330.6,807,720,73454.9,68.0981,6070.56,8296.42,1795.05,114.421,728.251,14.8314
24557.3,21157,76068.7,565.5,517,71684,598.269,3494.11,6458.24,1365.62,673.116,483.088,14.8345
26909.5,19841,88883.8,833.25,721,75739.1,1820.01,9053.09,5584.28,4168.78,55.9161,1497.13,14.8542
16903.9,14232,77839.8,696,668,68283,713.917,3757.18,785.863,1349.21,-57.9874,818.862,14.8966
24005.5,19708,79826.8,737.25,684,70638,1872.52,4993.43,1283.12,1985.86,-291.251,939.886,14.8997
16299.4,13437,79496.5,650.25,573,74371.4,2777.26,4126.25,1677.04,1172.76,638.792,279.064,14.9256
19380.9,16576,76625.6,677.25,608,73000.4,1485.22,3160.86,1393.13,1524.57,181.237,742.765,15.0323
17471.5,14284,80160.6,754.5,712,69447.9,5824.02,5737.1,1329.23,912.215,452.752,499.317,15.0779
16108.6,14656,72031.6,585.75,560,68549.5,752.815,682.849,169.31,-184.638,537.347,228.321,15.1203
13475.2,11388,77547.6,804.75,728,72445.2,6401.94,4463.79,1851.21,1144.01,313.592,342.506,15.1348
14559.6,12657,75387.4,466.5,321,95241.6,947.482,348.309,401.401,69.2063,761.506,63.8036,15.138
19730.7,17357,74498.5,819,717,74859.1,866.409,4400.72,1913.69,884.858,402.002,735.457,15.1462
15162.2,12694,78278.6,921.75,837,72171.8,782.83,6335.92,2781.17,1904.87,140.998,257.891,15.1783
17263.6,15265,74116.5,768,677,74345.1,618.914,1285.22,1148.1,823.88,742.189,76.0862,15.1856
16104,14317,73716,717.75,665,70734.5,665.005,4657.76,3092.14,1956.43,292.216,145.661,15.1877
27476.5,18744,96067.9,818.25,684,78398.9,115.844,6949.87,8852.77,2568.43,458.053,396.392,15.3513
23169.3,20265,74928.4,761.25,701,71168.7,2762.56,4213.2,3333.24,842.472,600.622,439.024,15.3886
22329.1,19684,74342.7,796.5,692,75432.7,1204.7,3798.27,3613.47,2709.13,21.7248,143.48,15.4083
22202.4,19169,75906.8,773.25,689,73549.7,2903.01,3588.56,885.726,2421.12,710.911,792.445,15.4145
17154.7,14176,79306.7,972.75,864,73784.9,2636.02,3989.89,1925.94,1316.82,722.974,898.542,15.4559
22010.3,19548,73791.2,486.75,492,64836.7,2974.99,2925.96,1480.35,1703.02,433.058,226.702,15.5367
18136.1,14760,80526.4,1033.5,872,77673.7,398.079,5777.15,3571.59,2786.89,-139.183,1284.47,15.6113
15858.5,12625,82320.9,762.75,661,75624.2,10303.5,4175.62,1240.22,1822.5,210.672,1087.29,15.6144
18185,16037,74313.8,681,625,71408,4010.36,3350.57,919.877,460.476,349.108,137.203,15.6196
15462.5,13369,75798.4,706.5,653,70905.3,885.182,3070.15,1343.39,822.673,227.104,479.148,15.6651
15392.5,12462,80947.2,814.5,746,71553.7,13454.1,6000.17,2558.46,1020.15,340.482,741.138,15.6745
17426,15545,73466,561,521,70567.6,508.432,3180.82,1595.17,1153.01,383.314,181.333,15.6796
15783.9,13876,74547,652.5,608,70332.6,1247.4,4424,1528.68,538.523,243.789,482.51,15.7791
13153.8,11909,72386.2,605.25,533,74419.6,339.346,679.641,-17.353,791.06,595.607,499.413,15.8578
10449.8,8384,81683.8,595.5,564,69196.3,2627.87,3258.81,579.988,779.797,103.94,527.384,15.864
11908.4,10009,77972.6,810,729,72817.8,-1910.33,3612.69,2771.48,100236,-2200.01,2491.1,16.0007
15640.7,12401,82656.9,826.5,721,75125.5,935.121,3884.85,1727.52,577.831,673.635,700.088,16.0131
9488.16,7665,81124.1,572.25,529,70894.1,4874.93,3428.54,486.48,634.905,510.07,553.458,16.0504
12674.6,10308,80582.6,927.75,788,77158.7,160464,-1170.5,90038.9,253046,231129,97681.8,16.067
22247.3,19476,74861.2,702,656,70131.5,1917.8,4346.78,1436.4,1174.62,133.753,707.204,16.1364
15614.3,13200,77522.5,653.25,596,71831.2,1348.11,2869.37,2195.99,552.436,613.349,241.651,16.1695
17659.6,15161,76336.7,758.25,697,71295.1,287.363,4232.56,1502.23,1358.84,191.921,442.692,16.182
19970.3,17388,75268.7,813,764,69739.2,372.166,4883.33,2764.66,1759.59,175.016,243.254,16.2223
16147.6,13749,76969,803.25,725,72609.4,799.137,4448.19,2109.52,1202.21,418.256,295.266,16.2721
38598.8,31814,79512.5,675,637,69445.5,634.722,5214.45,2448.9,2462.55,-102.423,349.851,16.3404
14434.9,10661,88734.9,1049.25,917,74987.6,1481.01,7688.26,8761.49,3125.12,506.524,999.336,16.4709
22372.7,18704,78390.5,700.5,612,75013,169.681,5482.32,2548.32,2236.55,-40.9868,471.735,16.4751
16180.6,13996,75765.2,615.75,572,70548.6,1352.97,4470.79,8284.34,1837.29,43.2449,704.08,16.5341
17323.7,15097,75202,812.25,717,74242.1,516.698,4281.38,1244.43,1608.84,192.879,668.095,16.5766
10697.3,8668,80878.7,615,572,70462.7,4649.6,2594.44,1799.8,1227.09,-74.9776,197.715,16.589
22756.8,20312,73424.1,751.5,700,70357.6,170.706,4319.89,2173.07,1917.9,-31.4685,260.266,16.6097
14863.9,12688,76774.7,510,468,71417.4,270.998,2814.85,1133.9,1185.09,234.019,446.735,16.6138
9407.64,7775,79297.6,567,475,78229.3,13725.6,3942.68,914.175,453.611,566.068,757.225,16.677
8672.4,7192,79025.9,591,536,72260.8,84.9691,3150.48,2624.57,-12.1239,108.138,207.707,16.7257
23869.6,19913,78557.5,963,873,72292.3,144.124,5297.13,3442.56,2563.75,694.739,515.503,16.7288
28261.2,22717,81530.4,1045.5,953,71897,4703.94,5278.87,777.212,2386.66,172.949,839.099,16.7588
20466.6,18288,73343.1,577.5,548,69063.9,2259.24,3023.42,2210.86,1204.96,130.6,275.396,16.7692
26980.1,23024,76796.8,515.25,468,72152.6,1688.4,4266.44,2322.58,1775.27,202.035,571.46,16.7868
18364.5,16089,74804.9,784.5,733,70140.5,375.328,4333.16,4516.19,1251.85,571.293,135.435,16.7992
15176.7,12592,78988.3,808.5,740,71602.5,3112.38,4367.14,2625.72,1100.17,358.332,611.129,16.8686
34137.2,27153,82392.9,957,865,72506.3,4129.46,6393.42,5992.1,2167.3,409.167,727.9,16.8707
12217.9,10212,78409.1,933.75,804,76112.2,1374.42,5210.95,3072.17,2499.78,687.848,451.273,16.9163
16836.6,14756,74776.6,658.5,628,68718.9,5331.73,4143.36,2020.68,1865.73,205.742,389.33,16.9432
12505,10596,77343.2,637.5,580,72033.1,5321.71,4217.49,1131.09,797.237,0.843536,715.811,16.9846
15589.9,14002,72967.9,681.75,582,76768.3,2282.1,958.164,1952.82,1199.82,762.001,319.459,17.0302
8105.46,6590,80606.9,403.5,382,69224.5,4562.67,2763.36,1410.58,1223.21,708.756,442.669,17.0799
11203.5,10124,72524,485.25,472,67375.7,198.696,990.659,1198.07,1424.71,389.973,561.634,17.1027
13011.2,10338,82482.6,870,774,73664.5,1364.56,4724.8,2078.89,643.333,103.174,447.468,17.1327
23292.1,20980,72758.3,533.25,464,75317,3350.38,2521.62,344.754,375.954,656.909,306.242,17.1845
17135.6,14601,76912.4,830.25,745,73035.2,291.886,5604.85,2825.3,2278.85,140.101,558.645,17.2487
13896.3,12065,75483.5,762.75,737,67825.8,182.536,3431.53,2892.12,-42.3413,499.381,609.543,17.3326
47165.6,33232,93014.1,1198.5,992,79178.3,1335.47,9011.42,3768.61,6932.28,621.418,1522.55,17.3523
13283.2,11552,75357.1,747.75,688,71227.5,3157.66,3105.57,1560.15,1108.26,182.966,733.469,17.3689
20064.7,17337,75846.9,906,793,74874.7,803.249,4561.15,2058.18,1179.39,388.275,799.976,17.3927
16765.3,15245,72071.6,401.25,429,61296.8,26934.5,478.82,-237.871,-153.876,24.1773,33.477,17.4372
24659.6,21353,75684.5,807,761,69497.4,590.372,807.657,1047.95,400.957,626.056,19.5164,17.4414
13873.2,12021,75633.8,1118.25,773,94806.8,-10839.2,-588.664,11375.2,101374,257205,6687.54,17.4952
24646.4,21924,73673.8,688.5,628,71849.6,366.039,4589.33,2451.31,616.749,538.878,509.928,17.5501
10922.3,7124,100478,759.75,640,77798.4,2880.75,3853.03,1036.98,209.849,389.826,614.678,17.5512
11719,10024,76617.5,486,456,69847.6,236.814,3464.23,6053.81,419.561,-94.3873,303.202,17.6537
10275.5,7820,86114.8,807.75,744,71151.5,11006.4,2749.15,1139.13,509.952,113.16,461.058,17.721
24874.7,22533,72346.8,565.5,545,68001.1,2998.64,3643.05,1018.03,1260.57,757.058,600.036,17.7769
19190.2,14984,83932.6,524.25,488,70404.2,569.271,618.959,553.512,352.066,475.073,403.375,17.7821
15899.4,13721,75940.8,903.75,813,72851.4,1353.14,3776.63,3212.7,763.386,723.798,557.344,17.8256
18850.9,16541,74688,829.5,749,72579.6,6655.92,4482.04,4394.98,1610.73,280.36,559.65,17.9085
10497.3,8385,82045.5,804.75,741,71174.2,108.326,4257.4,3241.24,1421.78,-69.3851,587.554,17.9489
18362.5,15201,79166.3,909,805,74002.8,121.663,5004.68,3638.51,2768.3,277.492,886.254,17.9748
11542.7,8318,90943.1,801.75,714,73590.3,2812.93,5598.28,3200.81,986.689,743.068,855.553,17.9779
12978.9,10412,81692.8,1131,1032,71822.9,84.0892,5447.54,7622.04,1816.79,153.544,227.339,18.1177
14754.3,12352,78281.9,965.25,832,76032,1814.53,4123.5,1410.32,1075.81,675.802,213.762,18.1198
21931.1,19857,72381.5,654.75,593,72360.4,4728.3,3369.88,1122.15,376.066,128.026,602.248,18.126
23924.3,21189,73996.2,649.5,581,73262.7,1297.01,3308.89,1509.21,1718.5,161.574,912.196,18.1436
22741.6,20132,74031.1,585,544,70475.3,1617.87,3358.85,1079.92,857.967,296.978,459.286,18.1943
20768.9,16152,84268.8,1037.25,908,74864.8,25397.9,5481.28,1991.96,1666.88,340.971,967.859,18.1985
17839.1,14993,77976.8,689.25,609,74171.9,239.124,6762.32,2685.98,2876.49,349.375,679.112,18.3217
12914.2,9527,88836.6,1074,919,76589.4,616.878,4236.81,1952.65,1837.81,370.463,966.755,18.3217
23383.8,20416,75062.7,723.75,672,70582.9,2935.46,3634.36,1375.64,-440.101,406.102,833.594,18.3373
17786.3,15374,75819.3,692.25,622,72937.8,815.667,3998.38,1573.58,1217.44,421.192,485.938,18.3528
16729,13932,78693.2,921,876,68902.6,772.846,4998.62,2812.48,1290.88,154.319,815.652,18.387
12832.4,9824,85604.9,891.75,788,74164.6,445.377,5965.47,4451.98,2235.83,344.806,582.823,18.4222
13399.3,9804,89569.4,921,680,88762.7,1387.62,4194.21,1390.8,672.004,724.648,689.948,18.4667
21659.2,18416,77077.5,615,564,71462.1,7932.73,4038.9,1482.78,1026.56,74.654,634.983,18.4781
14391.3,12508,75403.6,597.75,572,68486.3,1359.52,3186.46,896.593,772.176,47.4902,266.77,18.4792
25012.7,22128,74079.5,716.25,640,73344,318.153,4220.8,1738.48,2037.13,-70.0617,647.956,18.561
18567.8,15445,78786.5,849.75,769,72417.7,334.551,6052.37,2940.35,1906.97,230.019,680.625,18.5672
12841.6,10708,78594.4,850.5,752,74120.2,2725.91,3555.84,1868.82,397.869,477.13,657.885,18.5952
13848.1,10122,89661.2,606,526,75503.5,1763.9,3490.25,1178.23,1051.52,681.898,430.685,18.6418
15102.1,12655,78208.8,936,843,72766,774.316,5169.04,2259.68,1056,502.379,808.53,18.6998
14240.8,12406,75228.6,642.75,598,70440.2,3032.05,3714.24,1154.37,555.345,457.248,606.78,18.7226
20816.4,18536,73598.6,732.75,700,68602.2,507.88,5241.14,2470.72,891.689,751.339,97.6046,18.7257
22379.3,18225,80474.5,730.5,645,74223.3,17.0581,7108.91,9321.08,1578.05,190.195,488.716,18.7712
18665.5,15966,76616.5,762.75,718,69620.6,179.68,4498.82,2483.1,991.27,121.35,421.441,18.7806
17065,14765,75744.6,629.25,569,72475.4,1361.99,4253.44,1232.36,2038.06,122.991,1143.39,18.7878
9726.42,7625,83597.5,672,585,75282.4,557.529,2592.5,5286.03,-105.759,306.325,521.399,18.8448
10487.4,7798,88138.3,480,418,75256.6,98.7287,6992.79,1646.73,1232.32,102.994,244.273,18.9152
15309.4,12778,78518.9,766.5,682,73655.9,52.3198,3926.77,3567.6,167.48,287.534,781.189,18.9328
25750.6,19291,87480.6,1182,1039,74555.9,1014.64,7686.67,3621.33,2609.52,421.231,848.383,18.968
17247.1,14995,75378.9,705.75,647,71486.9,114.908,5339.56,2494.08,926.228,126.335,340.129,18.9773
10311.8,8635,78262.5,861.75,779,72497.6,2998.34,3403.76,2667.92,2202.96,-3.21902,400.329,19.0281
14271.2,11389,82121,978,909,70510.7,-35.13,6940.39,3529.18,3748.6,422.65,1197.84,19.0964
19870.6,16868,77201.9,936,852,71997.3,1341.35,5428.88,1919.72,1701.8,7.79608,640.191,19.1182
22054.6,19036,75928.1,893.25,812,72093.6,952.431,4699.53,2066.8,417.677,730.216,357.873,19.1244
19279.3,17724,71286.7,462.75,440,68924.5,3065.37,3511.55,791.08,470.191,488.723,408.48,19.1472
18027.2,15513,76157.6,780,681,75063.3,1926.74,4187.8,1638.15,1036.73,707.511,938.005,19.1493
9773.94,7228,88619.9,864.75,744,76172.4,78.4189,5315.22,5025.06,1759.57,-185.706,668.841,19.1855
17292.7,15405,73566.5,382.5,349,71826.7,144.345,467.961,253.679,249.978,336.971,42.1924,19.2073
12295.8,8977,89764.7,719.25,609,77400.3,2068.45,5574.78,1924.58,2118.13,43.9142,891.101,19.2114
10531,8017,86086.7,813,709,75149.2,6803.29,5000.46,1455.41,2290.25,784.559,734.947,19.2601
18644.3,14341,85201.6,746.25,673,72669,441.919,5536.49,1347.35,1447.03,-119.493,855.68,19.2642
16115.2,13628,77496.9,723.75,664,71433.2,833.698,4333.58,2069.85,2336.83,218.266,41.6357,19.3347
24891.9,21833,74717.9,691.5,621,72976.1,331.107,4626.23,2038.12,1708,631.389,651.759,19.3595
26593.4,23587,73889.2,623.25,563,72549.4,28016.4,2595.17,2473.64,333.079,81.0034,409.211,19.4268
15684.2,12716,80833.8,686.25,632,71161.5,6687.02,4171.86,958.37,1336.05,528.527,1117.6,19.4393
14283.7,11765,79566.3,676.5,609,72799.8,677.478,5348.52,1713.19,1217.07,308.699,574.599,19.4527
17169.2,14773,76166.2,615.75,545,74043.7,1588.21,3469.14,1300.45,161.894,476.932,565.617,19.46
11009.5,9304,77549,656.25,600,71680,382.338,3394.37,2393.05,62.8505,354.89,780.917,19.461
8717.94,6673,85619.5,594.75,517,75391.8,1277.2,3418.13,1223.64,977.152,536.504,872.61,19.5573
15307.4,13229,75832.2,717.75,649,72478.4,752.793,3968.07,2259.46,646.725,262.513,494.248,19.6257
20581.4,17764,75930.3,725.25,656,72454.2,1311.89,4664.69,1433.71,2279.23,339.931,848.7,19.6267
18441.7,16735,72219.7,633.75,591,70276.6,1934.94,2968.92,1820.88,534.75,508.529,402.759,19.6485
9266.4,6993,86841.5,664.5,565,77077.3,1117.6,4028.45,1377.78,910.274,239.953,1037.52,19.6868
18949.3,15044,82548.5,780,708,72200.7,26.5709,5707.88,2971.66,2943.54,735.8,704.382,19.7199
14601.2,12828,74594.9,686.25,636,70714,518.603,3811.3,758.679,898.932,341.068,495.795,19.7324
14071.9,11325,81431.6,736.5,669,72148.4,5396.49,5295.93,2516.63,1555,650.019,695.582,19.7458
13989.4,11176,82033.5,965.25,876,72213,-26.6564,6968.31,10582.9,3187.57,-112.188,471.663,19.8069
19392.8,16632,76414.5,856.5,776,72334.5,2541.82,5319.99,953.488,1186.68,624.011,253.632,19.8183
22019.6,19704,73237.7,641.25,584,71960.5,1630.18,3175.49,1253.45,1077.47,729.344,336.608,19.8763
8671.08,5280,107626,993.75,788,82647.7,367.831,6888.46,8801.38,4277.12,285.094,559.567,19.9706
15554.2,13553,75213,534,481,72757.2,26178.5,3634.19,691.719,1270.37,-6.06506,456.28,19.9747
21920.6,18261,78669.7,972.75,833,76530.8,552.955,6217.76,3651.76,1498.24,279.003,749.211,19.9768
20708.8,17896,75836.7,674.25,652,67772.5,4095.2,3310.32,702.606,952.77,644.282,567.705,19.9892
9383.88,6961,88346.8,428.25,357,78615.7,8495.4,3569.38,371.081,1067.56,431.99,795.397,19.9965
22136.4,17064,85017.1,971.25,892,71358.6,183.36,5034.77,3692.46,2632.61,317.355,400.867,19.9965
12837,8140,103352,742.5,632,76994.4,1866.99,3014.31,865.647,715.105,750.189,65.6913,19.9965
23691.4,21625,71798.2,517.5,509,66630.4,4428.63,4106.11,-88.0001,919.233,598.972,605.323,20.0058
18423.2,16237,74360.1,488.25,457,70017.4,1133.23,2779.9,645.502,725.057,76.68,639.827,20.0068
7975.44,5769,90601.2,868.5,749,75992,680.934,3859.86,969.547,1582.63,-82.3349,365.152,20.0089
24513.7,20193,79558.8,642,613,68636.4,165.577,3312.11,4594.72,942.198,352.062,446.38,20.0275
21659.9,18948,74915.7,764.25,676,74091.5,63.4536,4441.96,5438.52,1644.34,107.588,263.701,20.0659
18517,15623,77675.7,743.25,691,70491.5,2868.91,3805.01,2436.71,1499.81,-59.4027,970.877,20.0762
16026.1,13221,79440.9,1039.5,945,72089.6,1660.38,5850.53,2796.52,1616.33,324.096,616.035,20.0804
23149.5,21197,71572.7,522.75,493,69490.8,27004.8,4079.65,1281.05,810.176,-58.5376,1066.49,20.0845
21878.3,19825,72323.8,541.5,517,68641.7,5933.37,3304.97,400.279,346.303,104.498,525.411,20.0897
11721.6,9281,82769.8,966,817,77488.1,57.445,5630.68,2169.94,1777.69,651.53,1710.11,20.1301
17083.4,14960,74838.3,844.5,768,72064,5997.68,5039.14,2028.21,1248.37,-65.5287,1117.81,20.1643
15568.7,12060,84603.1,825,700,77238.9,112.007,14239.9,1529,1063.4,-60.5406,581.914,20.1788
19969,17236,75927.5,905.25,800,74158.1,60.6667,5654.14,3621.93,2272.59,11.8924,1095.04,20.2026
24332.9,21584,73882.5,565.5,544,68126.1,-31.9367,4246.95,9206.98,688.67,-63.8113,242.026,20.2202
21716,19244,73954.4,705.75,648,71376.6,271.151,4155.28,2125.5,1554.41,435.963,355.169,20.2471
18207.4,14365,83065.9,636.75,601,69434.4,876.144,5843.08,8355.22,1626.75,416.525,322.801,20.2637
15229.5,13106,76154.5,779.25,710,71928.1,614.693,4359.13,2480.59,283.465,26.4404,635.111,20.3693
19135.4,16336,76766.4,780,676,75618.5,10702.1,3832.66,2490.19,1072.08,137.27,559.955,20.3963
13319.5,10839,80533.6,502.5,451,73019.6,149.327,8959.42,3707.8,964.525,534.609,450.543,20.4284
16383.2,14450,74303.7,559.5,502,73042.6,1654,2743.07,1476.51,841.294,271.475,297.402,20.4636
16573.9,14284,76042.3,603.75,536,73819.7,2821.57,2983.53,1454.29,537.07,742.343,866.188,20.5071
31588.3,24793,83498.1,1380.75,1209,74846,226.686,7281.21,6886.76,2756.02,435.019,616.552,20.6573
22293.5,19769,73904.9,620.25,585,69485,3429.29,3818.63,1655.31,912.804,700.598,759.537,20.7173
17350.7,13817,82297,932.25,797,76657.4,49.3002,6473.94,5582.23,1925.13,515.973,705.172,20.7619
20502.2,17298,77675.7,707.25,642,72196.8,5178.36,5750.87,1369.95,1854.72,447.543,719.103,20.8116
13587.4,11757,75739.1,576,553,68261.7,1599.39,2706.91,2496.89,597.379,-59.7822,490.13,20.8447
14136.5,11957,77482,807.75,725,73016.1,686.561,3916.73,1442.02,688.326,116.652,825.253,20.8634
20996.6,17889,76920.6,777,689,73906.4,1642.54,4464.21,1868.28,2176.44,143.845,654.843,20.8706
15389.9,13520,74599.9,748.5,660,74323.8,1177.47,3802,2249.48,878.984,572.007,533.949,20.8789
24756.6,22124,73334.3,576,552,68385.4,2115.28,3333.86,652.924,1140.49,20.587,556.187,20.8799
18049.7,13153,89934.2,448.5,401,73299,828.411,3309.44,1057.94,1903.6,84.7841,232.283,20.9017
27381.4,24331,73752.4,372.75,331,73802.2,1728.41,3827.03,1974.97,819.351,514.666,459.334,20.9669
11512.4,9886,76317.6,823.5,762,70825.3,5997.34,2549.53,790.852,866.386,627.622,341.007,21.0218
18672.7,16541,73981.9,758.25,665,74725.8,1638.4,5534.89,6489.91,1602.31,140.544,607.827,21.026
9719.82,7564,84214.5,717.75,604,77878.2,276.687,5445.2,2480.21,1936.52,187.776,560.258,21.057
10731.6,9145,76906.1,641.25,585,71837.5,2943.42,3154.18,1565.98,683.831,505.761,-54.8378,21.0705
21036.2,18520,74439.9,717.75,648,72590.2,803.443,3031.83,1843.18,875.599,244.21,274.745,21.1088
21370.1,18861,74254.5,797.25,729,71671.6,1571.66,4690.83,1880.89,640.757,439.531,612.57,21.1316
34483,30967,72977,339.75,327,68091.3,152.953,3657.3,2108.66,1172.07,444.087,282.632,21.1378
12938.6,9660,87779.2,926.25,824,73668.4,2803.92,4886.15,1610.59,884.69,333.823,656.09,21.1492
21012.4,18300,75249.7,653.25,584,73307.2,1371.97,4530.01,1773.01,1710.28,311.076,874.861,21.2197
14208.5,11909,78190.2,882.75,801,72224.6,3691.38,4933.42,2826.05,1521.16,606.103,596.94,21.2238
20684.4,17385,77973.7,640.5,569,73771.2,181.801,5694.92,2244.45,3913.55,92.6668,56.112,21.2362
15644.6,11965,85690.5,1232.25,1069,75544.2,95.8644,5443.82,5795.23,1815.98,193.395,763.105,21.2518
18866.8,16568,74628.9,486.75,456,69955.4,5647.34,2964.73,1374.72,528.556,681.758,650.563,21.2528
22598.4,19872,74527.4,584.25,544,70384.9,668.758,4830.35,2374.85,968.681,775.918,735.964,21.2569
15938.3,13745,75993.8,871.5,769,74271.3,1361.98,4394.43,2593.24,983.88,66.9088,805.519,21.2611
23030.7,20451,73802.8,552.75,515,70339.9,413.043,3612.16,1631.82,1358.52,456.23,486.918,21.3564
14675.8,12977,74115,703.5,677,68101.3,379.003,1273.11,1519.04,971.281,569.552,-124.158,21.4662
15382,12664,79601.4,567.75,524,71007.8,2211.28,3447.82,1661.03,1127.79,191.499,780.423,21.4693
11649,9164,83307.4,1078.5,940,75192.1,2101.79,4192.49,3002.25,787.594,518.591,493.78,21.5314
11794.2,8943,86430.1,1190.25,1007,77462,1287.91,5360.3,1550.09,2439.07,614.954,806.943,21.5645
7133.94,6481,72138.5,568.5,533,69901,-8998.27,4922.37,125008,1658.65,35168.3,11279,21.6018
12780.9,10003,83735.8,1021.5,867,77214.6,745.616,4088.52,1510.55,1290.87,416.02,1077.59,21.6609
17656.3,13268,87211.7,1458.75,1252,76358.3,285.748,7485.59,10738.4,3026.72,257.634,881.578,21.7551
18625.2,15793,77288.8,904.5,805,73636.4,460.654,5552.48,2050.88,2204.71,115.643,907.143,21.7727
19528.7,16732,76490.3,639,584,71708.1,1486.25,5672.47,1646.89,2648.64,304.667,721.597,21.8141
15081,12736,77602.7,752.25,660,74696.1,128.435,4725.16,3170.03,1180.05,-38.5436,591.375,21.8504
18461.5,15564,77736.7,754.5,652,75838.8,2267.53,4610.44,1803.17,1622.11,437.228,716.749,21.9001
9596.4,7949,79118.1,693.75,621,73213.5,1458.52,4986.81,3782.41,1347.03,715.465,661.077,21.9436
9096.12,7214,82634.2,522,490,69815.9,4876.05,4418.49,2524.46,1138.74,114.407,339.435,21.9592
25122.9,21933,75067.5,714,665,70365,1917,3831.93,607.038,1783.31,447.847,201.344,22.0524
18932.1,16137,76887.5,733.5,669,71854.5,286.12,2633.97,1767.59,2038.55,95.9546,837.537,22.0803
25229.2,21468,77017.8,920.25,764,78939.1,284.052,4086.87,2110.02,1923.08,323.003,319.753,22.1735
16120.5,14456,73082,446.25,440,66466.9,13905.3,2095.07,881.328,509.569,204.42,358.87,22.2119
14161.6,11453,81035.2,816,749,71398.4,710.567,4271.93,580.25,1822.91,-56.6374,403.687,22.2212
18684.6,15905,76989.3,652.5,593,72111.7,609.15,3796.49,2149.03,1405.46,430.83,422,22.302
20481.8,16252,82592.5,948.75,860,72299.2,58.9426,8718.72,5280.14,4017.21,124.671,363.755,22.4242
16123.8,14201,74409.5,792.75,713,72866.3,493.411,4580.32,2175.39,1159.72,601.344,414.09,22.4304
26869.3,24337,72355,322.5,321,65842.2,882.074,4090.82,1474.33,811.547,561.929,242.351,22.5184
11800.1,10241,75513.5,828,785,69125.9,461.82,905.005,1181.64,1689.39,669.021,-47.3771,22.6096
14281.7,11952,78310.6,894.75,784,74793.8,692.967,4351.28,2354.24,1616.01,65.4039,700.575,22.6696
21178.1,18892,73466.4,747,668,73286.5,5079.36,3514.46,1239.19,1098.26,254.176,521.102,22.709
11885.3,9721,80126.9,785.25,729,70592.8,2554.37,3826.81,2388.63,1052.02,759.456,754.418,22.7339
19792.1,17485,74183.2,579,573,66222.2,3535.65,4072.62,1402.12,1004.16,520.591,785.193,22.7473
22384.6,19121,76721.6,766.5,693,72486.8,514.76,4711.18,2110.2,3357.12,247.695,910.033,22.7877
22754.8,19917,74873.7,763.5,681,73475.4,261.269,5560.65,3730.67,3274.72,133.187,516.297,22.795
18017.3,14853,79498,887.25,801,72592.8,1158.53,6039.03,3415.28,2292.48,487.364,1019.12,22.8115
16867.6,15148,72975.7,385.5,396,63798.3,1360.54,2396.04,1878.34,2195.49,353.673,533.5,22.9824
14079.8,11452,80573.9,946.5,844,73495.1,33.2456,4169.59,4694.7,2572.94,-195.462,469.438,23.0363
11515.7,9281,81315.8,876.75,789,72824.7,1631.84,4223.62,2411.88,1199.22,577.485,500.365,23.0901
16474.9,14780,73051.5,660,636,68009.1,2923.02,2378.23,2642.72,254.328,690.329,256.146,23.0922
19901.6,16825,77520,609,541,73773.4,2683.24,3534.77,1379,1282.91,128.691,403.139,23.1181
18361.9,15940,75493.3,706.5,656,70581.1,369.489,5025.74,3404.17,945.15,378.904,583.557,23.1554
10354.7,8377,81008.5,854.25,761,73566.5,1733.29,4771.55,1387.01,1355.85,128.267,774.16,23.2113
13800.6,11285,80145,856.5,789,71142.7,62.1738,5129.68,3212.7,1920.87,191.354,448.375,23.2683
8657.22,6756,83978.6,711,608,76638.3,1434.38,3087.15,1569.66,161.93,395.049,677.237,23.2724
17744.1,14309,81269,798.75,645,81158,430.194,5828.22,2398,741.38,646.391,721.28,23.289
17160,14385,78178.5,585.75,545,70436.2,22623.3,3835.65,764.706,2020.41,497.591,435.195,23.3201
14745.1,12585,76784.5,735,713,67558.1,4798.2,4057.18,1564.14,1200.41,204.202,781.372,23.3253
16063.7,14261,73820.4,603.75,565,70030.7,442.564,4269.76,1839.27,1537.37,-208.622,660.782,23.4568
22960.1,19499,77168.7,924,815,74300.9,458.75,4056.51,777.981,2638.61,98.7917,408.234,23.4578
19394.8,16988,74820.8,569.25,536,69601.4,5567.27,3546.73,909.428,1146.31,194.054,830.829,23.4765
7902.84,7039,73578.7,597.75,591,66284.5,1206.87,588.324,916.086,810.413,550.016,423.91,23.4827
14459.3,12768,74217.1,646.5,608,69685.9,937.842,889.909,1012.69,62.3029,762.922,286.73,23.492
19827.7,17624,73730.7,642.75,604,69740.5,2235.9,3364.44,1485.46,553.638,571.466,637.217,23.4972
11526.9,7883,95829.9,814.5,699,76364.9,14046.1,3736.29,2840.09,1801.55,390.205,807.656,23.5365
14330.6,11417,82260.6,1185,1037,74889.3,168.166,7078.01,6707.67,3924.54,-90.9222,165.574,23.5987
19845.5,17141,75876.4,795,725,71863.6,84.9338,4660.39,6793.99,864.028,376.303,668.728,23.6515
24439.8,21941,72999.7,665.25,613,71122.1,1668.82,3115.43,824.117,943.096,279.82,239.325,23.6619
27676.4,24540,73912.1,389.25,392,65076.2,995.05,2978.23,1463.01,1609.66,298.975,199.77,23.6805
17886.7,16388,71529.2,670.5,624,70419.7,221.629,679.437,861.848,182.634,773.714,300.182,23.7302
15330.5,12696,79135,878.25,780,73791,763.828,4578.95,1859.69,751.937,510.846,669.775,23.7592
19958.4,17677,73994.1,567.75,553,67284,163.979,3993.47,1256.48,2488.27,173.619,866.676,23.7799
9463.74,8039,77150.9,324,291,72967.9,2218.56,2120.1,709.998,92.5845,116.395,678.344,23.8379
11515.7,8799,85770.2,756.75,639,77612.5,381.395,4967.66,2167.94,2721.98,139.915,570.53,23.8421
16259.8,14213,74973.6,599.25,545,72059.5,1336.8,3240.95,1727.32,1143.97,280.115,1109.91,23.8607
16804.9,14203,77541.9,715.5,671,69882.3,2985.37,3798.25,685.279,866.366,-83.4963,366.807,23.9394
14132.6,12317,75196.3,685.5,649,69221.8,502.383,3902.26,2658.19,1611.43,88.8317,515.433,23.9467
21452,18621,75499.5,614.25,585,68812.8,901.772,3873.5,2031.18,1727.59,378.574,305.94,23.9519
14527.9,11604,82049.5,755.25,656,75451.3,-56.899,5639.93,3229.27,2074.44,452.613,593.84,23.955
14591.3,12857,74376.2,612.75,553,72617,570.157,2495.13,594.663,1003.38,38.1396,207.752,23.9767
22362.8,20178,72631.9,432,402,70426.7,95.7516,3758.22,2544.29,1425.26,-119.438,468.691,24.1145
14918.6,12612,77522,919.5,820,73488.2,401.237,4356,2218.46,1013.12,365.78,780.883,24.1176
20714.8,18240,74427.8,690.75,628,72084.4,1174.68,4818.46,719.633,3209.7,174.667,745.557,24.1466
21947.6,19153,75098.5,645,593,71282.8,1590.77,3647.93,657.784,829.261,150.952,822.376,24.1549
14503.5,12024,79050.4,287.25,284,66286,242.246,3115.93,691.895,799.407,63.5486,169.84,24.1942
18881.9,16203,76371.5,834,783,69804.6,678.231,4078.11,1236.01,1376.24,607.252,1291.46,24.3537
9414.24,7436,82970.9,767.25,668,75273.2,2357.07,3456.35,1956.9,1713.7,18.0969,527.537,24.3672
14656.6,12496,76867.5,775.5,676,75182.2,1289.19,3368.14,902.259,1373.39,426.975,583.4,24.3765
19209.3,15097,83387.5,1017.75,893,74691.2,1716.8,5331.28,2730.08,2051.61,-181.632,338.634,24.4117
15915.2,14524,71813.6,553.5,556,65241.3,1808.13,543.233,306.215,455.557,733.591,-10.909,24.4117
21622.9,18332,77300.9,888.75,776,75058.1,539.835,4233.39,3338.78,3182.45,418.043,764.732,24.5256
21416.3,17864,78568.1,898.5,840,70100.1,6538.08,8691.97,7859.31,3090.8,530.781,381.926,24.5401
17111.8,14572,76958.6,819.75,728,73795.5,2218.14,6298.04,1776.16,1672.07,485.774,1222.27,24.7721
15364.8,13618,73942.4,588,546,70577.2,6681.04,2549.93,1069.75,167.005,2.47627,411.353,24.7804
26733.3,23352,75025.4,560.25,540,67993.6,361.784,3727.19,4385.83,1611.13,159.874,534.03,24.8415
23938.9,21128,74254.9,705.75,616,75084.5,2889.14,3342.45,1217.75,1089.15,413.813,601.168,24.8705
11881.3,9780,79617,1093.5,992,72241.5,-46.6222,6573.3,16133,3220.71,-349.433,576.972,24.8736
11446.4,9302,80644,420,370,74392.2,1664.55,2102.58,493.475,861.639,546.017,333.997,25.0632
14182.1,12660,73415.2,733.5,676,71110.4,2663.61,3348.69,2171.07,679.829,563.455,587.285,25.0891
19675.3,17612,73213.6,657.75,600,71843.8,1186.99,4030.16,489.183,146.868,434.949,464.058,25.1046
17703.8,15340,75634.9,810,732,72519.3,2282.64,5228.5,3117.45,1902.72,716.741,709.964,25.146
23347.5,20476,74726.6,808.5,716,74002.6,766.189,3793.11,297.747,1829.26,566.559,475.356,25.1657
6966.3,6057,75374.5,368.25,333,72473.4,-45.8628,5481.98,1734.08,476.931,472.477,478.201,25.1854
22323.2,18848,77619.5,492,432,74638.2,-42.9045,5470.5,6471.51,2456.33,81.2677,214.734,25.2299
15177.4,13813,72009.2,632.25,581,71316.9,404.246,2838.41,562.811,1451.09,215.4,560.527,25.2558
8844.66,6441,89992.8,664.5,585,74442.2,-2636.75,4481.26,81437.8,3228.69,6186.97,932.997,25.2827
16007.6,13788,76086.2,712.5,632,73883.5,3064.12,3849.62,1459.98,1435.01,-115.477,664.272,25.291
15245.3,12069,82783.9,624,549,74489,5520.45,6701.38,963.012,1459.13,329.673,1040.62,25.318
31995.5,23109,90737.6,1265.25,1089,76142.7,1495.72,8137.42,3637.11,11165.4,633.51,1576.94,25.3376
