Comp-FITC-A,Comp-PE-A,Comp-Alexa Fluor 647-A,Comp-PE-Cy7-A
10047.2,2174.67,3993.72,1416.94
14445.5,7912.06,7905.03,1030.17
8776.32,2965.6,2631.66,1204.59
5726.09,7768.69,913.597,690.443
3173.7,1957.27,667.577,67.8038
13119.2,3872.5,5482.43,19764.7
9090.58,3040.74,7253.98,1962.25
39785,4773.14,3681.19,5474.45
18533.7,208.404,4771.58,1959.25
15157.6,3461.16,3888.17,2292.54
4383.42,2221.35,2290.2,123.77
3283.09,2920.88,803.54,132.532
11306.6,1246.26,2398.66,2743.41
11671.3,2091.34,2393.4,923.923
6205.77,3599.54,2688.12,98.9911
17008.4,4477.46,4966.37,2717.62
4025.35,2640.92,2111.79,456.668
19801.3,4001.13,3527.25,6329.38
2856.66,5669.89,2253.31,293.991
5213.64,1553.09,3045.6,842.442
4485.53,1956.42,2009.86,230.24
6155.11,3768.31,2993.12,827.412
14990.6,7516.15,7603.76,990.61
13315.1,3289.84,4458.74,1347.56
16987.4,28166.2,7848.92,2534.46
9119.86,443.08,2513.94,2449.31
2243.27,2625.38,925.001,-142.882
3000.03,2058.31,1407.45,543.334
3235.01,1429.98,1237.38,-37.0513
3927.41,2630.79,2309.38,489.699
9810.81,20789.3,6805.87,3209.19
13096.5,2805.14,2880.31,3641
7094.94,1957.93,2901.68,1719.75
4188.3,2835.07,3137.54,650.284
15785.9,7900.78,4169.53,2361.44
4208.43,2676.7,1861.57,426.896
2215.2,519.529,411.997,-50.1976
8890.52,2815.34,4762.7,660.352
11182.1,1027.87,3179.57,3854.75
9519.55,-140.394,1816.06,2487.64
11976,3021.91,3040.35,2976.17
3080.61,2275.34,2052.39,541.484
9363.12,54.1085,3455.34,780.012
8457.41,2052.63,2740.48,788.193
3596.21,1730.43,1843.07,435.907
5441.67,4982.33,3007.87,365.5
4911.1,2612.74,2098.95,213.539
2737.39,2413.63,1515.06,891.251
6481.93,5016.13,3504.11,152.486
12038.4,2828.27,3171.16,3941.28
5775.25,8233.8,3637.59,876.97
19767.2,2713.51,3198.5,3862.12
7699.37,4269.12,2908.78,3242.69
18738.1,800.607,3678.85,6397.24
1736.57,851.535,2736.61,180.541
10877.6,882.947,4219.96,1611.8
11326.7,2498.6,3636.66,3623.61
6702.16,2492.97,2468.51,717.49
10645,2149.93,2684.49,2371.2
11433.4,1407.08,2883.34,2073.6
3832.81,1110.38,706.758,24.3207
23728.1,3211.54,9424.88,3754.23
3304.26,2106.54,1419.33,1150.61
10925.4,4109.52,3709.87,755.526
5145.54,2104.44,2138.44,173.638
17063.6,3894.99,6269.05,867.535
4631.12,4497.17,3213.16,1180.89
14712.1,2136.53,2540.3,4381.74
4959.83,882.456,2835.58,186.388
4629.51,4806.79,3111.51,198.636
1560.99,2786.31,2337.53,501.504
2883.65,2075.3,2634.06,662.634
13397.4,1322.11,3676.89,779.162
6014.29,919.476,2111.85,1387.14
2463.69,2084.97,3323.49,509.375
2496.06,4622.84,1060.55,-414.692
8214.29,2849.39,2077.18,1015.18
8393.01,574.624,2318.68,2345.32
13796.8,3532.91,3643.52,1237.23
12000.3,5167.89,3774.01,1228.78
10574.9,1132.31,2512.72,4433.7
2980.69,3292.57,1557.85,158.239
44488.1,998.105,5248.48,4407.27
25841.5,890.011,5570.85,2006.56
2128.86,2306.83,1575.76,-104.412
2791.95,4424.05,2315.13,391.329
8294.89,746.073,3336.55,481.763
15046.2,2114.29,3138.13,2515.24
5487.65,4036.99,2940.32,984.496
12273.6,3806.62,3377.01,23.4563
5916.76,2777.48,2988.11,154.961
2994.4,1988.95,1780.2,170.595
4939.66,5474.35,2779.53,203.155
1288.8,2349.88,244.52,160.3
11892.9,3232.22,5769.3,1381.06
8360.05,3192.61,3094.69,-331.612
1675.32,-342.742,3530.46,192.093
17953.2,2505.64,4132.88,1864.14
5940.09,8789.26,3946.22,799.438
2523.58,2337.51,2879.67,656.054
5050.77,892.077,1597.85,677.842
11257.1,1638.96,2874.3,1886.89
7138.88,4932.06,2894.92,1371.55
7175.58,-645.664,1283.48,975.794
9834.14,1405.08,4397.82,1391.06
6795.3,3208.3,2591.77,503.408
5819.03,-785.003,1115.09,1450.77
1725.1,1902.72,1865.54,21.0639
3724.43,1765.98,1204.12,379.981
1332.49,-586.194,428.47,-366.961
30682,496.716,3323.49,2473.66
5251.42,2073.15,2882.25,394.27
5763.76,2297.73,2657.29,337.448
29238.4,6186.07,6835.22,8114.21
1937.21,1775.83,1179.8,-268.138
6951.76,2682.69,3301.95,1013.22
11704.9,563.776,3819.99,4237.99
6006.03,4430.61,3400.65,349.158
1630.68,2300.71,466.843,41.0276
4195.82,4399.03,2437.22,616.938
3210.89,1092.36,1503.02,128.972
13625.8,2047.05,4387.04,2969.14
20305.4,1327.82,2432.8,3883.3
23736.1,3477.04,6472.11,3302.38
4019.09,3463.61,1920.2,529.469
4173.28,2612.19,3836.9,1144.21
12915.7,4902.29,5655.61,672.453
3580.6,7753.26,3530.84,430.823
4834.4,8674.2,3799.57,455.209
1884.94,3441.5,1413.49,359.334
2425.2,2894.1,1604.28,240.643
31692,1707.87,1535.12,1926.47
14864.3,2141.18,2392.35,3522.26
9042.03,3088.27,2441.08,2641.79
14114.6,1088.25,2965.1,3780.7
10206.2,16726.3,2906.64,966.808
6993.14,362.894,4477.9,4407.01
23729.4,1065.92,2146.86,2108.57
4750.76,4087.32,3031.58,551.406
7607.28,1828.57,1500.99,1190.07
1732.51,-840.565,483.885,47.9759
6896.24,2369.74,1130.01,373.111
4802.21,1662.53,2050.33,798.254
5115.21,10199.5,3512.36,414.001
12921,9594.58,4657.31,17082
2480.4,1194.48,1850.74,149.063
18377.2,1358.49,2066.14,2726.3
609.757,1358.62,436.212,163.966
1433.42,594.53,450.709,570.295
14180.4,2715.03,1573.77,4487.74
11931,-163.987,2661.52,1683.5
13976.7,2210.27,5247.52,1587.19
11122.3,3635.2,4724.85,669.427
32653.6,4193.17,7725.08,3975.11
13521.7,5067.11,3473.19,1096.84
6829.75,2569.08,2224.75,1689.78
8926.4,1825.76,3299.2,425.695
10480.3,1285.79,2857.63,3226.92
26567.9,1899.23,3321.29,3084.49
16958.2,1717.23,3650.93,3808.5
15744,667.557,3307.61,2421.94
16969.3,326.857,3396.73,2512.01
67551.6,14657.1,9894.8,10793.7
7846.6,1090.55,3435.15,451.405
22754.9,5193.87,3335.49,3542.81
6839.23,335.554,3230.64,2199.25
12779.7,2993.56,732.09,758.871
11924.6,2831.84,3330.1,381.816
10391.4,-215.67,1483.88,2092.39
14593.9,2797.56,5170.63,1083.59
2056.45,1269.07,1168.68,-299.254
15240.5,2711.53,2318.89,1387.83
13204.7,2219.93,3527.3,1477.17
2418.93,1763.44,595.275,526.268
6890.73,1018.91,2624.56,2320.37
13209.5,4268,7659.75,677.228
9090.8,2710.51,2306.53,506.542
2134.47,1924.18,1671.09,-299.299
5352.74,3886.36,2024.05,201.029
12278.1,922.452,3835.91,2828.64
15638.8,4931.27,9554.71,1508.01
9414.75,-144.658,3882.32,1151.17
22009,4807.07,6756.1,1381.27
2039.86,288.035,1483.72,123.405
2579.61,1581.65,1479.34,63.3969
22856.4,20671.4,4172.04,2619.49
10670.5,1470.22,5745.86,864.977
6728.02,11181,3535.44,757.285
16222,1220.04,2906.72,1666.35
3186.15,8875.2,2341.45,297.293
3461.68,2031.46,1467.92,375.758
29799.1,2695.27,4561.76,4685.68
10499.3,1647.76,2789.13,576.878
8887.7,2394.25,3236.1,3866.19
11292.3,2416.64,2445.72,3531.94
5288.29,3206.21,2042.93,223.506
1849.01,1445.76,554.788,13.3861
10335.5,1622.73,2557.68,1142.74
4601.21,2430.11,2217.48,243.342
10116.5,1022.3,4406.7,1799.54
8892.79,1448.01,3860.61,1152.71
8294.89,5584.34,3900.66,514.282
10554.3,1816.8,8043.84,3137.26
15192,1769.13,3050.86,574.945
265.887,836.501,964.395,-38.2634
1360.43,930.669,557.046,187.63
5046.47,980.164,1748.49,194.451
14842.8,1484.04,1928.67,2129.51
12959.8,257.761,1547.11,4131.33
4242.7,3583.43,3322.4,384.114
5951.25,3283.62,3670.57,106.734
4698.69,2688.21,1590.47,557.94
7189.08,4729.6,4390.54,754.458
10981.4,-60.2141,2204.45,3299.94
8755.6,1223.3,3564.7,1230.42
14343.7,-5.67026,3164.9,3565.91
4371.09,10188.2,2815.07,473.241
11828.5,6798.57,3110.07,913.527
4156.92,3480.18,2858.76,52.2927
10625,3797.26,2204.86,998.595
12537.8,2519.27,3758.81,835.126
4070.25,2641.55,1972.43,503.297
2418.65,1650.51,4808.96,-66.6707
15399.5,1997.59,6365.61,3031.24
2758.39,2566.49,1820.33,115.2
11229.6,2345.73,2437.53,3834
2795.08,2197.91,1075.23,157.043
3671.07,750.85,1967.72,178.872
4382,2720.35,1906.63,121.463
9653.02,2308.34,4310.71,1082.11
2132.21,1806.24,688.781,66.3711
13190.7,2339.55,5154.96,2837.49
17094,1954,3187.65,2645.33
7673.83,9413.02,4451.35,-163.249
8353.03,7234.33,4220.58,331.4
4239.43,3968.45,2644.19,643.56
6747.82,4005.08,4720.21,285.358
2120.67,535.869,1201.92,155.753
4391.96,200.761,1660.17,107.193
24035.8,3016.44,3285.78,2802.7
4393.67,3318.8,2823.44,988.237
16347.8,1251.14,3814.28,3896.12
8225.44,927.393,3958.78,253.629
11254.4,3802.04,5951.61,833.66
7634.5,6328.5,3845.32,1079.27
7376.68,2911.86,3100.58,680.731
19064,-652.172,3964.7,2563.73
7597.38,6554.46,3518.44,838.443
2245.13,2033,129.635,270.352
10336.5,1142.97,3414.63,2235.06
11861.3,2678.58,4664.72,3881.51
1279.7,-1105.58,1020.28,179.328
8214.76,4161.35,3336.26,260.897
3933.25,2076.39,2226.67,424.461
3746.59,2290.93,4024.08,310.715
2256.72,-1040.56,2800.71,323.736
2225.36,1444.41,1004.87,237.968
12591.4,7749.69,5176.34,242.239
1859.95,2619.22,3246.11,417.003
11707.7,3147.91,2319.51,3651.13
11526,-136.627,4753.16,7802.06
15492.2,3573.78,6451.26,1560.74
3601.37,2929.05,5324.95,1353.05
2584.62,5370.83,2436.29,54.7749
1077.14,394.606,536.484,485.947
9294.28,1996.35,4259.03,3067.86
18428.2,4929.37,3896.5,10398.9
18682.8,2480.36,2746.16,2056.63
4142.13,1800.37,1586.27,227.488
5907.91,2925.9,1577.41,488.957
4246.37,2825.85,987.383,1240.35
15956,1787.71,4476.27,1362.85
3515.04,1604.84,1723.35,151.258
2036.27,1098.39,1658.6,214.123
2272.21,2531.8,2060.09,193.557
1356.21,-132.014,897.323,6.57547
11945.6,4096.79,2445.13,3482.57
11768.3,966.535,3410.02,1698.46
24629.1,2195.39,5550.32,1405.15
5544.45,4119.77,3728.94,464.977
7447.16,3482.78,2397.12,348.71
7952.47,2902.58,3030.44,1050.46
9916.21,3892.03,2459.46,5993.06
4477.99,3124.83,2930.09,214.796
15334.5,1360.73,4007.21,2904.39
12331,4307.49,2780.62,1176.97
4838.98,1174.58,3538.34,-109.205
6060.86,4070.43,4586.63,-109.861
13733.6,1593.95,1829.32,4821.69
10451.5,-456.533,3134.39,2929.88
43440.2,7468,28523.8,1488.61
16464,2628.17,6024.59,1349.46
5041.78,3363.95,1107.51,1559.37
2110.59,585.965,799.825,664.715
7299.02,585.721,2681.65,98.2483
7041.03,609.329,2887.84,1239.37
40465.9,1604.9,3762.85,9864.47
12523.8,1046.17,3252.26,3943.33
9611.69,-518.617,5307.26,1165.07
15390.4,1153.74,3688.79,1485.22
8401.74,3842.73,4021.43,622.812
9713.29,1613.55,2868.52,3795.35
7595.57,3506.63,2564.61,3698.4
27008.7,8462.08,10049.2,815.328
14577.6,468.749,1889.92,1330.01
14466.8,3893.95,2765.93,1644.35
2719.72,2854.72,1924.28,368.191
5764.26,6220.1,3446.2,261.107
12716.8,4033.43,6361.72,1847.69
1367.03,1063.67,1736.27,432.837
13843.1,7710.4,5476.65,1298.52
2135.33,-363.238,271.666,143.668
17291.8,2378.47,4690.03,1730.89
13828.7,1213.14,7565.88,1308.1
3526.9,2284.58,1307.86,837.753
6159.25,965.277,2429.4,565.16
15179.3,1128.31,3705.45,3791.08
5211.62,3962.65,2823.76,354.932
21910,5514.86,2285.72,4250.26
3317.57,2487.17,555.834,467.569
2263.36,2651.3,847.549,-45.9037
6473.75,8928.51,3772.53,1255.86
7068.19,3428.54,3972.19,21.4337
5397.93,4865.77,2466.1,953.048
9852.99,8082.96,5814.16,1041.3
2210.04,809.486,531.421,345.161
4477.6,3269.23,2839.44,219.754
4494.52,-192.884,1072.96,544.618
1786.47,1188.69,1009.27,603.265
5987.92,2340.42,2202.93,631.476
7750.26,6011,2803.61,483.446
9007.02,36.9959,3791.89,2404.27
12152.8,6335.29,4083.61,1036.17
11945.5,2120.71,4679.49,2202.17
8671.81,1460.29,1799.39,-131.793
14597.3,1334.87,2415.63,2982.9
7658.31,1508.82,2929.09,1017.05
9079.08,1667.41,2659,2583.79
6219.92,949.741,2952.07,1048.12
13581.6,22053.4,6965.58,1598.91
9483.89,267.788,2551.17,2475.9
3576.61,1121.48,1913.82,-33.6054
4661.33,3229.39,2414.5,2812
4460.52,2040.81,2129.6,201.417
2434.9,5314.24,3900.36,267.534
25188.9,900.514,2252.15,2529.64
10105.8,966.331,4883.77,453.17
1483.61,5460.56,2675.6,460.612
2013.99,4527.46,1265.96,706.132
4942.77,4239.28,2342.78,432.184
4755.96,4201.06,1582.52,812.485
10370.1,1857.81,2627.62,2705.83
3662.2,2394.03,2619.23,97.5237
3725.47,1931.05,1522.94,-82.4782
17588.6,2573.29,4333.55,4580.1
11967.5,423.035,2706.1,2445.6
9936.79,2419.2,2062.78,2237.59
3716.05,3537.88,2255.49,1009.58
48871.3,39617.2,23488,2737.62
41043,872.24,6475.62,5283.18
8509.45,11729.2,5037.82,1233.78
16751.4,9930.37,5991.81,2931.65
10829,2799.15,3142.26,674.352
8503.88,1237.13,2943.48,947.808
1923.87,1591.25,1291.01,233.708
2195.77,2093.36,463.647,352.019
10084.6,3590.94,2802.31,247.104
5135.5,4350.25,3620.37,357.363
3268.03,1228.33,2800.31,225.453
6252.47,4565.86,4768.5,-29.5667
5948.98,9244.81,4446.86,1560.27
50251.3,62964.5,26420.9,7389.79
4606.43,7964.62,3430.35,267.566
15916.1,11103.4,6927.83,1992.33
2385.4,2690.43,1352.71,573.223
34508,1984.56,4461.51,4985.1
5334.6,1891.79,1504.03,857.373
8370.75,1620.31,2885.28,1151.36
11053.1,5544.23,5207.19,2772.3
11435.1,2336.12,2721.31,-98.065
6660.99,3696.77,3695.76,217.944
6052.27,4008.61,1849.93,42.7444
5307.89,3484.82,2663.41,451.77
17548.6,2721.2,3361.77,3802.92
6426.05,1150.27,1785.18,1559.15
5026.4,2910.83,3508,723.838
1343.33,1688.61,447.833,-66.5553
1861.66,2758.85,2340.47,603.008
3914.12,4653.24,2623.58,404.509
3706.63,1485.45,2217.59,398.153
4729.47,3325.24,2790.88,316.375
7842.05,1771.67,2927.8,932.874
12022.6,6667.64,5307.57,756.577
17583.7,2492.34,2013.69,4746.76
10109.7,1470.45,4104.49,2735.96
4854.77,408.978,6363.45,1218.81
31272.4,3521.59,6210.22,1273.84
5532.12,5999.89,5444.99,190.944
5402.41,3830.29,4286.76,728.807
8688.61,5622.61,2660.62,954.483
3752.51,978.457,5151.72,853.2
12264.5,1782.9,4491.59,1760.45
19472.3,3520.29,1791.59,3181.16
17998.8,-127.791,7543.32,2519.92
6231.21,2767.91,3039.16,-59.4273
1986.44,725.537,1055.54,1.9808
1491.57,2585.2,801.569,2574.81
13903.9,2894.24,5154.69,2539.93
12486.9,1183.56,5542.59,1097.2
8859.73,10601.7,6296.01,880.96
12831.7,2503.4,2667.64,2841.04
10608.3,-81.0248,3812.59,2798.3
2048.24,920.592,632.794,277.186
11454.4,2540.56,6443.88,3113.25
8093.31,-509.236,2829.8,1391.58
2810.84,4873.61,1883.17,228.71
26733.7,3602.79,5331.91,2563.86
70142.8,37046.1,32106.2,2985.7
4678.33,7957.55,3160,382.026
11420.2,2540.6,2069.94,1323.06
7999.09,1751.36,2544.46,1904.33
13107,1877.6,2852.61,1392.39
8273.85,2953.02,2680.84,235.95
3008.41,-133.026,1296.87,221.285
12145,6248.83,2973.35,1919.12
13314.9,1370.57,3170.57,1566.97
18101.3,1190.38,1099.79,970.92
19721,586.517,7117.32,7346.53
3293.52,437.911,215.217,416.701
1507.3,582.064,1065.9,153.433
14205,3092.96,4487.09,2811.01
1084.16,1582.38,3308.77,1072.9
10892.2,7642.43,8248.64,1056.85
15498,1340.93,2189.76,2625.43
7892.45,1859.11,1707.09,2722.68
26046.1,6980.93,7009.82,4224.2
8303.31,219.674,1597.76,2531.55
4481.01,3927.99,2665.42,468.42
13284.7,1733.67,4168.66,6555.07
3802.64,1648.82,1305.03,100.882
10795.2,179.614,2493.87,1505.14
6339.8,2403.71,3503.94,324.48
4069.35,3282.78,1775.41,429.627
10491.4,3960.93,3777.71,834.088
16422.2,1573.71,2758.71,3105.37
5380.63,5657.45,1297.45,-404.587
9499.13,6098.02,5186.02,806.696
2345.41,5442.68,2271,1025.8
7813.52,2403,2213.69,2435.11
6718.62,5418.48,2375.69,564.422
6944.19,2350.48,2404.12,853.732
6601,5259,2478.33,-209.283
7225.54,-241.038,1627.67,2888.12
9587.6,3135.1,4738.14,347.752
19627.8,1931.01,4938.96,2336.78
16704.5,2006.12,3757.07,1529.98
4868.06,610.37,3425.81,1302.72
9400.91,2282.33,4485.01,916.163
5836.47,-458.545,3597.57,5058.41
1154.38,1815,507.729,460.214
6981.15,9057.7,5388.02,950.104
11454.7,1999.48,2304.57,1709.89
6413.97,2661.12,2708.42,1503.76
6573.48,11046.4,5984.56,826.431
9007.45,454.344,1193.92,1418.47
5728.38,1286.15,2677.83,100.76
11171.3,404.177,2655.53,1721.84
8701.9,-19.9949,3466.82,757.852
14121.6,13026.2,4507.6,11260.3
6677.51,2194.72,1764.82,297.31
8612.45,1612.41,2752.52,1707.29
1859.25,1722.56,667.456,266.727
2189.02,4315.23,1784.54,15.2079
14897.5,1766.23,3023.1,1473.58
3265.66,3516.92,2261.76,119.015
4755.01,3962.56,1979.97,507.911
5426.33,2378.41,1920.94,102.235
16464.3,14283.1,6165.39,1218.63
8182.24,11215.8,2416.74,53.2981
1727.38,4741.47,678.098,53.8335
3108.12,2088.43,1763.47,-283.428
4825.15,2733.22,1330.74,59.9781
14692.1,2180.88,3133.3,900.215
9583.86,2349.77,4382.39,883.435
11135.6,2304.17,1481.27,1804.5
2401.35,2367,1388.27,-139.356
1580.79,-170.685,789.325,244.189
9804.2,2561.24,2786.01,781.989
31566.4,2543.63,3910.5,9828.4
5025.62,5580.97,3198.82,236.919
2536.24,2800.18,1591.36,426.738
2834.53,2354.04,1477.48,201.917
4168.58,1859.63,2162.48,896.905
1763.41,1168.19,-8.95412,221.107
8523.3,2344.79,3374.95,3043.67
2097.42,-568.635,976.916,-116.525
1794.28,1158.81,568.403,-36.3892
3779.54,-784.951,5146.27,1782.29
21140.2,790.725,3517.87,2067.18
3840.68,4755.21,2289.33,812.871
6952.46,-187.848,2189.89,2552.08
37005.7,5539.57,3558.33,3484.67
16761.2,2561.4,985.413,2492.94
19325.2,2986.76,1881.31,4028.54
2855.78,3066.24,2061.23,577.596
3476.96,4495.37,2002.06,305.355
2969.03,2162.7,6395.47,560.69
10796.6,138.584,2321.81,3830.91
13079.8,10795.4,3589.03,2877.26
3389.92,2481.48,1875,617.274
15903.4,7727.19,5869.15,1096.98
5069.87,2892.42,1633.74,59.6987
3557.75,-208.021,644.757,332.177
4122.2,3420.07,2941.79,235.68
1163.17,1679.45,756.639,60.7045
2918.08,704.629,5818.3,1003.28
1537.81,717.957,466.525,126.134
9979.93,2486.67,2870.62,960.564
1347.18,1254.9,558.19,-210.095
5677.62,1227.59,2464.14,689.643
979.876,1920.08,799.167,431.78
3894.3,6161.74,4119.09,286.403
7277.41,1797.78,3341.7,609.126
6556.12,11.3057,2354.8,528.436
6916.99,8981.61,4562.34,343.968
5879.17,2734.12,2553.09,409.933
7747.29,1933.3,4188.18,3751.26
9761.48,4339.05,4231.42,248.18
6123.16,2388.14,2857.83,1640.2
7571.42,4345.62,2898.82,1776.67
6584.13,-881.855,3299.1,4323.62
7498.29,7494.02,2654.88,319.76
12596.3,3076.34,5445.96,1104.03
9996.61,2363.41,4461.16,18669.8
3917.99,887.6,2699.98,628.752
26210.2,978.018,6477.22,9185.01
8834.74,1551.7,2918.7,2844.3
781.422,1592.73,454.438,242.088
17496,2779.67,2687.85,2291.09
1586.64,2656.76,3232.88,371.405
2187.79,755.281,1358.68,114.101
1642.92,-185.216,533.39,331.919
10123.5,8376.14,4589.92,793.634
31464.4,373.343,5259.95,3579.09
13156,2250.72,4033.3,4935.98
3333.06,2144.91,974.717,135.95
5149.93,1385.89,1526.38,281.223
4412.75,7190.62,2068.99,1102.15
3254.77,3595.4,1512.49,-277.33
11930.3,1302.23,2766.73,2820.36
2512.97,1117.59,1421.71,338.373
11623.5,481.589,3167.48,1144.25
9210.18,1545.5,1453.91,770.827
1870.62,2990.23,1299.11,177.276
13179.9,2384.45,3241.26,2501.76
2045.75,333.446,593.476,-309.899
3949.09,6390.33,1744.26,512.872
1713.05,1928.95,3890.18,1359.61
10513.8,4958.07,6503.26,798.91
12427.3,8980.65,3682.26,1033.95
5119.95,2890.35,2029.75,642.373
971.104,2479.58,508.352,386.437
3547.99,929.084,1546.99,-425.008
11614.5,494.547,1377.96,1593.97
4215.07,5654.48,2723.62,184.35
12978.4,2134.42,4202.77,569.594
5470.32,3490.73,7903.38,394.355
22541.1,812.862,3239,6652.33
17452.5,1865.82,3533.13,5103.95
4103.81,1769.13,2407.64,481.622
3883.69,2029.99,2150.27,653.125
6859.88,4138.21,3049.18,818.211
5669.47,2826.9,2343.62,330.709
319.463,1145.06,261.23,507.413
7523.35,3476.58,3032.98,962.321
2731.62,2083.56,2117.41,183.639
16107.8,958.951,3920.6,3798.5
3056.29,1216.76,1501.94,-378.046
16787.1,1500.43,4497.95,1920.44
6639.38,1354.22,2808.23,450.505
10065.1,-283.19,1170.93,1829.95
2229.53,3112.91,330.264,318.118
1564.58,2480.25,40.5491,160.697
12640.4,935.98,2426.93,3294.69
17626.4,186.608,3274.23,5350.87
5641.86,8305.79,2445.63,461.628
8660.54,107.327,5677.79,2001.04
6663.69,2479.21,2197.71,2543.11
14570.5,-53.3437,3423.46,3717.06
6545.33,1624.49,2891.14,1861.27
7046.94,3125.72,2588.04,943.984
8110.19,-247.784,1599.18,4644.46
25958.4,1232.47,3620.95,3899.47
2763.8,2258.4,1039.04,675.965
3048.05,2902,3885.07,535.666
10060,1772.71,5731.39,773.556
10776.4,2171.97,2263.62,1288.34
9827.06,2465.52,2848.37,781.588
17683.5,16023.7,5875.75,2073.67
2092.54,3832.73,1275.02,424.371
7421.09,1655.93,1858.32,606.222
6959.56,1596.73,3674.45,917.896
13610,1214.87,3587.86,3712.58
5227.6,3719.22,2389.74,854.192
13213,1890.49,2493.71,1882.93
2110.53,1238.1,427.468,227.551
6797.13,1189.34,2409.17,1122.05
23423.6,3355.81,5446.61,5194.67
1045.01,-510.245,1739.3,1138.8
3391.69,309.732,1903.49,162.173
5169.76,7222.93,3156,308.801
8732.66,1891.39,2964.97,2205.04
1454.04,887.175,4412.64,340.477
4603.31,2751.46,3247.74,281.502
4126.72,4121.81,3435.99,236.344
17425.2,2119.62,1175.17,5722.19
19479.2,1563.88,6044.45,2958.7
6353.29,3325.12,1541.67,873.466
13810.8,3203.8,3276.57,1533.46
6788.56,4462.96,2245.7,710.751
28873.2,1795.94,2895.1,3284.03
5521.3,3387.98,2105.4,337.345
10535.5,2764.38,2553.04,2658.02
9728.26,970.217,985.628,2167.02
742.73,648.595,384.958,-117.416
8081.71,542.377,2750.44,1995.29
7185.26,1354.48,1676.87,1258.67
21330.3,1417.19,4084.67,1685.38
3131.25,3673.45,2007.12,34.8786
9457.93,-686.515,3023.2,2604.52
5671.35,2354.98,1485.43,1700.35
5524.37,4879.16,3259.8,345.9
12940,2844.76,3676.75,4202.23
6197.95,3224.34,3569.39,698.629
11881.8,1797.17,2893.58,2786.6
15396,-767.923,2854.96,3714.1
6445.35,3430.26,1860.52,949.11
17158.8,2096.31,5682.01,4861.85
1989.72,2859.64,1232.54,274.073
7599.83,2750.83,3330.9,3818.67
5441.93,968.452,2382.68,484.359
3736,4537.48,2365.37,-336.426
7586.8,2272.94,1675.66,3197.24
15625.6,4957.73,5277.99,313.65
13519.1,-20.7631,5959.04,-43.6051
4190.43,4287.14,1414.23,264.868
6200.42,2685.6,1651.93,226.675
12479.8,-303.72,2994.94,3596.33
6895.29,4049.9,4617.62,821.193
2353.4,4333.99,4038.18,133.146
2406.59,395.497,4015.46,342.782
7967.27,5239.08,2680.91,1273.69
9717.05,3439.94,3289.04,1713.52
3088.68,2518.63,1278.02,4.3728
1601.43,373.146,552.667,617.626
2773.55,1126.39,3429.53,605.737
4188.28,870.16,3489.79,413.204
22779.5,-638.01,2996.5,2199.58
3194.81,1262.17,1427.13,341.684
2084.95,850.281,1588.3,-251.113
2395.08,1402.7,349.84,266.829
10490.9,1539.8,2222.53,743.321
6077.28,5647.75,3120.05,868.102
8019.77,2008.84,1666.18,3124.47
3599.75,1166.45,1933.53,-158.014
11001.1,1581.71,7919.27,4121.17
10020.6,712.034,3434.84,5309.5
8784.66,306.404,2452.65,1769.35
12881.6,2839.18,3416.6,2011.73
3925.59,3908.92,4379.88,319.3
5683.24,2445.05,4286.64,3216.66
7676.52,1207.99,2809.79,955.67
7644.2,1760.53,2944,896.105
17747.8,2552.56,1808.46,2640.57
619.448,1063.07,4992.23,592.903
3375.13,2945.43,1962.18,377.101
9947.77,2625.71,4135.29,966.681
8598.3,1089.71,3212.26,802.272
9563.51,2415.09,4804.28,890.999
5130.06,4863.44,2277.4,340.476
11392.7,2584.79,2513.24,4326.19
3627.97,2696.34,1503.42,181.659
9058.94,1319.06,1024.91,1350.58
4346.31,4589.02,8105.3,1267.08
9485.89,1990.15,3241.56,699.565
599.813,902.559,-218.161,-28.2816
3638.3,2475.53,2138.2,157.142
11636.3,688.697,4443.43,3259.32
13869.3,8109.02,4619.93,841.146
11489.1,729.704,3226.48,863.359
2484.73,3227.65,1846.84,978.931
14462.3,4114.4,9030.24,1744.23
13606.8,2565.26,4535.97,3524.52
5886.66,2562.54,4960.07,241.323
3910.34,3699.87,2471.32,223.037
16374.1,2456.59,4634.18,2465.69
6644.01,1801.34,1691.81,758.472
7363.9,3300.2,3016.27,836.965
7944.7,-468.45,1784.88,6814.32
10983.2,1763.39,3547.17,3508.24
2580.21,-239.097,1172.16,-101.953
24948.4,13565.6,8430.03,4722.56
4435.39,3770.74,2195.78,138.177
7644.73,971.772,2173.36,701.723
7457.79,4900.17,3469.5,1643.83
3039.42,-332.04,771.389,241.527
3009.75,1519.69,1741.37,499.784
9045.35,1250.21,3409.28,1461.38
20346.4,3863.19,5736.62,2706.46
14581,1981.52,4328.29,1674.99
6963.53,1219.8,2836.95,760.901
22957.9,15544.1,4469.41,5455.67
20453.4,988.629,2996.08,5063.14
10925.8,2342.18,3930.81,510.658
11729.8,4706.13,4088.53,1281.79
9778.39,1547.59,1848.01,2572.02
2854.83,2165.83,1774.81,138.349
4129.52,2411.42,1820.73,375.938
16089.4,3553.27,5045.06,988.437
3525.87,7012.6,2031.09,695.634
10224.7,353.675,2950.21,1054.66
5001.92,1474.53,1412.48,617.844
4980.54,5484.35,3063.54,108.034
2228.24,-735.511,1565.04,-3.28494
1278.34,697.371,874.047,-65.8157
6964.08,3708.33,4008.54,16455.2
3202.58,2088.67,1511.39,66.8444
7131.67,4985.25,3510.96,65.754
5812.82,1584.23,1844.49,3266.53
2038.05,1075.54,1247.52,540.309
26878.2,3083.36,4203.14,4375.42
13187.6,1148.86,2885.71,347.427
8019.89,422.773,1463.24,3912.81
9281.38,15867.1,5692.7,1681.18
4751.47,533.358,3233.29,335.174
6065.45,3358.71,2142.42,1821.14
31635.2,4405.44,2420.63,5702.61
4738.5,658.268,2320.46,1481.26
13677.6,6092.35,5855.75,1165.75
2577.14,1105.76,1029.81,128.464
35382.8,21153.7,6118.25,2680.9
14260,6767.22,6652.83,1326.93
3347.2,-625.207,608.462,-448.075
14927.9,462.257,1145.81,887.952
2285.81,4152.32,1987.9,662.46
8119.73,3863.69,3059.02,838.1
3821.09,13447.1,3142.08,788.721
15033.4,810.347,2245.64,2913.12
10710.5,-680.605,2306.21,4787.71
10748.3,2184.92,4698.41,3248.84
3321.75,-347.664,1606.4,864.744
8275.46,1379.08,3697.08,1031.03
25221.7,2309.98,2475.17,2189.72
3191.43,1400.77,1886.86,-122.214
14741.4,3883.01,2997.16,1996.64
33162.7,2214.72,3177.87,1797.36
4779.11,3909.53,2983.48,501.357
3187.78,2475.26,1815.5,-154.435
11059.6,560.307,2187.58,3405.11
1408.34,-629.29,273.481,230.993
6672.4,-169.119,1908.15,231.854
22744.9,502.735,3415.95,6558.73
9156.91,1362.97,2463.79,2599.55
7548.83,3248.33,2841.46,471.476
8595.86,7883.3,4125.71,325.079
18619.1,3541.3,6532.96,1321.37
4302.53,9636.97,2442.27,864.181
5923.07,857.334,2891.34,506.921
8686.49,1481.5,3962.68,874.887
12496.1,2334.8,2399.41,825.106
1784.03,4433.68,1987.17,32.0615
3632.61,4886.3,1978.84,392.512
17317.1,718.805,3705.01,2581.03
6254.13,5963.43,3800.38,1987.77
3020.49,1943.84,1148.74,646.404
5406.03,1094.08,2169.92,562.373
7818.59,2034.8,4289.78,285.027
3216.62,1449.51,2316.45,7.77075
7878.42,4429.95,2551.68,-99.2229
6135.73,3298.71,3561.12,139.266
3624.01,55.431,4541.03,1374.26
7424.01,6842.93,4610.61,1247.68
5933.37,1501.62,2389.09,454.291
21720.4,4930.08,9962.58,2281.27
14514.2,552.669,2005.78,4369.4
2865.69,3196.92,2880.55,698.513
13534.2,3887.46,5935.35,685.977
5019.07,1479.43,3292.7,1293.92
2217.32,2876.17,1585.26,200.715
3641.59,1743.52,1943.9,403.937
12581.7,1577.6,2654.62,3986.81
3585.62,936.522,1444.39,-178.61
17516.2,11523.2,4038.35,1246.98
2116.47,3163.48,3642.94,317.441
9702.17,307.518,4250.65,864.864
7038.56,1462.89,3919.85,135.969
4527.4,1454.24,2226.47,376.922
16553.8,2500.81,3153.61,1835.86
23361.4,2660.48,5457.76,4109.48
14754.9,4732.85,5691.19,1245.06
9888.81,2923.41,4944.91,947.273
2700.76,661.401,1317.06,-127.836
2505.31,2884.08,456.976,925.837
6879.87,2003.88,2799.54,-21.956
1623.6,287.981,478.229,399.516
1010.97,31.3374,4649.19,1124.75
3516.03,2158.17,1395.29,779.595
16423.4,1601.61,1857.23,2651.97
11423.9,8756.63,5127.43,1099.49
1677.99,3147.42,1986.79,423.465
10559.4,17346.7,6274.72,1739.32
12365.1,1969.07,3285.75,1276.07
836.848,1648.96,563.044,-247.929
8176.68,4306.09,4355.96,715.157
4762.62,8122.17,2671.69,174.304
1119.58,2804.28,2392.92,-170.927
11803.2,439.594,2886.63,446.795
6050.79,368.685,1386.17,743.728
8465.32,2191.15,2150.36,789.56
11561.4,1836.92,4366.88,2238.85
7930.51,-660.207,2043.8,1531.52
12529.8,1723.94,3022.21,4458.3
11173.8,2954.71,2149.4,526.936
11922.9,2275.76,4592.91,519.269
7158.73,-172.759,4191.56,5235.71
7873.01,1616.27,3817.9,917.563
3570.07,1058.98,406.508,-82.6402
1700.9,2301.82,1900.78,186.952
10782.2,6457.85,3883.03,1566.65
6914.41,6444.97,2572.39,244.789
13506.2,2155.85,4720.19,554.601
9590.59,1709.14,4005.56,1706.43
9155.43,3922.05,2902.85,512.205
2102.35,-535.422,196.094,-104.573
16266.4,755.826,1800.98,982.305
9223.25,3294.68,2183.34,1557.56
1755.82,998.918,897.755,547.728
12026.9,2724.88,5162.29,854.275
16378.4,1374.51,3872.99,3801.75
9170.06,4533.36,3502.52,296.064
10831.8,4365.27,3854.92,1038.2
5435.75,1985.62,2556.88,685.269
1920.94,886.975,693.603,419.712
3219.72,-441.612,2114.32,-301.095
9451.44,4248.39,2003.57,1291.79
5620.45,1668.84,2902.22,4036.91
2463.42,3720.49,2000.63,760.442
6222.7,8764.93,3864.84,738.402
2572.1,1961.9,480.512,518.715
1762.49,1042.86,2995.52,746.265
6758.73,4640.01,2416.11,1465.52
13417.4,19897.1,1737.28,2852.43
14294.5,1495.31,5114.08,4443.99
8877.36,2335.41,3042.88,2554.45
16511.1,1035.82,3324.56,1649.67
6000.47,933.328,3006.94,446.77
6234.02,5022.84,5286.69,327.585
12383,1079.07,3820.15,642.419
14005.6,5946.02,8516.81,507.076
15724,1136.06,1822.93,1830.86
9038.17,-1549.9,4859.15,1378.86
2243.71,1394.05,2178.33,-321.173
9510.67,596.105,2704.32,2936.65
13450.3,3592.77,4249.1,3193.16
3208.88,2758.67,2253.77,425.729
15673.4,7683.52,6207.08,1728.62
10665.3,2308.59,3508.55,402.903
10601.6,4563.55,4623.59,260.405
17720.8,10789.9,12819.5,1700.69
12381.2,5399.77,3173.42,742.683
20601.9,4020.47,5781.16,4654.76
8881.8,3830.95,8793.44,1246
8261.55,2829.76,4281.26,890.562
10831.5,2085.02,3042.97,631.265
3770.54,4009.86,1970.21,228.544
4530.56,3135.78,2798.26,409.744
4752.87,1883.47,1966.3,54.383
3674.61,1531.46,2048.21,740.062
2536.64,1353.16,1159.14,472.698
7390.29,317.845,1514.69,3112.04
2730.11,2385.3,1204.5,-129.627
13933.1,5431.86,6553.55,1327
6467.62,4133.58,2596.82,1094.3
1587.89,2565.2,3679.46,384.809
4440.72,15015.2,3204.57,777.801
14464.2,4563.92,5167.36,2645.72
4320.81,4633.79,2018.61,-300.153
12358.7,1601.69,3424.78,3104.86
3796.65,388.049,2076,246.225
5320.1,2395.37,2067.52,1744.89
9002.83,2303.57,3169.48,1117.62
7804.65,2043.92,3730.67,615.904
9011.87,454.211,3311.24,3150.51
3229.74,4590.98,2959.72,1142.11
7806,1021.75,2561.46,3752.24
17362.8,1569.53,2116.16,4540.3
1701.72,2263.79,723.074,-257.044
3292.71,1204.9,572.222,93.6739
11302.3,2508.01,3823.26,5676.28
14890,596.753,3097.69,2564.38
4406.24,1145.08,2597.5,474.348
9010.56,1923.51,3460.82,528.348
6652.58,797.688,2668.45,313.184
10579.9,9794.86,4800.99,1194.81
7965.65,5098.56,4404.52,537.458
21715.4,1473.55,2517.6,1608.41
4707.55,1445.27,2225.93,204.586
13704.6,6691.25,3028.79,936.304
2885.61,1401.14,2488.22,594.597
46646.5,13263.9,6722.62,3747.13
16599.7,1839.1,2671.71,980.922
13602.7,1629.35,4772.55,1093.57
5157.72,3640.14,2543.58,778.451
2840.77,835.933,2143.87,100.684
7751.16,7462.64,2340.37,394.31
3828.9,1513.63,3483.77,1087.12
5687.65,1678.3,1970.85,691.556
23730.2,1655.75,1871.36,5908.54
4957.69,3222.34,1513.81,439.324
5152.75,1295.79,2954.93,154.819
14494.4,5647.37,2883.92,14142
12371,1595.2,1606.51,3000.95
4361.79,4925.93,3301.95,578.309
6147.34,8876.18,1602.13,1243.02
34656.3,1257.68,4461.67,9407.47
9858.62,2155.95,3669.16,1392.36
3044.98,3218.33,1804.85,343.221
7726.56,1024.92,1902.32,1017.09
4473.37,2766.09,1811.27,166.831
22317.2,3124.74,3582.49,2100.1
8128.18,6440.16,3727.82,660.218
3098.67,755.77,1746.61,613.28
10224.1,862.388,2741.19,5532.01
7464.36,14939.8,4509.68,847.221
6742.76,1217.55,2159.74,-142.639
11594.3,966.832,2265.67,2336.48
12552.2,2355.96,2353.48,2467.03
2051.27,1676.43,594.436,250.342
5395.48,1750.87,2838.99,125.209
7850.1,4162.58,4903.3,310.713
25080.2,4916.77,2852.54,4413.46
5285.27,4277.06,2996.39,1089.02
7273.46,2571.34,2175.32,1487.8
4013.96,4139.44,1389.52,726.816
5606.96,1105.06,1690.11,-234.719
10703,2189.11,4235.46,488.791
17091.9,4153.96,3835.33,1027.27
4134.59,2136.82,2089.85,703.771
23388.3,2806.35,3496.87,8756.42
8289.9,3314.48,2595.68,-18.9114
8295.42,2995.67,3346.89,287.38
15173.5,6194.74,8898.65,1311.19
5293.13,6805.96,3335.55,506.443
1405.02,169.524,442.495,1064.55
14125.2,8410.42,5540.94,1710.59
7179.62,1236.86,2956.93,661.269
35208.8,12603.1,12180.2,2242.22
4232.72,6246.37,3197.12,959.101
20546.2,2955.9,3753.43,3886.16
22466.7,12193.9,7751.46,3727.25
7222.35,1473.93,1949.05,932.867
8527,2846.97,4070.03,1388.01
3989.5,4067.65,2441.57,244.596
15927,7657.82,6051.82,1539.55
1063.31,2245.67,1895.05,70.3311
18916.3,113.708,2826.77,1633.59
2652.65,4042.53,1915.5,642.338
3860.23,-648.558,1778.08,332.53
3349.96,2918.95,992.945,395.446
1299.14,801.973,1737.05,386.8
7226.54,6319.34,3055.39,360.685
6924.56,1074.99,2080,1906.48
10246.6,697.848,2109.2,268.557
6117.23,5899.59,888.352,-91.6022
11834.2,897.635,3596.64,4836.86
3754.01,1969.7,1217.41,731.846
2013.07,2362.15,6453.35,481.569
26330.3,14177.9,12918.5,2339.69
3355.04,4448.08,1175.65,551.564
13802.2,1602.34,3877.8,6554.47
7550.58,2417.73,4059.49,-340.815
1756.32,553.559,173.062,-211.45
8707.77,2729.26,2901.66,811.373
14033.4,2791.82,3454.07,829.233
33577.7,6424.31,2957.58,7547.68
6120.77,922.008,2042.69,1509.15
2271.51,544.663,112.683,368.924
25354.1,1434.81,3854.13,4971.63
9541.82,8612.97,6312.02,1237.84
16252.7,2178.04,4736.78,2190.02
10296.9,305.542,3385.17,6621.31
4597.56,2725.61,2016.13,1023.99
12832.6,4247.93,4901.35,291.665
36628.4,5072.15,3694.65,2929.2
13293.4,5086.1,2046.05,2839.48
23144.4,-637.923,3191.92,4039.93
11536.7,1617.71,3316.25,2513.07
12377.4,2182.15,2137.5,493.616
12320.4,127.977,3580.99,4019.8
6941.25,1937,2922.83,845.193
15895,791.944,2092.71,466.809
11788.9,5286.85,3811.07,502.385
35073.3,1634.49,2936.96,5092.13
5565.94,1730.61,2968.52,667.86
17105.6,5387.98,2831.87,2819.65
85259.5,13683.8,6986.63,489.902
3603.47,10938.3,2806.28,653.225
3599.98,4134.39,2125.5,633.1
6993.83,4559.06,2825.79,672.725
5259.99,1612.35,3025.3,620.054
1019.08,1985.78,1493.16,107.963
5097.27,3299.79,1839.63,-124.198
8716.93,1402.51,2397.11,3739.12
5368.28,5568.73,3126.96,702.042
11190.9,3558.78,4440.35,605.57
7345.14,1873.57,2626.05,463.418
16674.4,6176.37,15021.8,1396.37
6380.98,1317.54,3934.42,4880.07
12041.1,3153.01,4535.8,3537.48
1536.63,5634.6,1890.05,589.73
11681.9,1583.97,3144.12,2760.47
19427.6,23222.6,5075.92,4163.39
5247.55,2652.65,3153.37,162.289
10360.9,309.252,4381,1007.07
9747.5,13028.2,5930.01,159.196
39144.9,16763.5,8282.33,3058.97
20426.5,9445.49,3264.05,2850.52
23616,2290.68,7590.81,2858.8
2686.1,73039.6,3361.75,1590.09
5881.14,3001.21,2622.13,321.71
15668.2,1592.33,4392.05,5383.47
9298.7,1927.91,1669.39,2060.15
875.584,-173.287,691.657,-228.475
7901.5,2558.18,846.094,2019.5
13620.6,5553.05,9809.72,1020.47
5266.74,3264.41,2343.12,295.028
4502.82,1690.49,1911.73,256.493
2871.51,3310.3,3468.38,355.808
5775.32,1603.61,2285.57,177.365
2766.11,10554.7,3867.35,1108.87
1253.54,354.093,2932.7,33.4761
2908.22,1694.56,2038.5,206.52
1665.29,322.653,16.8366,134.695
7839.79,1432.75,2158.76,370.556
5697.86,5039.59,3013.01,565.212
5541.13,-45.3418,2382.5,1279.1
23444.5,4717.11,7919.9,3552.11
6951.97,1822.37,3177.25,461.066
1991.23,4012.94,1641.44,315.247
10097,424.099,3029.43,1595.78
4768.56,10984.7,4078.47,110.305
5389.16,7548.35,2722.91,380.18
15500.3,4308,2091.31,3510.44
25189.8,2261.8,3211.93,6493.29
25447.4,1592.87,3763.71,5670.23
4495.74,5441.09,2005.61,59.791
22617,1328.25,8089.99,2102.75
6503.19,1097.55,3998.8,1028.83
500.172,-79.9407,293.28,-481.664
7382.72,3817.38,4210.26,158.172
3763.72,3565.01,1870.61,346.243
8232.61,13263.4,2068.13,1174.56
8592.28,1717.23,3418.63,2587.41
6621.83,5107.94,2744.64,597.502
7858.72,1255.75,1841.67,1355.18
9230.28,2928.75,3259.79,3428.62
12878,11561.1,6546.55,1783.96
11485,1453.85,2597.73,4105.2
3020.98,2362.46,437.386,225.41
2156.47,580.916,794.109,172.393
6876.11,-1725.88,1051.26,2470.95
5351.32,1945.63,2300.38,619.756
6950.9,8922.81,857.151,116.725
8479.18,1708.06,4137.23,3182.89
11278.4,-2.50458,1758.46,2666.19
5144.23,1518.88,1537.56,1348.76
4111.98,6184.53,2816.78,-121.969
9158.49,3357.06,3540.39,1629.23
4090.57,896.22,941.559,-222.26
9821.93,3435.02,3417.66,650.868
10496,3550.15,3650.15,1209.11
7924.76,10420.8,3397.73,768.695
24072.1,2521.81,2754.77,2250.77
17676.4,990.673,6751.79,5363.07
3322.62,2075.41,1880.76,763.182
10496.3,659.741,3448.99,3617.16
11396.4,1415.89,2204.34,2705.92
14920.1,-483.144,2138.59,2880.83
14239.9,3111.34,2455.81,3739.29
4043.66,3769.32,846.845,-104.454
5104.25,2096.08,1111.91,-223.547
4428.11,2924.66,2866.42,820.536
13570.1,5199.04,4102.65,978.312
8981.42,463.432,2498.9,3616.79
1583.17,2159.12,218.12,-365.788
11157.6,2606.82,2284.75,3667.81
10180.4,2236.7,3437.32,1546.33
1682.02,1345.38,1927.3,312.354
5576.44,-210.276,2271.4,3102.55
14526.6,4504.2,7208.68,455.249
33357.5,5594.24,5219.99,5371.17
9745.59,4382.91,1498.58,1603.66
2881,4380.57,4447.17,633.477
66758,53392.2,10752,6383.06
16900.4,6709.84,2917.67,2683.32
8387.78,1081.23,3866.59,994.569
6822.09,1634.16,1661.44,1605.52
18656.2,15196.4,3989.5,1670.14
2591.79,1159.15,944.796,217.513
4498.92,2377.56,2891.84,414.643
33977.9,2823.69,3612.32,6852.05
2957.2,2517.65,2342.31,-316.924
3103.47,1117.31,1917.14,242.332
3439.25,938.972,675.821,-129.413
8735.4,585.493,1729.57,3886.26
5656.35,10722.3,3725.94,296.262
7206.46,3032.53,4084.41,611.08
45260,12354.6,9749.65,3351.43
12346,1619.04,3394.02,4080.68
3660.13,3883.34,3847.11,63.5975
3623.6,4300.89,3372.56,777.614
6420.86,603.455,2372.03,734.014
11046.4,354.185,3355.13,3335.65
23857.6,8429.88,3079.52,3820.26
1848.92,1211.3,2367.02,753.215
8690.69,2168.18,2308.79,462.798
7284.7,9503.73,4100.27,289.212
13436,10072.5,4556.83,770.869
6552.01,3448.23,2981.68,375.018
999.47,964.389,4868.11,762.036
6370.35,644.779,4018.74,680.084
12652.9,2280.28,2513.49,1235.52
3559.2,746.615,1634.53,243.701
33732.6,7183.59,4102.69,8865.5
19552.9,2104.79,2162.48,4021.89
2339.78,-928.429,383.436,22.4963
6993.22,580.742,1657.57,352.035
6641.28,977.3,1592.67,404.771
21187.6,0.432678,6083.22,4146.71
2029.93,1481.11,1062.85,-8.47568
4349.29,1173.06,1843.53,-131.502
5022.13,2297.84,1754.16,-33.9262
3003.49,1340.26,635.038,226.382
14825.9,3483.67,5849.16,1317.09
6492.63,145.775,2562.92,1124.51
6927.2,1421.74,3146.32,31.1238
9706.63,759.777,3680.15,1423.7
20403.3,2675.4,3134.18,3362.1
10231.4,986.069,2721.59,3717.49
3812.7,-388.557,2850.43,2744.83
6098.38,571.029,2375.4,570.818
8108.03,1230.69,3744.47,1259.71
3308.51,698.79,2411.66,1310.04
17668.8,-1217.77,2699.74,1735.95
8207.7,559.306,3133.77,2047.62
7751.74,411.748,1886.46,2426.54
4467.72,3773.61,2231.27,1365.27
5770.8,829.712,4665.51,4549.93
5933.48,2850.05,2244.96,400.856
10663.1,7703.54,4464.44,1185.33
8843.39,3963.48,7278.18,226.281
1561.73,529.635,562.699,1547.44
1759.32,2740.37,1663.79,137.722
13922.4,-158.092,3180.29,3566.13
14879.3,3912.41,1494.72,1737.78
21310.5,28816.9,5455.58,4445.39
6607.63,5486.4,4418.15,865.319
17218.4,23999.5,8716.11,1639.54
24537.9,1143.48,2778.55,4355.26
15511.8,1668.48,3210.03,4784.67
23642.6,5775.3,2027.11,3612.67
12889.9,2710.08,5749.62,2457.85
22828.2,7567.8,4764.51,5085.66
9145.31,2901.16,4306.75,745.991
6147.16,9175.77,4330.83,235.048
11677,2265.95,2683.92,3013.91
309.205,294.868,294.332,-365.4
17446.6,1759.91,3428.8,2001.38
3476.92,5654.42,1491.67,324.305
4816.17,2312.24,1778.41,425.579
9022.9,140.193,1224.47,843.609
16512.6,3396.23,6204.55,656.721
13061.9,2237.76,3742.22,3110.52
4944.47,5969.74,3368.08,1290.63
2740.42,11461.8,1703.47,203.394
33905.5,2399.75,3996.84,3536.09
9122.61,3026.04,3256.3,996.91
16138.8,7633.54,2328.78,1471.57
1882.24,783.491,2612.29,880.648
11228.8,17933.7,5493.19,1915.04
20616.3,1168.61,3489.18,5205.55
6010.52,2397.9,2087.42,1067.18
20893.6,961.371,2646.98,3260.93
9909.59,1463.57,1976.62,2458.54
4073.98,4784.05,2172.21,-583.84
1312.29,3198.61,3659.52,1398.36
6818.82,191.187,2893.78,1066.51
5340.38,8443.46,5154.65,945.169
5185.65,2050.22,2558.9,99.6131
36948.7,3709.34,6444.31,5751.14
10397.9,3351.33,3444.24,1927.33
5430.72,444.619,2004.4,-147.877
7117.78,140.246,3521.74,543.855
9674.17,3839.77,4793.89,1389.28
3892.33,-662.296,2124.66,137.184
14882.7,1924.78,2424.91,3047.8
21672.8,2600.32,5349.57,4201.19
8789.08,1061.54,2757.28,3281.17
3124.51,736.245,1495.74,-180.044
1247.73,407.086,1703.68,392.098
2979.3,2472.7,2892.94,-109.191
10086.3,4422.45,3831.34,837.281
7445.85,1496.85,1827.56,371.349
19754.5,6792.89,2734.7,6101.97
8423.21,873.042,2101.23,3129.63
2478.09,3144.82,625.804,197.751
9776.46,84.8988,1780.67,2946.78
10427.3,256.425,2657.81,1684.86
7742.1,872.7,2406.25,892.243
3741.98,1927.1,1524.67,-61.2487
14416.1,3412.25,6122.92,365.674
8814.38,9267.43,3625.19,949.085
8988.53,4033.49,3710.84,4319.55
13399.5,3600.86,3953.12,816.341
1123.03,836.618,581.914,-339.163
10555.4,1253.07,3368.9,1779.86
14626.2,-164.743,2570.27,1591.16
9002.59,773.138,2523.08,1903.18
11749.4,2390.11,2450.64,2290
6912.59,2735.11,2721.91,439.617
23042,-695.213,3936.22,4104.05
2029.86,1353.66,965.046,249.945
14275,4251.13,7357.55,578.279
12781,467,3851.87,4402.88
5642.19,1030.76,2199.03,-45.1259
1297.74,2074.6,819.459,841.39
11232.6,2065.32,2832.11,4656.96
14522.7,1708.57,3481.2,1206.93
4032.73,1783.37,1564,114.886
7334.98,-3.11676,2768.72,750.981
4822.3,2909.38,3489.44,-42.3176
7247.86,-41.8437,3442.39,700.033
25320.4,2053.21,3250.08,3496.06
2143.54,1686.72,493.269,242.984
12163,3984.54,2629.44,4480.34
15682.7,2761.55,3656.43,404.016
8601.41,4339.54,2473.94,900.289
8031.5,5604.23,3298.63,40.7576
9019.6,4427.24,4243.06,2032.94
22705.7,3172.72,3199.96,5448.15
3395.82,2907.26,330.851,238.821
13440.8,6396.59,3536.72,1364.95
18508.6,5125,3924.99,1090.09
4787.44,4152.98,3450.12,508.604
9384.29,2438.89,4223.52,4240.73
9438.14,298.967,3029.17,609.167
3329.39,-562.182,1037.99,201.526
959.005,1211.71,830.432,48.0634
2641.37,4066.64,2441.56,536.408
8244.26,2141.31,3261.86,2791.41
13560.1,5261.54,5074.09,1120.14
4953.27,10465.6,2543.95,1162.11
11487.4,1265.17,3118.5,3398.68
8122.56,13167.7,6142.37,1640.18
9329.2,-242.205,1599.53,2648.14
19057.9,-307.409,4578.21,3090.19
12946.7,1327.57,3698.43,1707.48
5993.14,1853.64,1597.8,661.483
9549.45,1713.48,2175.27,1384.54
2533.09,2614.39,444.639,-133.412
1556.38,1063.13,332.058,352.43
9836.22,-361.321,4096.48,2446.04
6160.62,4510.72,3486.54,374.911
2623.93,313.967,1223.87,98.5501
33686.9,2799.87,2197.7,10896.9
9948.54,940.645,2569.63,5340.94
11156.2,2662.66,2934.61,3880.59
5949.98,2309.09,1883.35,800.858
14311,5617.24,4444.8,546.614
9845.06,658.702,3232.03,1679.31
4164.44,1256.72,3158.37,1896.4
13656.3,7.46631,4075.17,5274.2
5071.06,3958.89,2699.96,731.782
6527.49,3571.91,3583.87,2411.52
6832.33,1727.02,3269.07,517.345
10787,-58.3641,2419.75,7498.84
9744.98,3944.54,2577.23,820.408
10624.6,319.667,2457.25,2690.24
22200.5,1013.29,3621.28,3998.71
15156.9,92.0322,4088.57,3684.72
29138.3,2141.82,3464.32,4736.5
10401.6,-180.182,1976.21,2279.84
7916.81,6815.15,4055.17,940.715
20820.4,2607.63,3202.54,3119.26
4469.78,1792.89,2949.67,100.431
3998.4,169.44,1465.47,771.585
3265.33,2242.33,1561.75,298.409
1729.4,-126.609,268.973,46.9352
1823.56,651.942,1656.46,374.241
2769.26,3773.69,2774.59,95.7983
44074.2,3664.5,3494.55,2974.07
2183.94,2112.71,1025.85,100.998
9711.37,2269.22,6193.14,519.672
23404,7959.71,13804.4,6483.72
2287.05,1310.54,2294.9,60.2633
2357.51,307.22,380.8,666.428
2802.86,3333.09,2251.95,123.373
11509.5,1799.89,5081.48,406.553
10659.6,2848.06,6244.67,457.642
24598.8,2022.13,5540.19,9145.23
2415.6,4053.68,897.727,636.802
23740.1,12784.7,4697.16,2832.32
8900.21,-498.562,3274.49,1437.59
3704.34,5108.39,2170.69,-166.807
1890.42,4410.75,803.546,-78.9663
13428.9,1516.8,2618.55,3668.85
6870.52,9714.45,5192.85,1005.09
1086.51,1328.42,709.919,0.109375
12319.9,7339.32,2515.55,1307.16
15031.4,3364.51,2991.81,969.969
6501.66,1781.01,2050.85,97.7867
9564.4,1774.99,3197.35,1535.53
3345.68,1289.64,2176.58,1261.35
31587.1,2163.04,4159.47,3934.69
4090.55,1802.14,2038.9,174.396
12633.9,1258.03,4986.47,3535.34
3256.03,661.311,2070.48,1035.12
2774.05,5646.05,2043.76,642.017
7461.02,1900.93,2794.84,3043.29
3150.91,1915.69,1787.79,96.9779
5509.6,3177.91,3349.36,-46.6546
1625.69,329.335,2560.29,-170.82
4830.5,3606.79,3151.19,404.646
11193.1,1829.38,2686.65,4098.39
12238.1,491.887,3074.91,3497.57
8336.84,1930.92,3005.48,342.499
8988.79,1128.63,5256.69,1042.73
4903.95,4823.85,2754.1,849.715
5732.7,4445.39,2096.08,810.511
3151.8,2877.61,1050.42,800.882
9810.26,6454.13,4865.4,1005.91
13606.4,315.804,3331.14,1465.84
17309.7,325.262,3101.4,3819.5
10599.2,5128.85,3843.81,1177.09
19022.5,354.608,4790.59,3603.78
12253.6,821.515,2437.97,3520.9
5534.22,5571.06,2843.63,477.681
7312.84,3037.12,3141.42,1441.52
11022.5,3103.48,3613.77,339.029
7882.68,3133.78,2520.25,376.376
5690.15,4823.28,3200.31,582.786
5470.62,1358.6,2589.11,193.456
16112.2,972.94,2420.94,3334.49
3555.9,956.81,2135.05,587.906
1787.09,3964.65,987.325,274.666
6459.3,2809.89,4003.71,192.486
3205.84,5408.59,1580.3,7.45322
18906.3,7178.02,8612.86,2224.36
9104.08,3498.28,3144.13,2514.04
9494.14,1025.65,1984.01,2514.6
4868.73,8712.48,3568.99,272.129
9287.18,188.889,2130.76,1680.6
1144.43,403.9,580.634,247.735
2502.49,3019.58,2052.35,459.813
12940.1,1893.23,2635.39,4238.34
4293.16,7566.75,3051.8,757.013
4455.49,624.838,1740.1,390.034
9176.44,1050.23,2304.74,5932.72
14212.2,596.63,4576.21,4017.5
3762.27,2803.65,1650.53,400.484
22878.7,1919.67,3460.86,5954.17
5570.96,5191.97,4806.69,359.668
2263.73,3206.84,1232.99,-103.394
1698.79,960.552,466.875,-38.8272
1224.77,-183.37,-32.9711,268.907
17075.7,4254.58,2813.78,1309.23
2672.35,792.559,722.699,-379.598
1494.26,3158.82,702.221,512.123
43935.3,19725,9956.22,3528.9
26375.5,9085.06,9644.09,5306.88
5270.48,1689.7,4369.31,190.028
5313.95,3744.53,2379.01,685.69
1009.1,832.394,437.144,36.5566
18327.7,2202.94,3377.26,5423.51
24768.4,546.176,3388.56,3107.72
15722.1,2881.79,2594.66,3550.28
4144.74,1357.88,1881.04,314.524
3236.57,2554.09,1558.33,465.708
8980.27,1143.59,1244.27,1145.44
3711.85,2320.39,1468.54,254.776
22396.8,1984.63,4671.18,2441.55
8453.79,685.832,1788.94,1559.47
8357.74,391.519,2944.75,1926.62
3431.38,2044.28,348.598,289.417
9878.21,1146.42,3841.76,1503.07
5221.01,-102.115,2537.45,100.095
15388.1,1335.25,2646.37,4329.33
4258.19,2324.3,2394.93,356.425
4088.61,1871.49,4075.91,637.736
26173.8,4234.75,6311.66,2150.5
2209.14,5435.9,2365.68,691.485
2772.08,4045.9,2231.45,649.469
11936.6,598.408,6599.58,1770.01
10056,6722.06,5378.62,1082.53
1592.59,1146.18,300.994,2158.86
3554.96,5198.88,2760.1,-275.432
3870.98,2106.44,1850.1,71.3271
14432.3,881.407,3974.27,1468.28
41870.4,23621.1,8579.36,3012.37
3341.04,3042.2,4980.6,630.172
10394.6,3941.93,1901.45,3124.05
6066.15,3268.5,3561.27,366.076
9427.33,-1310.16,3715.29,2366.9
2044.78,-807.083,627.237,26.0939
1924.94,2636.63,875.418,334.126
7868.89,487.947,1736.09,1909.58
33851.9,20324.7,5566.42,6106.12
6720.45,1630.89,2924.07,835.263
11685.3,5972.31,6397.64,1097.12
9390.16,6574.54,4021.88,919.498
31598.6,3644.72,3618.48,3097.32
13128.2,1261.05,2483.41,977.987
15300.6,9744.5,3428.35,863.147
2396.2,-166.79,1313.49,251.639
8331.43,3313.9,4194.4,1565.84
15016.8,3340.16,5160.93,1627.38
4372.23,3827.73,1971.98,-29.877
5074.41,4363.38,2992.75,1021.99
8179.22,2003.97,4348.99,648.137
4999.44,2486.67,3052.1,503.012
2554.17,1884.8,858.604,-20.6654
5124.77,2365.19,3167.24,931.474
3872.84,1811.16,1487.79,585.711
12967.6,-291.532,1185.42,2078.03
6725.69,16970.9,2571.67,2455.33
7913.61,247.481,2486.2,824.077
8134.48,1919.33,1309.59,3337.94
3229.16,220.621,1947.41,537.96
7937.53,12794.8,2396.52,147.521
10607,97.9802,4503.25,1061.87
10040.3,7073.05,4810.37,297.529
8876.5,3363.97,2903.31,937.541
10270.8,2288.99,3205.32,556.336
10404.5,3206.49,2767.46,659.13
3813.78,4061.64,1527.16,94.7953
8858.64,6973.23,4252.36,1554.33
13947.9,1788.4,4030.09,2570.11
11293.2,4441.08,2694.79,5567.73
4322.16,6194.57,3070.1,351.5
29496.9,494.725,4750.31,3783.22
19522.6,2263.05,2315.95,1688.13
8835.79,1727.96,1391.23,1280.53
4156.04,8628.55,3408.4,70.2821
11069.1,2481.35,1848.96,2220.08
8100.78,3877.71,3285.75,568.367
14804,2111.88,3026.03,1517.17
5974.86,3936.88,4096.76,-15.2155
2277.9,4016.94,898.198,-96.7589
5212.75,2087.96,2122.53,-49.4371
2336.27,3249.32,789.881,21.4117
6994.59,2004.84,3810.79,3503.06
10019.8,1609.22,3196.35,405.615
14005.8,2530.52,3517.46,197.141
42560.4,5668.33,9868.7,3819.67
1953.84,2952.27,1544.41,529.382
9933.34,6102.88,3274.88,475.54
4743.25,3865.57,2269.64,1389.56
9259.12,-13.5747,1966.11,3236.2
5502.62,4320.11,2450.76,497.655
2250.77,1340.31,1101.73,-362.288
38368.4,4087.73,2961.08,9465.58
15790.7,3470.48,4933.35,5367.39
3396.51,3868.29,2288.93,455.917
35943.8,17811.4,12212.7,5891
3009.86,4318.36,1282.47,264.766
9475.12,2505.92,1625.07,2195.67
2365.16,2036.39,732.775,-5.06827
2655.12,1958.75,1020.8,665.792
12261.8,1131.68,2718.95,3548.03
8733.49,2667.09,2410.8,459.533
1700.35,1951.66,1132.15,-546.185
10666.8,4133.87,7020.12,550.452
10743.7,3526.9,3612.71,418.005
3862.86,2087.8,2585.11,-504.364
14095.5,4084.51,6093.29,1591.28
13848.2,3472.48,2819.31,1389.6
8465.74,1593.27,1451.6,2293.5
11181.9,1453.94,4868.72,1459.57
3818.86,1313.19,2503.34,137.195
6240.67,177.374,1498.64,2728.41
31781.7,43908.1,17219.2,1922.65
4061.99,1990.59,5094.7,1275.52
11537.8,699.12,5296.64,2596
12386.4,760.394,1436.59,3057.74
8936.67,1896.6,1296.17,2388.51
8559.51,1686.2,1647.76,4528.65
4543.26,7743.75,3740.56,344.885
18647,598.469,3857.74,4438.35
11974.7,4837.64,4149.53,2761.38
4273.88,1675.48,1343.41,-135.306
20436.5,2951.45,6842.34,3825.34
12477.2,9997.2,4386.92,1828.08
4815.08,1096.09,2510.64,-182.993
5431.05,4600.66,6386.18,3800.34
6427.39,4740.88,4326.02,945.354
10364.3,7617.5,3077.37,183.94
14004.7,5883.97,3984.12,12456.3
16574,48.1496,1531.65,2232.23
2695.88,2236.77,2352.68,1049.93
8587.79,3228.68,2983.53,87.709
8483.83,1961.58,3574.92,693.259
10560.2,4884.75,3093.47,378.305
12456.3,3637.3,3220.95,1144.14
7940.08,2587.61,3210.4,310.989
30501.4,4645.79,3186.4,6776.67
6182.3,5449.1,4536.73,1139.28
3214.32,3481.29,1218.36,-141.38
2912.7,1386.3,1806.35,-16.2214
2169.35,835.859,776.698,112.094
6936.1,3757.61,2398.44,694.093
1682.19,562.957,1251.92,257.195
5567.51,3404.38,2220.67,147.919
6006.97,230.588,4023.94,6020.73
10519.5,13721.8,4925.55,953.991
2164.98,-388.73,235.767,52.5282
2988.63,814.088,1494.5,207.425
34510.3,2657.62,4356.1,2186.25
9334.55,2340.89,5371.17,1619.53
8261.21,5050.78,3531.06,674.872
8020.01,4563.97,3358.28,501.036
10205.7,2924.42,3334.63,3735.92
8982.66,4813.26,4132.43,146.86
8305.49,2868.52,3273.9,-248.956
12901.1,3835.3,4382.56,1266.79
4362.29,1223.89,2663.49,340.194
5123.37,4350.23,2417.21,410.49
4780.89,1511.21,1978.29,340.802
37194.6,11605.4,11533.5,4714.33
6375.26,4129.42,2520.93,587.656
8402.72,676.686,5592.25,841.737
5163.98,5073.93,1409.45,384.741
6430.39,1194.93,1286.65,172.376
6023.28,4458.67,2965.91,42.2294
1936.2,3541.89,2061.76,282.818
2704.79,1813.4,978.095,-3.28601
3638.93,1713.9,1493.53,10.1272
24576.7,5633.6,7981.11,2212.41
2473.47,5457.15,3294.45,58.5463
2805.18,2538.77,663.491,483.406
3192.78,3303.49,2013.25,711.099
3872.57,5092.75,2060.17,504.378
22168.2,1365.02,6407.96,3348.01
3349.86,1704.46,1978.67,536.737
1141.37,2111.68,972.179,3.98776
4520.53,2749.45,2496.13,359.304
5552.97,5015.95,3043.7,395.615
9407.33,2237.25,3084.36,1311.03
39012.6,4699.5,5897.91,3380.31
10419,3737.32,6081.33,667.881
6638.2,8257.64,4002.24,298.121
4482.06,3756.29,2355.62,374.539
6737.66,4633.24,3301.11,449.099
13743.1,5206.18,3428.45,1713.59
9694.88,2416.32,3235.65,827.624
2201.62,1279.39,1157.27,802.629
25146.8,2340.86,4581.82,3388.46
3345.32,5145.76,1938.92,417.017
6520.56,4147.35,2684.41,514.854
13363.6,342.697,1605.3,2019.36
1856.36,2445.15,1590.12,307.032
10171.3,2389.47,3330.08,490.902
8006.33,-5.79019,1862.73,2613.08
14422.7,3633.2,1439.99,2432.09
6616.96,2193.05,3320.28,284.657
4816.02,732.758,1238.66,1888.31
4189.09,4172.52,2633.79,-12.8241
2651.03,3449.12,1743.93,-117.223
12954.5,2543.08,1184.33,3782.65
29016.5,6738.82,3609.39,1882.02
11009.4,6558.26,6538.24,1084.03
15534.2,2656.88,3769.55,3179.43
19614.4,685.372,3475.2,3452.5
7318.19,1747.41,3165.11,347.561
9913.99,5770.61,4405.53,3014.72
8621.11,2885.93,3327.83,1084.79
3962.9,4659.32,2515.39,238.908
9262.49,649.104,1766.11,2938.07
3828.76,4264.31,1736.59,631.637
11099.3,1829.29,3036.08,-31.4597
9795.31,1575.74,2374.74,365.58
1664.83,62.7423,634.553,140.901
7833.49,-394.427,2933.2,711.962